Workbook

Sheet 우리 기수 전체 일정
A1: ✿ 지투실전 28기 15조 with 뽀오뇨 튜터님 ✿
A2: 첫 "일요일" 날짜 | B2: 46103 | G2: 실전반 가이드 | H2: 실전반 과제시트
A4: 요일 | B4: 일 (SUN) | C4: 월(MON) | D4: 화(TUE) | E4: 수(WED) | F4: 목(THU) | G4: 금(FRI) | H4: 토(SAT)
A5: 날짜 | B5: =B2 -> 46103 | C5: =B5+1 -> 46104 | D5: =C5+1 -> 46105 | E5: =D5+1 -> 46106 | F5: =E5+1 -> 46107 | G5: =F5+1 -> 46108 | H5: =G5+1 -> 46109
A6: 주요 일정 | F6: 1강 오프라인 강의 | G6: 지투실전 전체 OT
A10: 날짜 | B10: =B5+7 -> 46110 | C10: =B10+1 -> 46111 | D10: =C10+1 -> 46112 | E10: =D10+1 -> 46113 | F10: =E10+1 -> 46114 | G10: =F10+1 -> 46115 | H10: =G10+1 -> 46116
A11: 주요 일정 | C11: 개강 / 1강 온라인 업로드 | D11: 조 OT | F11: 2강 오프라인 강의 | H11: 튜터님과 1on1 (20min)
A12: ♥오늘의 주인공♥ | E12: MZ | F12: 로에 | G12: 가히
A13: 전임 당번 | E13: 야자수그늘, 가히 | F13: MZ, 라니 | G13: 학생,로에
A14: 전임 단지 | E14: 신흥SKVIEW, 이스트시티1 | F14: 리더스시티4BL 힐스테이트가양더와이즈 | G14: 리더스시티5BL 은어송하늘채리버뷰
A15: 날짜 | B15: =B10+7 -> 46117 | C15: =B15+1 -> 46118 | D15: =C15+1 -> 46119 | E15: =D15+1 -> 46120 | F15: =E15+1 -> 46121 | G15: =F15+1 -> 46122 | H15: =G15+1 -> 46123
A16: 주요 일정 | B16: 1강 후기 마감 | C16: 2강 온라인 업로드 | F16: 사임 마감 | H16: 튜터링데이 오전9시~
A17: ♥오늘의 주인공♥ | C17: 야자수그늘 | D17: 라니 | E17: 학생 | F17: 굿데이 | G17: 케빈D
A18: 전임 당번 | C18: 케빈D, 굿데이3,MZ | D18: 아르떼,가히,학생 | E18: 로에,야자수그늘,굿데이3 | F18: 라니,MZ | G18: 굿데이3,학생,아르떼
A19: 전임 단지 | C19: e편한세상대전에코포레 새들뫼휴먼시아1단지 아침LH | D19: 한밭자이 고운하이플러스 대주파크빌 | E19: 가오주공 은어송1단지풍림아이원 은어송5단지우미린 | F19: 은어송3단지아이파크 남월제이오투그란데 | G19: 삼익세라믹 은어송6단지풍림아이원 남대전이편한세상
A20: 날짜 | B20: =B15+7 -> 46124 | C20: =B20+1 -> 46125 | D20: =C20+1 -> 46126 | E20: =D20+1 -> 46127 | F20: =E20+1 -> 46128 | G20: =F20+1 -> 46129 | H20: =G20+1 -> 46130
A21: 주요 일정 | B21: 튜데2일차/ 2강 후기 마감 | F21: 4강 오프라인 강의 | G21: 중임 마감 | H21: 튜터님과 1on1 (20min)
A22: ♥오늘의 주인공♥ | C22: 아르떼 | D22: MZ | E22: 가히 | F22: 로에 | G22: 야자수그늘
A23: 전임 당번 | C23: 가히,케빈D,로에 | D23: 야자수그늘,아르떼, 라니 | E23: MZ,로에 | F23: 학생,라니,야자수그늘 | G23: 케빈D,굿데이3
A24: 전임 단지 | C24: 석촌주공, 은어송하늘채2단지 주공삼성타운 | D24: 스마트뷰 효촌마을 신흥마을/어진마을 | E24: 이스트2단지 삼정하이츠타운 | F24: 용방마을 용운주공2단지 한화꿈에그린 | G24: 신동아 한숲
A25: 날짜 | B25: =B20+7 -> 46131 | C25: =B25+1 -> 46132 | D25: =C25+1 -> 46133 | E25: =D25+1 -> 46134 | F25: =E25+1 -> 46135 | G25: =F25+1 -> 46136 | H25: =G25+1 -> 46137
A26: 주요 일정 | B26: 튜터링데이 후기 마감 | C26: 4강 온라인 업로드 | F26: 5강 오프라인 강의 | G26: 5강 온라인 업로드 | H26: 최임 마감
A27: ♥오늘의 주인공♥ | C27: 라니 | D27: 학생 | E27: 굿데이 | F27: 케빈D | G27: 아르떼
A28: 전임 당번 | C28: 아르떼,가히,케빈D | D28: 로에,야자수그늘 | E28: 라니,MZ | F28: 굿데이3,학생,아르떼 | G28: 가히, 케빈D
A29: 전임 단지 | C29: 인동현대/효동현대 자양동아 청룡 | D29: 삼정그린코아1단지 위드힐 | E29: 삼정그린코아2단지 휴먼시아2단지 | F29: 판암주공1,2차 판암주공5,6차 신동파밀리에1 | G29: 홍도갤러리휴리움 홍도서우
A30: 날짜 | B30: =B25+7 -> 46138 | C30: 27 | D30: 28 | E30: 29 | F30: 30 | G30: 46113 | H30: =G30+1 -> 46114
A31: 주요 일정 | B31: 4강 후기 마감 | C31: 최종모임 저녁7시~ | E31: 최종 과제 마감 | F31: 종강
A32: ♥오늘의 주인공♥ | C32: MZ | D32: 가히 | E32: 로에 | F32: 뽀튜터님(?)
A33: 전임 당번
A34: 전임 단지

Sheet 이번 달 원씽 실적 체크
A2: ★규칙★ | J2: 습관화예시
A3: 1. 체크시트는 매주 일요일까지 셀프 체크, 습관 팀장님(님) 최종 시트 확인 후 주간 실적 카톡방 공유 | J3: * 전화임장 주 3회, 회당 부동산 2곳 이상 ([도전]100일 습관만들기 게시판 포스팅)
A4: 2. 미모하시는 분들은 미모시간에 단톡방에 아침인사 해주세요! | J4: * 독서 매일 50p (지금 독서중 글게시) 및 월 3권 독서후기 작성 (독서후기게시판 포스팅)
A5: 3. 독서하시는 분은 '독서중~♡'게시판에, 필사는 칼럼필사 게시판에, 기타 습관 100일습관만들기 게시판에 | J5: * 경제기사 및 생각 정리 주 3회 ([습관] 경제뉴스읽기 게시판 포스팅)
A6: 4. 인증 완료 후 숫자 "1" 기재 | J6: * 월부칼럼 필사 주 3회([흡수] 책/칼럼 필사 게시판 포스팅)
A8: 4월 습관화 과제 체크 시트
A9: 4월 습관화 과제 | D9: 매일시세 30분 | E9: 매일 시세 및 생각 공유 | F9: 시세스캐닝 | G9: 투자칼럼 필사 (이틀에 한 번) | H9: 시세 | I9: 전화임장 | J9: 시세루틴 | K9: 시세루틴 | L9: 시세
A10: 달성기준(일) | D10: 30 | E10: 19 | F10: 20 | G10: 12 | H10: 20 | I10: 15 | J10: 20 | K10: 20 | L10: 20
A11: 달성 횟수 (자동계산됨) | D11: =COUNT(D14:D44) -> 15 | E11: =COUNT(E14:E44) -> 11 | F11: =COUNT(F14:F44) -> 14 | G11: =COUNT(G14:G44) -> 5 | H11: =COUNT(H14:H44) -> 4 | I11: 12 | J11: =COUNT(J14:J44) -> 4 | K11: =COUNT(K14:K44) -> 5 | L11: =COUNT(L14:L44) -> 7
A12: 목표 달성률 (자동계산됨) | D12: =D11/D10 -> 0.5 | E12: =E11/E10 -> 0.57894737 | F12: =F11/F10 -> 0.7 | G12: =G11/G10 -> 0.41666667 | H12: =H11/H10 -> 0.2 | I12: =I11/I10 -> 0.8 | J12: =J11/J10 -> 0.2 | K12: =K11/K10 -> 0.25 | L12: =L11/L10 -> 0.35
A13: 주 | B13: 날짜 | C13: 요일 | D13: 가히 | E13: 케빈 | F13: 데이 | G13: 로에 | H13: 라니 | I13: 그늘 | J13: MZ | K13: 아르떼 | L13: 학생
A14: W-1 | B14: 46111 | C14: 월 | F14: 1
B15: =B14+1 -> 46112 | C15: 화 | D15: 1
B16: =B15+1 -> 46113 | C16: 수 | D16: 1 | F16: 1 | I16: 2
B17: =B16+1 -> 46114 | C17: 목 | F17: 1 | I17: 1
B18: =B17+1 -> 46115 | C18: 금 | D18: 1 | I18: 1
B19: =B18+1 -> 46116 | C19: 토
B20: =B19+1 -> 46117 | C20: 일
A21: W-2 | B21: =B20+1 -> 46118 | C21: 월 | D21: 1 | E21: 1 | F21: 1 | G21: 1 | H21: 1 | J21: 1
B22: =B21+1 -> 46119 | C22: 화 | E22: 1 | F22: 1 | H22: 김해 | I22: 1 | J22: 1 | K22: 1
B23: =B22+1 -> 46120 | C23: 수 | D23: 1 | E23: 1 | G23: 1 | H23: 1 | I23: 1 | J23: 1 | K23: 1
B24: =B23+1 -> 46121 | C24: 목 | D24: 1 | E24: 1 | F24: 1 | K24: 1
B25: =B24+1 -> 46122 | C25: 금 | D25: 1 | E25: 1 | F25: 1 | H25: 1 | K25: 1
B26: =B25+1 -> 46123 | C26: 토 | D26: 1
B27: =B26+1 -> 46124 | C27: 일 | D27: 1
A28: W-3 | B28: =B27+1 -> 46125 | C28: 월 | D28: 1 | E28: 1 | F28: 1 | G28: 1 | H28: 창원마산
B29: =B28+1 -> 46126 | C29: 화 | D29: 1 | E29: 1 | F29: 1 | H29: 1 | I29: 1 | J29: 1 | K29: 1 | L29: 1
B30: =B29+1 -> 46127 | C30: 수 | D30: 1 | E30: 1 | F30: 1 | G30: 1 | H30: 청주 흥덕서원 | I30: 1 | L30: 1
B31: =B30+1 -> 46128 | C31: 목 | D31: 1 | E31: 1 | F31: 1 | L31: 1
B32: =B31+1 -> 46129 | C32: 금 | E32: 1 | H32: 청주 청원 | L32: 1
B33: =B32+1 -> 46130 | C33: 토 | L33: 1
B34: =B33+1 -> 46131 | C34: 일 | F34: 1 | H34: 부산,대구 | L34: 1
A35: W-4 | B35: =B34+1 -> 46132 | C35: 월 | D35: 1 | E35: 1 | F35: 1 | G35: 1 | L35: 1
B36: =B35+1 -> 46133 | C36: 화 | D36: 1 | F36: 1
B37: =B36+1 -> 46134 | C37: 수
B38: =B37+1 -> 46135 | C38: 목
B39: =B38+1 -> 46136 | C39: 금
B40: =B39+1 -> 46137 | C40: 토
B41: =B40+1 -> 46138 | C41: 일
A42: W-5 | B42: =B41+1 -> 46139 | C42: 월
B43: =B42+1 -> 46140 | C43: 화
B44: =B43+1 -> 46141 | C44: 수
B45: =B44+1 -> 46142 | C45: 목
B46: =B45+1 -> 46143 | C46: 금
B47: =B46+1 -> 46144 | C47: 토
B48: =B47+1 -> 46145 | C48: 일
B49: 1주차 합 | D49: =sum(D14:D20) -> 3 | E49: =sum(E14:E20) -> 0 | F49: =sum(F14:F20) -> 3 | G49: =sum(G14:G20) -> 0 | H49: =sum(H14:H20) -> 0 | I49: =sum(I14:I20) -> 4 | J49: =sum(J14:J20) -> 0 | K49: =sum(K14:K20) -> 0 | L49: =sum(L14:L20) -> 0
B50: 2주차 합 | D50: =sum(D21:D27) -> 6 | E50: =sum(E21:E27) -> 5 | F50: =sum(F21:F27) -> 4 | G50: =sum(G21:G27) -> 2 | H50: =sum(H21:H27) -> 3 | I50: =sum(I21:I27) -> 2 | J50: =sum(J21:J27) -> 3 | K50: =sum(K21:K27) -> 4 | L50: =sum(L21:L27) -> 0
B51: 3주차 합 | D51: =sum(D28:D34) -> 4 | E51: =sum(E28:E34) -> 5 | F51: =sum(F28:F34) -> 5 | G51: =sum(G28:G34) -> 2 | H51: =sum(H28:H34) -> 1 | I51: =sum(I28:I34) -> 2 | J51: =sum(J28:J34) -> 1 | K51: =sum(K28:K34) -> 1 | L51: =sum(L28:L34) -> 6
B52: 4주차 합 | D52: =sum(D35:D41) -> 2 | E52: =sum(E35:E41) -> 1 | F52: =sum(F35:F41) -> 2 | G52: =sum(G35:G41) -> 1 | H52: =sum(H35:H41) -> 0 | I52: =sum(I35:I41) -> 0 | J52: =sum(J35:J41) -> 0 | K52: =sum(K35:K41) -> 0 | L52: =sum(L35:L41) -> 1
B53: 5주차 합 | D53: =sum(D42:D43) -> 0 | E53: =sum(E42:E43) -> 0 | F53: =sum(F42:F43) -> 0 | G53: =sum(G42:G43) -> 0 | H53: =sum(H42:H43) -> 0 | I53: =sum(I42:I43) -> 0 | J53: =sum(J42:J43) -> 0 | K53: =sum(K42:K43) -> 0 | L53: =sum(L42:L43) -> 0

Sheet Step1-1. 서로를 알아보아요
A1: 서로에 대해 알아보아요!
B2: 닉네임 | D2: 가히dasikeum | E2: 라니 | F2: 야자수그늘 | G2: 케빈D | H2: 굿데이3 | I2: 아르떼 | J2: MZ | K2: 학생 | L2: 로에
A3: *개인정보는 종강 이후 삭제합니다 | B3: 연락처 | D3: 010-2411-8866 | E3: 010-3554-3966 | F3: 010-4006-0709 | G3: 010-2736-9430 | H3: 010-9876-8701 | I3: 010-9525-3753 | J3: 010-4214-7789 | K3: 010-7191-9684 | L3: 010-5047-7286
B4: 역할 | D4: 조장 | E4: 원씽팀장 | F4: 전임팀장 | G4: 부조장님/과제팀장 | H4: 부조장님/임장팀장 | I4: 감일팀장 | J4: 공유팀장 | K4: 사진/인증팀장 | L4: 총무팀장
A5: *구까지 기재 | B5: 거주지 | D5: 강남구 | E5: 동작구 | F5: 경남거제시 | G5: 동대문구 | H5: 양천구 | I5: 관악구 | J5: 성북구 | K5: 성동구 | L5: 경기도 시흥시
B6: 교통편 (이용 기차역) | D6: 수서역/서울역 | E6: 서울역 | F6: 부산역 | G6: 수서역/서울역 | H6: 서울역 | I6: 수서/서울역 | J6: 서울역 | K6: 용산역 | L6: 광명역
A7: *근무패턴, 개인상황, 보틀넥, 연락가능시간 등 | B7: 특이사항 (연령대 . 근무시간 . 연락가능시간 . 기타 개인상황이나 보틀넥) | D7: 제 2026년 4월은 15조의 것입니다 ♡♡♡ | E7: 4월 업무 이슈 (조장님 개인카톡 드릴게용) | F7: 특이사항없습니다 | G7: 4/12 (일) 가족 일정 4/25 (토) 출근 가능성 | J7: 4/18(토) 가족 결혼식으로 불참 + 4/25일(토) 회사체육대회로 불참 | K7: 특이사항없습니다 | L7: 4월 4일을 제외한 주말은 스케줄 이상 없습니다.
B8: 투자가능여부 | D8: X | E8: X (3월 잔금) | F8: X | G8: X | H8: X | I8: X | J8: X | K8: X | L8: X
B9: 강의수강현황 (금번 제외) | C9: 기초강의 | D9: O | E9: O | F9: O | G9: O | H9: O | I9: O | J9: O | K9: O | L9: O
C10: 실전 | D10: O | E10: O | F10: O | G10: O | H10: O | I10: O | J10: X | K10: O | L10: O
C11: 지투 | D11: O | E11: O | F11: O | G11: O | H11: O | J11: X | K11: O | L11: X
C12: 학교 | D12: X | E12: X | F12: X | G12: O | H12: O | I12: X | J12: X | K12: X | L12: X
C13: 실전투자목표 | D13: 1호기 잔금 (4월 12일) | E13: 지투반 임보 50장 틀 만들기 | F13: 선명한앞마당 | G13: 2호기 방향성 설정 | H13: 3호기 잔금 (4/23) | I13: 2호기찾기 | J13: 2호기 찾기 | K13: 2호기 지방투자 꼭 해보고 싶습니다 | L13: 1호기 계약 (4월 4일)
A14: *꼭 이루고 싶은 딱 한가지만 적어주세요 | B14: 목표 | C14: 실전반 원씽 | D14: 15조 다함께 실전 스케줄 완주하기 | E14: 1호기 매도 플랜 세우기 | F14: 선명한앞마당 | G14: 끈끈한 투자메이트 만들기 | H14: 뾰족한 앞마당 만들기 | J14: 선명한 앞마당 | K14: 대전 동구 앞마당 만들기 | L14: 선명한 앞마당 만들기
A15: *많다고 좋은건 아닙니다 | C15: 루틴 (정량화) | D15: 매일 시세 (닷컴 인증) +전수조사 템플릿 완성 | E15: 중소도시 앞마당 챙기기 (너무 내버려뒀어요) | F15: 시세트레킹 | G15: 매일 시세 | H15: 시세 | I15: 시세 | J15: 시세 | K15: 임보 매일 1장 | L15: 출퇴근길 50p 이상 독서 루틴
C16: 임보 (페이지) | D16: 핵심만 추린 30 | E16: 50 | F16: 30 | G16: 50 | H16: 50 | I16: 30 | J16: 30 | K16: 30 | L16: 30
A17: *10시간 이상 2회 | C17: 임장 (회수) | D17: 14 | E17: 10 | F17: 10 | G17: 10 | H17: 10 | I17: 10 | J17: 8 | K17: 10 | L17: 12
C18: 전화임장 (회수) | D18: 40 | E18: 40 | F18: 1일1전임 | G18: 30 | H18: 50 | I18: 20 | J18: 30 | K18: 10 | L18: 30
C19: 매물 (개수) | D19: 40 | E19: 40 | F19: 30 | G19: 30 | H19: 40 | I19: 30 | J19: 20 | K19: 10 | L19: 25
C20: 부동산 (개수) | D20: 15 | E20: 10 | F20: 7 | G20: 10 | H20: 12 | I20: 10 | J20: 10 | K20: 10 | L20: 10
C21: 나눔글 (개수) | D21: 2 | E21: 1 | F21: 0 | G21: 3 | H21: 1 | J21: 1 | K21: 0 | L21: 0
A22: *앞마당 확인 *임장보고서 완성 기준으로 기재 | B22: 수도권 | D22: [서울] 성동, 구로 (반의반의 반의반마당) [수도권] 수원 권선 | E22: 서울 : 구로,송파,동대문,성북 경기 : 고양시 덕양구, 부천 (평촌,광명) 인천 : 부평구 | F22: 강서구 성동구 수지구 동안구 | G22: 서울 관악구, 도봉구 성남 수정구, 중원구, 안양 동안구, 구리, 군포, 수원 영통구, 남양주 | H22: [서울] 강남구, 서초구, 양천구, 동작구, 영등포구, 강서구, 동대문구, 서대문구, 성북구, 관악구, 은평구, 구로구 [경기도] 용인시 수지구, 안양 동안구, 일산 서구, 동구 , 구리시, 수원 영통구, 군포시 | I22: [서울] 서대문구, 강동구, 동작구 [경기도] 수지구, 권선구 | J22: 구리, 성북구 | K22: 구리시, 군포시, 덕양구, 수지구, 강동구, 노원구, 동대문구, 서대문구, 성동구, 성북구, 영등포구, 구성남, 부평구 | L22: 서대문구/ 부천원미구/ 군포
B23: 지방 | D23: 부산 (동래, 연제, 진) 울산 (남) 창원 (성산, 의창, 마산회원, 합포), 김해 | E23: 대구 :수중북동 부산 :연제동래 광주 :남 대전: 중 울산: 남중북 중소도시: 청주,창원마산,김해,천안서북 | F23: 부산남구 수영구 천안동남구, 창원 성산구 의창구 | G23: 부산 연제구 / 대구 중구, 북구, 동구, 남구 / 광주 남구 / 울산 남구, 중구, 북구, 동구 천안 서북구, 동남구 / 전주 덕진구 / 포항 남구 | H23: [광역시] 부산 해운대구, 동래구, 진구 / 대구 수성구, 중구 / 대전 서구, 유성구 / 울산 남구, 중구, 북구, 동구 / 광주 북구 [중소도시] 창원 성산구, 의창구,마산회원구,합포구 / 천안시 서북구/ 청주시 흥덕구, 서원구, 청원구, 상당구 / 김해시 / 구미시 | I23: 부산 동래구/연제구/진구 울산 남구/중구/동구/북구 광주 남구 [중소] 성산구 / 의창구/ 마산회원 / 합포구 흥덕구 | J23: 부산 해운대구, 진구, 연제구, 울산 남구, 중구, 북구, 동구 | K23: 광주 서구, 대구 북구, 울산 남구, 울산 북구, 전주 완산구 | L23: 울산 북구/동구/ 창원 성산구/마산합포/마산회원/ 천안 서북구
B25: 가히dasikeum | C25: 조장 | D25: 튜터와 소통하여 조의 전체사항 조율/진행 공지사항 및 스케쥴 안내, 과제취합 및 운영 전반
B26: 굿데이3 | C26: 부조장 (임장) | D26: 임장 스케줄/루트 취합, 최종루트 배포, 임장 리딩, 매임 조 편성
B27: 케빈D | C27: 부조장 (과제) | D27: 과제 및 과제수행 독려, 주요 데드라인 체크 (매주 월요일 일정 체크하여 안내)
B28: 라니 | C28: 원씽 팀장 | D28: 매일 원씽 독려하며 조원들 원씽 챙기기 (오전 6-8시)
B29: 아르떼 | C29: 감일 팀장 | D29: 감사일기 매일(주중 오전) 취합
B30: 학생 | C30: 사진 팀장 | D30: 온오프라인 모임 시 인증 사진 & 제목, 주중 올뺌 관리,
B31: 야자수그늘 | C31: 전임 팀장 | D31: 전화임장 리딩(전임 두려운 분 적극 권장), 매일 전임 담당 안내 및 독려
B32: MZ | C32: 공유 팀장 | D32: 부동산 기사/임장지 지역 정보 등 기사 공유, 조원 나눔글/수강후기/발도장 공유(수시)
B33: 로에 | C33: 총무 팀장 | D33: 임장 및 튜터링데이 스카, 식당, 숙박, 각종 모임장소 예약 및 총무역할

Sheet Step1-2. 질문있어요!
B1: 질문으로 성장한다 | E1: *질문을 위한 질문은 No! *질문은 읽는 사람을 배려하여 핵심을 간결하게!
B2: 순번 | C2: 질문자 | D2: 질문 | E2: 질문에 대한 내 생각 | F2: 질문에 대한 조원들 생각 | G2: 튜터님 말씀
B3: 1 | C3: 학생 | D3: 대전 동구 분임과 단임을 하면서 기존에 앞마당이었던 대구 북구의 느낌이 들었습니다. 대전 안에서도 중심이 아니기에, 위치 역시 중심일수록 좋고, 학군보다는 연식과 그 주변 환경이 중요하다는 것을 알았습니다. 예전에 대구 북구 임장시 택시에서 들었던 임장지에 대한 기사님의 평가와 대구 북구와 대전 동구와 굉장히 비슷하다고 느꼈습니다. 궁금한 것은 만약 대구 북구안에서의 중심부의 단지와 대전 동구 안에서의 중심부의 한 단지를 비교할 때 같은 연식과 같은 평형이라 가정했을 때, 우선순위 혹은 선호도를 가르기 위해서는 매임을 양쪽으로 넘나들어야 되는 것이겠죠? 혹시 다른 방법이 있다면 어떤 것이 있을까요? 다른 지역에 있는 단지들끼리 아무리 중요한 핵심 포인트가 같다 하더라도, 대구 북구 사람들과 대전 동구 사람들이 다른데, 이 단지가 더 낫겠다의 생각은 어떻게 하는 걸까요?! | E3: 우선 대구 북구와 대전 동구의 단지 비교 단지의 전세가를 확인해보고, 선호도를 나눌 수 있겠다는 생각과 각 물건마다의 상황 파악을 위한 전임을 통해 내가 감당 가능한 물건인지 확인! 그리고 하루는 대구 북구 가서 매물털고, 하루는 대전 동구가서 매물 털기! | F3: 케빈 － 지방 다른 도시끼리 비교할 때는 흔히 도생단(도시, 생활권, 단지)으로 비교를 많이 하는 편입니다. 도시로 비교했을 때는 대구(235만) >대전(144만) / 생활권은 북구 침산은 대구 내에서 어느 정도 위상을 가진 생활권일까, 동구 신흥은 대전 내에서 어느 정도 위상을 가진 생활권일까 / 단지는 그 생활권에서 선호도가 어느 정도 되는 단지일까를 서로 정리한 후 비교를 해보는 편입니다. ex) 대전 동구 신흥sk뷰는 대전 내 중하위생활권의 최선호단지 vs 대구 북구 오페라삼정그린코아는 대구 중위 생활권의 최선호단지 =>> 오페라삼정그린코아가 좀 더 가치가 높다 이런식으로 판단 후 그래프를 붙여보는 편입니다 학생님 좋은 질문 감사합니다 ~~! 가히 - 저도 케빈님 방식대로 봅니다! 지역간 비교를 많이 해본 적은 없지만, 1) 인구수를 기준으로 한 도시 체급 비교, 2) 생활권 순위 (상중하 정도), 3) 생활권 내 선호도 순위 (상중하 정도), 4) 기타 입지요소 비교 ... 그 다음에 아실 그래프로 확인! 그래프마저 비슷하다면 거래량도 같이 볼 것 같고.. (지방이니까) 그래도 정말 비슷하다? 하면 진짜 매임 통해서 매물 vs 매물로 가격 협상, 조건 더 좋은 것으로 투자 고려할 것 같습니다 :) MZ － 체급이 다른 지역을 비교하는 것은 정말 어려운 일이라고 생각해요! 대구 북구의 위상을 대구 안에서 전체적으로 보고 그 후에 단지는 그 지역내 상, 중상, 중중, 중하, 하 중에 어디에 속하는지 선호도를 볼 것 같고요, 그 다음에 대전동구의 하나의 단지는 대전 동구에서의 전체에서 어떤 생활권 위상을 가지고 선호도는 얼마나 되는지 볼 것 같습니다. (케부님의 도,생,단 전법이라고 볼 수 있겠어요) 대전 북구와 대전 동구 두 개의 앞마당만으로는 비교하기가 쉽지 않을 것 같습니다. 대전과 대구에서 최소의 두 개의 구씩 더 돌아보고 판단해볼 것 같습니다. | G3: 지방에서 다른지역간의 비교를 질문주셨네요 우선 대구 북구와 대전 동구의 단지 비교 단지의 전세가를 확인해보고, 선호도를 나눌 수 있겠다는 생각과 각 물건마다의 상황 파악을 위한 전임을 통해 내가 감당 가능한 물건인지 확인! 그리고 하루는 대구 북구 가서 매물털고, 하루는 대전 동구가서 매물 털기! 라고 생각남겨주셨는데 일다 지방에서 지역간 비교하는것 자체가 어려워요 . 그걸 인정하고 시작하셔야합니다 지방은 각각의 사이클이 다르고, 인구 체급이 달라서 그래요 그래서 체급을 먼저 비교하면 대구 > 대전 이죠 (체급 (=인구 수!) 각 말씀주신 단지의 가치가 지역내에서 구내에서 생활권내에서의 가치를 잘 알고있어야해요 사실 엄청어렵잖아요 일단 질문에는 단지의 가치나 특정 투자금도 없어서 제가 방법적으로 먼저 설명드리면 투자후보 단지라면 물건을 매물털러 지역2개다 가지말고 가성비로 전화임장으로 매물털기를 추천드립니다 전화임장으로 모든물건지, 부동산 다 전화드려서 같은물건에대한 정보를 다 쌓으세요. 그러고 상황과 상태, 일잘러 부사님 몇분 핀을 꽂아두고 정말 좋은 물건이 나오면 그때 매물보러 가시고, 간김에 털고오는걸 추천드려요
B4: 2 | C4: 학생 | D4: 이편한세상대전에코포레 뒤편에 스타벅스가 위치되어 있던데, 심지어 외곽이었지만 DT가 아니었습니다. 현재 대전 동구의 DT가 아닌 스벅은 대전터미널점, 가오동 생활권, 그리고 에코포레 단지 뒤편 뿐입니다. 그렇다면 스타벅스에서 에코포레가 입지적으로 대전동구에서 괜찮다고 생각했기에 여기다 지은게 아닐까 하는 생각이 들었습니다. 이런 생각과 동시에 에코포레 단임시 정말 신혼부부 수요가 엄청나다는 것을 알수 있었습니다. 그렇다면! 생각보다 에코포레가 굉장히 괜찮은 단지가 아닐까 하는 생각이 들었습니다 제 생각이 맞을까요? | E4: 대전 동구의 킥은 위치, 연식, 환경으로 대전 에코포레는 대전 동구에서 연식만으로 승부를 건다고 생각했으나, 스벅에서 이 땅을 선택했다면 위치역시 애매하지 않다는 것일까? 생각이 들었습니다. | F4: 케빈 - e편한 단지 저도 너무 좋았습니다 ㅎㅎ 스타벅스가 들어오는 것도 학생님 생각에 어느 정도 동의합니다 ㅎㅎ 다만 스타벅스는 우리가 입지 가치를 따지는 데에 우선적으로 검토하진 않는 것으로 알고 있어요 :) 그리고 그쪽 스타벅스는 DT이름은 없지만 DT느낌 같아요.. 따라서 스타벅스는 우선 머리속에 지워두고 학생님이 말씀하신 킥(선호요소)을 중점으로 단지 가치를 먼저 따져볼 것 같습니다 ㅎㅎ 가히 - 저도 에코포레 되게 좋게 봤습니다!! 신혼부부/영유아 자녀 부모들이 가성비 있게 거주할 수 있는 [외곽 신축 대단지]로 봤어요. 연식 괜찮고 브랜드까지 좋아서 젊은 분들 선호도도 높을 것이라 생각했는데, 학생님 말씀처럼 실제로 단임할 때 사람들 엄청 많아서 더 좋아보였습니다! 학생님의 결론은 동의하지만, 결론으로 향하는 과정에서 스벅의 의사결정(?)을 그렇게까지 높이 평가할 것 같진 않아요! ㅋㅋ (그리고 오늘 학생님이 전임으로 확인도 해주셨고!~ㅎㅎ) 다만 스벅과 별개로 용운동의 위치가 (예를 들어 가오동보다) 좋냐 나쁘냐는 좀 더 살펴봐야할 것 같습니다! (대전 중심 서구 혹은 대전역과의 거리 등) MZ - 저도 입지를 판단할 때에 스벅을 참고하는 것을 참 좋아합니다. 그런데 에코포레 뒷편의 스벅의 경우 저희가 실제 스타벅스를 가보지 않았고, (막상 가봤는데 엄청 작은 스벅일 수도 있고요) 주변에 아무것도 없다고 한다면 저는 주변 호재가 있는지 한 번 살펴볼 것 같습니다. 전임해주신 대로 의료원이 들어오기로 했다고 하여 DT점이 아닌 스벅이 있다는 게 이해가 되었는데 의료원이 만약 못들어온다고 하면 조금 아쉬운 입지의 스벅이 될 것 같습니다. 그런데 지방에서는 신축이 곧 입지다!! 라는 말을 어느정도 믿고 있기 때문에 에코포레의 위상과 어느정도 대단지인지를 살펴볼 것 같은데 그 자체만으로 입지를 만드는 건 4000세대 정도 되었을 때의 이야기라고 생각했습니다. 에코포레의 경우 2267세대로, 이 단지 하나만으로 스벅이 들어오기는 조금 아쉽다고 생각했었습니다. 그럼에도 나홀로 언덕 대단지에 속하기 때문에 투자하기에는 괜찮은 단지라고 생각했습니다. | G4: 아무래도 스타벅스때문에 혼란이 오신거같아요 저도 공감하는데요 스타벅스랑 맥도날드는 부동산사업하는곳이라던데 ㅎㅎ 아니면 초록마을이 있으면 학군지고 아이들이많다! 등등의 생각들이 저도 있었어요 일단 크게 대전동구에서의 입지가 무엇이 있는지 생각해보면 좋겠어요 대전동구 사임도 이제 다 제출하셨으니, 입지요소는 다들 파악하셨죠 어떤 입지가 가격을 경정하나요? 여러분들이 말하시는 연식이 환경이에요. 환경이 택지, 상권,연식이 들어갑니다 대전동구에 학군이 있나요?직장이 있나요? 지방에서 교통의 의미도 크지는 않아요. 그럼 남는건 환경이죠(=연식) 환경 : 택지 (쾌적성+안전성), 상권 (편의성), 연식 (쾌적성+하차감♡) 스타벅스는 없구요! 이제 연식이 좋은 이편한이 어느정도 선호도를 갖고있는지 파악해보면 되겠네요
B5: 3 | C5: 케빈 | D5: 동구 내에서 E편한에코포레와 은어송하늘채리버뷰에 대한 가치 비교가 헷갈립니다 ! | E5: 생활권은 하늘채가 확실히 낫지만, 가오동은 동구 내에서도 외곽이라는 인식이 강한 듯 해요 (택시기사님, 부사님, 실거주민 등) 환금성을 고려하면 투자하기엔 그래도 중심쪽이고 단지가 좋은 E편한이 비슷하거나 아주 조금 더 나은 것 같은데요. 튜터님의 생각은 어떠실지요 :) | F5: 가히 - 케부님 의견처럼 대전 거주민들이 가오동을 완전 외곽으로 보는 것 같다고 느꼈지만, 그래도 연식이 4년 더좋고 (내가 매도할 때도 연식이 꽤 괜찮을) 리버뷰 주변 균질성이 더 좋아서 저는 리버뷰의 손을 들어주고 싶습니다 ㅎㅎ. 로에 - 연식은 리버뷰가 더 좋지만, 눈으로 보았을 때 연식 차이가 크게 느껴지진 않았던 것 같아요. 그리고 e편한이 2000세대가 넘는 대단지로 상품성이 좋고, 브랜드 아파트라 사람들의 선호도로 조금 더 가져가지 않을까 싶습니다ㅎㅎ 위치의 장점이 둘 다 없다면 거주만족도가 어디가 더 좋을까? 생각해봤을 때 단지 분위기, 시설 등이 더 좋았던 e편한이 조오금 더 가치가 있을 것 같습니다. MZ - 지방에서는 연식이 곧 입지다!! 그리고 둘 다 입지가 조금 애매한 곳이기 때문에 연식으로 따지면 에코포레'20/2267^, 하늘채리버뷰'24/937^ 로, 둘 다 충분히 투자가치가 높은 곳이지만 하늘채리버뷰를 좀 더 앞단으로 생각할 것 같습니다. | G5: 대전동구의 입지요소로는 환경은 연식이죠 ㅎㅎ 두 단지의 연식이 모두 좋아요 그럼 여기서부터는 그럼 연식외에 다른 선호요인이 무엇을 갖고있는지 레이어를 쌓아보면 좋아요 일단 아직 여러분이 단지분석과 매물임장전이라 단지의 장단점을 자세히 파악하지 못하셨을거에요 그러니 전임, 매임하시면서 요부분 집중해서 파악해보시면 좋을거같구요 저는 생활권에 사는 사람을 볼거같아요 이편한은 신혼부부, 가오동은 가족이 주로 거주하고있죠 이부분은 현장에서 임장하면서 생활권에 사는 사람들, 그 분위기를 보고 오셔야합니다 더 자세한건 저랑 튜터링데이에 임장하면서 어떻게 봐야하는지 알려드릴게요 위치는 은어송생활권 반경에있고 연식도 4년더 신축인 하늘채를 우선으로 볼거같으나 제가드리는 말씀에는 가격이 다 빠져있어요 이렇게 생각하고 말씀드리지만, 나의 상황과 투자금에는 그 순위가 바뀔수있다는점도 같이 말씀드리고싶어요 또 투자로 봤을때 가치가 더 좋은걸 우선으로 보되, 질문에 나온거처럼 외곽이니까 대전역 인근에 같은투자금으로 할수있는 더좋은게 있는지 살펴봐야합니다
B6: 4 | C6: MZ | D6: 대전역이 가지는 의미 (지하철역, ktx) | E6: 지방에서는 자차를 많이 이용 하니 지하철역이 크게 의미 있지 않고, 또 대전이 부산만큼 지하철이 활성화 되어 있지도 않다 보니 크게 의미 있다고 생각하지 않았었고, ktx 의 경우에도 지방의 경우 원도심에 많이 있다 보니 크게 의미있지 않을 거라고 생각했는데, 대전역과 가까운 단지들에서 서울과의 출퇴근, 대전역을 많이 언급하는 걸 보니 대전역은 좀 의미가 다른 거 같다고 생각했습니다. | F6: 케빈- 지하철역을 기준으로 하면 도시교통량이 중요한 것 같아요 ㅎㅎ 대구도 교통체증이 심한 곳은 지하철이 의미가 있듯이 대전도 서구 주요 지역에서 교통체증이 심한 편이라면 중심부 노선 정도는 의미가 있겠지만 저희가 가는 동구에는 택시기사님 모두가 대전은 차 안밀려요 ~ 라는 것을 말씀하신 것을 보아 유의미하지 않다고 생각합니다 :) 대전역은 시외로 이동하는 수요가 있기 떄문에 엠지님이 말씀하셨던 것처럼 어느 정도는 의미가 있을 것이라 생각합니다 (남편 동탄 출근, 아내 구미 출근 등) 이는 동구 신흥생활권 내에서 역과의 거리에 대한 매매가 및 전세가 비교로 알 수 있을 듯 합니다 :) 그리고 임보써보니 코레일 본사 직원수가 굉장히 많으네요 ㅎㅎ 가히 - 과거 대장이었던 이스트시티를 왜 좋아하냐는 질문에 부사님이 1초의 망설임도 없이 "대전역 가까워서"라고 했던 걸 보면 대전역이 그래도 꽤 유의미하다고 생각했습니다! ㅎㅎ 다만 대전역의 교통 가치가 뛰어나서라기보다 코레일 본사가 거기 있다보니 직주근접의 가치도 있지 않을까~ 생각했어요. 신인동 단지들을 조금 파보면 더 자세히 알 수 있을 것 같고.. 특히 [어진마을 vs 신흥마을]은 왜 3-4천씩 차이가 나는지 궁금했습니다 :) 정리하자면, 대전역이 서구/유성구를 뛰어넘을 (혹은 견줄만한) 가치를 지녔다고 보긴 어렵지만 동구 내에서 대전역 접근성은 유의미하다 정도로 봤습니다 :) 그늘 : 저도 이부분이 계속 고민됩니다. 내가 코레일 본사직원이면 동구 살까? 출퇴근이 힘든 서울도 아닌데 직주근접을 이유로 환경을 버리는 게 지방에서 제대로 보는 게 맞나 계속 의심되는데 이스트 사장님은 거기가 철도아파트랍니다. 어떻게봐야할지 저도 궁금합니다. 코레일 직원도 가족단위라면 서구/유성구 살면서 교통도 편한데 자차출퇴근 할 것 같고, 아니면 서울 살면서 공짜기차 이용하거나, 솔로나 자녀 없는 부부는 동구 거주가능하지 않나 생각해봤습니다. | G6: 제가 튜터링데이에서도 대전에대해 말씀드릴텐데 지방에서는 타지인이 이해할수없는 부분들이있어요 ㅎㅎ 일단 대전역이 가깝다는건 교통+직장의 의미입니다 실제로 직장이 서울과 지방인분은 신혼집을 대전역 인근에 구할수도있어요 그 대전역이라는 수요가 직장이 될수도있는데, 그게 꼭 대전에 있을필요는 없다는걸 말씀드리고 싶은겁니다 대전역으로 출퇴근하거나 꼭 주변에 살아야하는 수요가 있어요 요부분은 한번 여러분이 단지분석혹은 매물임장하면서 어디까지가 그들의 마지노선인지 파악해보면 좋겠습니다 이런거야말로 진짜 임장을 통해서 알수있어요 사실 다들 아실거같지만, 전임과 매임을 통해 파악합니다 여기 사는분들 회사출퇴근 어디로 주로하시는지 여쭤보거나 직접가서 어떤직업 갖고게신지, 이사 왜가시는지 어디로가시는지 이 단지에 사람들이 사는이유를 직간접적으로 물어봅니다
B7: 5 | C7: 가히 | D7: 가오동에서 투자범위를 어디까지 볼 것인가? | E7: 하늘채리버뷰까지! 코오롱하늘채2차는 16년으로 이미 10년.. 어쩔 수 없이 연식 아쉬운 단지를 해야한다면 동구보다는 수요층이 더 탄탄할 (거라고 예상되는) 서구/유성구를 우선할 듯 | F7: MZ : 하늘채리버뷰까지만 볼듯. 하늘채2차부터 16년식이지만 조금 애매. 로에 : 하늘채리버뷰까지만 볼 듯. 코오롱이 여기중에서는 연식이 괜찮은 편이지만 동구 전체로는 연식이 이미 상품성이 떨어지기 시작. 케빈 : 저는 신흥 생활권까지만 볼 듯 합니다 :) 리버뷰도 투자못할 건 아니지만 너무 하급지의 중간생활권이라 좀 더 좋은 선택지가 있지 않을까 생각합니다. 차라리 대전 내 중급지 중위생활권이 좀 더 수요가 많다고 생각합니다 라니: 저는 중구에 조금더 연식이 떨어지더라도 중심부에 있는 단지를 할거 같습니다. 그래프가 누워있는것을 보고(?) 식겁했습니다 ㅎㅎ 이부분은 튜데때 만나서 이야기 해봐도 좋을것같습니다! | G7: 투자마지노선에 대한 질문들이 몇개더 있었는데요. 일단 투자하지못할 단지는 없습니다. 우리는 선호도와 투자금에따라 우선순위를 정할뿐입니다. 가오동 투자우선순위가 쉽게 오지않을뿐이에요... 앞단에 항상 더 좋은것들이 있어서요. 여기서 조심해야할 사항은 우리가 앞마당으로만들고 무시?하던 단지가 2년후 소액으로와서 투자기회를 줄 단지가 될수도있어요. 실제로 제가 학생때 실전반에서 앞마당만들면서 무시하던 단지를 1년후에 어렵게 모셔서 투자했습니다 ^^ 그러니 이렇게 만들때 제일중요한건 임보에 단지의 가치와 선호도를 반드시 기록하고 남겨놓아야해요. 1년후에 대전동구에서 변하는게 크게 어떤게 있을까요. 변하는건 가격입니다. 가치는 안변해요. 공급말씀주시는것도 사실 가격을 말하시는거라고 이해되어요. 그러니 지금 우리는 임보에 가치와 선호도를 잘 남겨야해요.
B8: 6 | C8: 가히 | D8: 판암동 삼코1단지 vs. 은어송 하늘채리버뷰 | E8: 하늘채리버뷰 ((가격 확인 전. 분임 & 단임 만으로 판단)) - 삼코가 단지 느낌과 상권접근성이 훨씬 더 좋았지만 연식 (24vs18), 받아줄 수요층이 더 많을 것 같다 생각해서 리버뷰 - 삼코1단지가 판암에서 독보적이라 실제 가치보다 판암 거주민들의 자부심?으로 가격이 높게 형성되어 있을듯 | F8: MZ : 연식으로 접근. 하늘채리버뷰 (삼코1 은 실거주면 고민해볼듯) 로에 : 환경 좀 더 우세. 삼코1단지. 연식(상품성)은 떨어지지만 현장에서 더 살고싶은 마음이 들었음 아르떼 : 삼코(주변환경과 상품성이 좋은것 같다) 연식좋을때 사서 팔고 나오면 괜찮을것 같은데 투자 마지노선 느낌인듯 하지만 가격이 싸다면 고려하겠음. | G8: (이제 막 사임을 제출, 단지분석과 매물임장 전임을 감안하고) 다른분들 의견도 반반으로 나뉘는것같아요. 반반으로 나뉘죠? 그럼 진짜 비슷한거에요, 장단점이 상쇄되면서 수요도 똑같이 분산되겠죠. 그럼우리는 거기서 더 높은 수익률을 위해 이렇게 노력하는 투자자들이니, 매물까지 들어가서 비교하면서 볼거같아요. 중요한건 실거주인지 투자인지에 따라 내가 가능한 매매가, 혹은 투자금에따라 순서가 바뀌겠죠. 가치가 이렇게 비슷하다면, 더 딮하게 물건대 물건으로 비교해야하는 거에요. [추가 질문] 우리는 결국 전세 레버리지 투자자니 개별 단지 매물대 매물로 보되 전세 수요가 더 큰곳 (사람들이 더 많이 찾는곳)을 매물임장으로 파악하고 결론내리면될지? 에 대한 질문이었습니다! → 네 물건대 물건이라는건 결국 물건 가격, 상태, 동층향이 다 포함된 이야기에요. 조건에서 전세의 조건에따라 우선순위가 중요해지는거죠. 말씀처럼 전세수요가더 큰= 가격이더 높은 으로 이해됩니다. 그럼 투자금이 더 적으니 우선순위가 맞아요.
B9: 7 | C9: 가히 | D9: 한화꿈그 투자할 수 있나? | E9: 연식도 아쉬운데 동구, 그것도 용운동이라 입지 가치가 거의 없다고 생각.. 대전이 오르고 올라 투자할 곳이 여기밖에 없다해도 차라리 다른 지방 지역을 가겠다. (=투자안한다.) | F9: MZ : 외곽이라는 택시기사님 의견, 동구도 외곽인데 거기서 더 외곽느낌 나면 투자로 고려하지 않을 듯 로에 : 연식이 경쟁력이 없는 연식인데 그만큼 강점도 없다. 수요를 끌어오지 못할듯 아르떼 : 주변에 좋아할만한게 없는것 같다 그럼에도 불구하고 투자를 한다하면 앞단에 대전역 더 가까운곳이나 신흥쪽 더 좋는 단지를 먼저 찾아볼것 같습니다. | G9: 투자에는 우선순위만 있을뿐, 투자 못할 단지는 없다. (다만 한화꿈그가) 그 순위가 너어무 후순위로 까마득한거죠. 내가만약에 정말 이투자금밖에 없고, 그때 한화꿈이 제일 우선순위면 투자하는거에요. 자칫 이단지는 투자안해라는 생각으로 투자기회를 놓칠수있어요. 이게정말 한끗차이라서 그냥 우선순위가 아니다라고 생각하고 바라보시면 좋겠습니다.
B10: 8 | C10: 가히 | D10: 삼코1 vs. E편한 에코포레 | E10: E편한에코포레 - 상품성 : E편한 > 삼코 ⇒ 연식, 브랜드, (+세대수) - 환경 : E편한 =< 삼코 ⇒ 삼코 앞 신축 상권, 주공이긴 하지만 아파트 택지,, 다만 그렇다고 해서 E편한 주변 환경이 유해한 것은 아니었기 때문에 비슷한 수준으로 평가. - 교통 : E편한 < 삼코 대전 동구의 최우선 선호요소를 상품성으로 봤기 때문에 E편한 선택 | F10: 로에 : 에코포레, 더 대단지, 내부 쾌적, 아이들 위한 시설 많고 아이들도 많고 젊은 어머니들 많고 살고 싶은느낌 . 그런데 따로떨어진 두동(117,118) 보다는 삼코1 선호. MZ : 언덕이긴 막상 가보면 아이들 많고 활발한 분위기. 에코포레 더 좋음. 라니 : 전세수요가 어느곳이 더 붙는지는 확인해봐야 알겠지만 삼코1은 위치적인 이점이 있고 e편한은 연식 그 자체+초품아 이점이 있음. E편한이 신축이긴 하지만 신혼부부,애키우는 유딩초딩으로 수요가 한정되진 않을까 라는 생각을 해봄. E편한이 김해 주촌 두산위브같다는 생각을 해봄 (외곽인데 단지 그 자체만으로도 사람들이 좋아하는 아파트) 아르떼 : 밖에서 볼땐 안쪽이라 그랬는데 단지 내부가 너무 쾌적했고 애들도 많아 활기찬 느낌 . e편한 에코포레 선택할듯 | G10: Q6과 비슷 → 전임/매임/단분으로 숨참고 딥다이브하기! ㅋㅋㅋㅋㅋㅋㅋㅋㅋㅋㅋㅋ누가 "숨참고" 써주셨나욬ㅋㅋㅋㅋㅋㅋ
B11: 9 | C11: 가히 | D11: 케빈님 질문 답을 쓰다가 문득 궁금해진 게, 일반인(?)들이 이사 or 집 구할 때 지역을 넓게 보기보다 본인이 살던 곳 주변 신축을 가는 경우도 꽤 있는데.. 가오동 신축의 이사 수요와 용운동 신축의 이사 수요가 각각 어디 살던 어떤 사람들일지 궁금합니다. → 대전 동구 애매한 생활권 신축의 수요층 | E11: 동구에 살다가 동구 안에서만 이사하는 분들이 꽤 많을 것 같고, 신혼부부가 아닌 이상 생활권을 바꾸면서까지 거주지를 바꿀지는 의문입니다. 특히 가장 좋아하는 신인동/천동 쪽이 아니라 가오동/용운동으로는.. "굳이?" 싶습니다. (그나마 e편한이 브랜드라 쪼끔은 다른 생활권 수요를 끌어들일지도) 전임으로 해결하는 수 밖에 없을 것 같은데 부사님께 어떤 식으로 질문을 드리면 좋을까요? → "새 아파트 생기면 보통 어떤 분들이 이사오세요?" | F11: 케빈 : 저도 원주민들 수요가 제일 클거 같고 대전역 출퇴근 가성비 수요, 또는 그 주변 금산이나 옥천에 조그만 산단 일자리가 있던데 그 정도 수요가 있지 않을까 생각합니다 ! 가히 : (제가 질문했지만 아까 전임하면서 살짝 들은 얘기가 있어서) 가오/용운은 아니지만, 리더스 입주 때 서구/유성구 살던 젊은 분들이 엄청 많이 오셨었다고 해요! 분양가가 워낙 쌌기도 해서 인기 많았다고, 그런데 동구를 "거쳐가는 아파트"라고 인식하신다 하고, 그래서 59도 선호도가 상당히 높은 점 확인했습니다. 지방은 무조건 84 선호도가 높을 줄 알았는데 대전은 (혹은 대전 동구는) 그렇지 않다는 점이 특이했어요. (+리더스 전세하려다 매매하셨던 분들 지금 가격 많이 올라가지구 요즘 매우 기뻐하고 계신다는 얘기도 살짝 전합니다.. ^^) 라니 : 저 이거 전임하면서 물어봤었어요! 여기는 주로 어떤 사람들이 이사오냐구요.(실거주로 전화함) 확실한건 신혼부부나 애있는 엄마들은 이 단지를 찍어서 온다고 했습니다. (아마도 신축살고싶은데 돈이 안되는 사람들이겠죠) 반면 이 사람들이 또 돈모아서 서구 유성구 단지로 이사도 갑니다.. 명암이 있는것 같습니다! | G11: 요거는 뭔가 정답은 없는 질문인데요. 일단 매임가셔서 자세히 보시면 좋겠구요. 그럼에도 답변을 드리려고 노력해본다면... 제생각에는 일단 주변에 입지가없는곳에 건물연식만 보고오면 몸이 가벼운사람이 올 확률이 높겠죠. 아이가없는 신혼부부, 자녀가 성인인 가족처럼요. 그러고 전임과 매임으로 한번더 확인해볼거같아요. Q) 부사님께 어떤 식으로 질문을 드려야 이 정보를 캐낼 수 있을지 보통 매도이유를 물어봅니다. 세입자 연령대나 누가주로 보러오는지 물어봅니다. 매임가서 사는사람을 관찰하고옵니다. 그래서 가능하면 공실은 잘 안잡아요. 계속 누가사는지 어떤사람이사는지를 물어보고 파악하셔야해요. 그분들의 소득수준과 수요가 얼마나 두터운지가 투자랑 연결되니까요 + [라니님 꿀팁] 사장님~ 여기 신혼부부가 집 많이보러 오나요? 주로 누가 오나요? ((전세수요파악)) + [MZ님 추가 질문] 갑자기 궁금해진 건데, 신혼부부 많이 사는 단지와 가족단위(부모+초중딩자녀) 로 사는 단지는 어떤 게 더 좋다, 라는 게 있는지 궁금합니다. → 정말 솔직하게 답변드리면, 그분들의 소득수준을 생각해보시면 좋겠어요. 예를들면 가족단위(부모+초중딩자녀) 세입자에게 전세금 2천 요구와 신혼부부에게 전세금 2천만원을 요구했을때 내가 세입자라면 어떨까요 (전세상승금이요) 실제로 거주하는 지역사람들의 입장에서 생각해보면 투자에도 도움이됩니다. 제가 가족형태로 말씀드렸지만 부유한 신혼부부가 거주하는 동네도 있어요 ㅎㅎ 예를들면 성동구가 그런곳이죠. 그래서 지방에서는 직장이 중요합니다. (가족단위 수요 혹은) 신혼부부가 아니라 사람들의 수요로 생각을 확장하면 더 도움되실거에요. 단지분석, 매물임장까지 결론쭉 써보면서 지역사람들의 입장과 수요 집중해보면 좋을거같아요. + [케부님 정리] 우리집에 전세금을 잘 받쳐줄 수 있는 세입자를 찾아봅시다!~
B12: 10 | C12: 가히 | D12: 대전 동구 생활권을 어떻게 분류하셨나요? 그리고 생활권의 순위는 어떻게 나누셨는지 궁금합니다!~ | E12: 1) 신인/천동 2) 가오/대성 3) 용운 3) 판암 4) 삼성/성남 순위 : 신인/천동 > 가오/대성 > 용운 = 판암 > 삼성/성남 (*삼성/성남 : 홍도/가양동까지 포함) 그런데 Top10을 보아하니.. [삼성/성남/홍도/가양]의 단지들이 상위권에 훨씬 많이 포진해 있었습니다.ㅠ 생활권 순위는 주거 환경이 좋은 순대로 놓되, 개별 단지 가치가 높다 (연식, 브랜드 신축 등) 라고 봐도 무방할까요? 혹은 대전역/서구 둔산동 접근성 고려해서 삼성/성남의 땅의 (물리적 위치) 가치가 높다고 판단해야 할까요? | F12: 케빈 : 저도 신흥 > 가오 >= 판암 > 성남 정도로 생활권 순위는 이렇게 생각했지만 땅의 위치로만 따졌을 때는 삼성성남이 1등이라 생각합니다. 관악구에서도 남현동이 땅의 위치는 제일 좋지만 상위생활권은 아니듯이, 대전역 위쪽도 땅의 가치는 제일 좋지만 아파트가 많이 없어 상위 생활권은 아니지만 단지가 딴딴하고 주변이 나쁘지 않으면 충분히 선호되는 단지라고 생각합니다 ! 따라서 삼성4구역이나 성남3구역 등 위쪽 개발이 이루어지면 삼성성남이 상위생활권이 될 수 있지 않을까 생각합니다 :) 그늘: 저도 지금 상황에선 삼성/성남이 균질성 환경 면에서 아쉬움이 크지만, 재건축된다면 의미있는 위치라고 생각했습니다. 그리고 비균질하거나, 외곽도 많은 동구에선 더욱 더 단지 바이 단지로 보는 게 맞겠다고 저도 생각했습니다. | G12: 대전동구의 가격결정 요소는 환경이었는데요. 이제 여러분이 제출하신 생활권 순위에서 어려워하시는 부분이 무엇인지 파악해보니 수도권과 지방에서 환경이 좋다는 정의가 달라요. 더 자세히 말씀드리면 지방에서도 지역마다, 생활권마다 환경이라는 입지요소가 다릅니다. 그지역에서 사람들이 좋아하는 환경이 상권일수도 있구요. 아파트 연식일수도있어요. 아니면 역세권일수도있어요 ㅎㅎ +[아까 정리 복붙] ★ 환경 : 택지 (쾌적성+안전성), 상권 (편의성), 연식 (쾌적성+하차감♡) 그게 수도권은 큰판으로 비슷한데 지방은 그게 참 너무다양하고 달라서 파악하는게 어려울수있어요. 그걸 여러분이 한달동안 파악하는거에요. 그걸 강의에서는 선호도, 가격결정요소라고 하는거에요. 그래서 순위는 (두구두구) 튜터링데이에 공개하겠습니다 ㅎㅎㅎ
B13: 11 | C13: 케빈 | D13: 새들뫼휴먼시아1단지 가격흐름을 봤을 때, 2012-2013년도에는 공급이 그리 많지 않음에도 전세가는 오르지만 가격이 소폭하락하는 모습을 보이는데 왜 그럴까요 ? | E13: 입주가 많지는 않은데다, 세종시 정부청사 이전으로 인한 거주수요까지 늘어나 전세가가 오르긴 했지만, 금리 상승기로 인해 매매수요로 올겨붙지 않았고, 잇따른 세종 내 대규모 입주를 위해 전세를 살며 기다리며 관망하는 분위기였을 것 같습니다. (지금과 비슷한 분위기) | F13: 학생- 오 찾아보니 세종시 대규모 입주로 매매가 잠잠해졌다고 합니다. 그래서 매매수요가 전세수요로 전환되어 그런 상황이 벌어진 것 같스비다 라니- 저는 조금 다르게 이해했습니다. 10-11년때 유성구에 공급이 많았고 이게 소화가 되지 않아서 12,13년에도 물량이 적어도 대전 내에서 해소되지 않은 것 같아요. 근데 또 세종 공급도 11년부터 스멀스멀 올라오기 시작했습니다.. 14년에는 불기둥이네요. 챗GPT에 검색해보니 당시 정책 불확실성으로 인한 전세난이 있었고(사람들이 집을 안살려고 함) 매수심리는 위축되어서 저가 급매위주로 소진됬다고 합니당. | G13: 요건 다양한 요인이 있을수있는데, 이 단지만 그런건지 아니면 생활권 내에 어느정도 선호도를 갖고있는 단지만 그런건지 파악해보면 좋겠습니다 사실 데이터는 확인용으로 보고, 전임을 열심히하시는게 더 도움이됩니다 이걸 답변을 드리기보단 이 질문을갖고 결론까지 가져가보는게 좋을거같아요 그래야 내투자시 리스크까지 헷지될거같습니다
B14: 12 | C14: 케빈 | D14: 저희 조에 저를 포함해 대전이 첫 임장지이신 분들이 많은데요. 한 지역을 처음갈 때, 또 심지어 동구처럼 그 지역의 하급지일 때, 지역과 친해지기 위한 튜터님만의 팁이 있을까요 ~? | E14: 대전을 전체 판으로 놓고 알아보는 과정이 필요할 듯 한데, 아직 앞마당이 많이 없다면 어떻게 알아가야할 지가 궁금합니다 ㅎㅎ | F14: 로에 - 전체적으로 그 지역의 중요한 요소(ex.학군, 직등)가 무엇인지 파악하고 접근하는 것 같아요! 예를 들어서 마산을 먼저 임장간다 하면 창원에서는 국가산업단지(직장)가 중요하니까 마산에서 이 부분에 영향을 끼치는 요소는 뭘까? 하고 접근하면 그 지역을 이해하기 더 쉬워지지 않을까 싶습니다! 라니- 저도 로에님이랑 비슷한 생각인데 임보 쓰기 전까지는 연식 좋은것만 보자! 라는 생각을 배제하는 편이에요. 완전 썩구축 말고 애매한 3억짜리 애들도 매임을 못하면 전임이라도 합니다. | G14: 일단요건 앞마당 갯수에따라 다른데요 10개이하면 1개구를 자세히 파요 10개이하면 1개구를 자세히 파요 10개이상, 어느정도 임보가 익숙하거나 속도가 붙으면 지방에서 입지작성할때 광역시면 크게 한판으로 보고 임장지를 들어갑니다 그리고 여러분은 이미 지방투자 실전반 강의를 들으셧잖아요 1강에서 다 알려주셔서 사실 다 아셔요 ㅎㅎ 네 강의자료 레버리지하세요 그런식으로 간단하게! 파악하고 임장지를 깊게 들어갑니다 1개구를 제대로 이해하면 다른지역이해도 빨라요 결국 그 지역사람들을 이해하는게 중요해서그렇습니다 (같은광역시 기준입니다)
B15: 13 | C15: 학생 | D15: 대전 동구에서 이편한세상대전센텀비스타 같은 주복의 영향력은 어느정도 일지 궁금합니다. 대구처럼 주복을 대전도 좋아하나요? | E15: 우선 35평 현재 호가가 4억대 중반으로 형성되어있습니다. 26년 6월에 입주하는 신축임에도 불구하고 은어송하늘채리버뷰 가격가 비슷한 것을 보니, 연식이 뛰어나도 그리고 위치상으로 나쁘지 않음에도 대전 동구에서 주복은 그리 선호하지 않는 것으로 보입니다 | F15: 케빈 : 대구 사람들이 주복을 왜 좋아할지 생각해봤을 때, '주복이라서' 좋아한다기 보다는 대구에 중심지 땅 자체가 너무 좁기 때문에 어쩔 수 없이 주상복합이 많이 들어오고, 대구 사람들은 '주복 정도만 되어도' 만족하는 것이 아닐까 생각이 듭니다. 그러니 대구에선 주복을 최대한 짱짱히 짓기도 하는 것 같고요. 이 점에서 대전 동구는 빈 땅이 있는 것은 아니지만 대단지들도 있고 재개발되어 들어올 수도 있기 떄문에 주복에 대한 선호도는 크지 않을 것이라 생각합니다. 실제로 이편한이 들어오는 땅은 저희가 분임을 처음 했을 때 매우 별로였던 생활권이기도 했고 그런 점이 가격에 녹아있지 않나~ 생각합니다 라니 : 대구사람들 주복 환장합니다(원주민이 이야기 하는거니 들어주세요 ㅎ). 특히 달구벌대로에 붙어있고 으시대는거 좋아하면 더 좋아하죠. 하지만 대전은 대구만큼 주복보다는 국평을 선호한다는 생각이 더 강하게 들었습니다. 특히 시세따면서 은어송 생활권에 59가 없다는 것을 보고 아 여기는 진짜 처음부터 지을떄 84를 타겟팅으로 하고 짓구나 하는 생각이 들었습니다.!! MZ : 대전 동구는 연식이 중요한데, 생각보다 동구에 연식 좋은 아파트가 많지 않아서 연식이 좋다면 주복도 의미있게 볼 수 있겠다고 생각헀습니다.
B16: 14 | C16: 그늘 | D16: 동구에서 학원상권의 의미 | E16: 가오동에 학원가가 좋지만, 택시기사님께 거긴 맞벌이 부부가 학원만 보내놓고 케어가 안된다고 하셨습니다. 그러고 보니, 중학교 성취도도 형편없는 수준이더라고요. 학원가상권이 그렇게 좋아도 애들 수준이 그렇게 떨어지면, 학원가가 의미가 없다고 생각합니다. | F16: MZ : 생각보다 학업성취도도 높지 않고 매력적인 아파트가 많지 않았습니다. 엄청 의미 있는 학원가로 생각하지 않을 것 같습니다. 케빈 : 그늘님 말씀처럼 손품으로나 발품으로나 학업성취도, 학원가 면에서 학군으로의 의미는 없을거라 생각합니다 ~ | G16: 대전 동구가 학군지인가요?외부에서 동구로 아이를 교육시키러 이사오나요?그럼 동구에서 학원은 환경, 상권으로 생각하시면 될거같아요
B17: 15 | C17: 그늘 | D17: 이편한에코포레 위치를 유의미하게 봐도 좋을까요? 외곽은 외곽일까요. | E17: 코레일 직원이 동구에 산다는 가정 하에, 운전을 못하지 않는 한, 굳이 이스트에 살까? 신축2000세대인 에코포레에 살까 생각해보았습니다. 에코포레가 차로 대전역까지 8분이더라고요. 저희야 분임으로 뺑뺑 돌았지만, 실제로는 매우 가까워보이더라고요. 택시기사님도 여긴 아침에 대전역까지 안막힌다하시고, 막상 에코포레 가보니 거주민들 수준이 좋아보였습니다. 이런 외곽 신축이라면 의미있지 않을까(학군, 환경 포기하고 동구 살기로 마음먹었다면) 생각합니다. | F17: 라니 : 전임시트에도 적었는데, 여기는 사람들이 가격 때문에 찍어서 오는 단지이지만 신혼부부나 3인가정 수요를 확실히 끌어들일 수 있는 단지라고 생각합니다. 하지만 위치가 가지는 의미는 약하다고 생각합니다. 우리가 보통 '중심부에 가까이 붙어있다' 라고 설명하는 곳은 전부 대전을 전체로 놓고 봤을 때 그나마 서구 중구에 붙어있는 단지들이었습니다. 제가 생각했을 때는 여기는 위치보다도 연식이 가지는 힘이 더 크다고 생각합니다 하지만 섣부른 판단일 수 있으니 매임하면서 한번 더 생각을 입혀보겠습니다 :) MZ : 연식이 곧 환경이다! 이 정도의 연식에 대단지 아파트라면 그 자체로 의미있는 환경이 될 것이라고 생각합니다. 의미 있는 곳이라고 생각했습니다. | G17: 거주민 수준이 좋아보이셨다고 적어주셨는데요에코포레 거주민 수준을 매물임장 다녀오셔서 확인해보시면 좋겟어요 매물임장까지 다녀오셔서 안에사는 사람들이 누군지 어떤사람들이 사는지 보시면 좋겠어요
B18: 16 | C18: 라니 | D18: (튜터님 다음번에 답 주셔도 됩니다) 공급파트를 쓰다 보니 앞으로 세종 공급이 없습니다. 강의에서 배웠듯이 대전 공급은 세종 공급까지 같이 봐야 한다 라는 말이 있었는데요, 과거 시장에는 어느정도 이해가 되었습니다. 하지만 앞으로의 세종 공급은 거의 없는 시점에서, 세종 공급을 같이 보는게 유의미할까 라는 생각이 드는데 튜터님+조원분들의 생각이 궁금합니다. | E18: 인구이동에서 앞으로 세종에 공급이 터지고 더 중심부에 매력적인 공급이 나오면 움직일 수도 있기 때문에 아직도 유의미한지가 궁금했습니다 ㅎㅎ | F18: MZ : 세종이 앞마당은 아니라서 공급에 대해 잘 모르긴 하지만 공급이 없더라도 주변 영향을 받는 지역의 공급을 트래킹하는 것은 루틴화에 도움이 될 거라고 생각합니다! 케빈 : 저도 엠지님처럼 안하는 것보다 하는 것이 좋다고 생각합니다~ 다만 동구보다는 유성구에서 주효할 듯 합니다 :) | G18: [튜터님 팁] 요거는 공급분석을 한번 해보면 좋을거같아요. 과거에 세종공급의 영향이 얼마나있었는지 보시면 좋을거같아요. 과거 세종공급이 있을때 어느동네에 영향이 가장컸고, 얼마나 컸는지 보시면 좋을거같아요. 튜데 이후-> 구별로 뜯어보기
B19: 17 | C19: 라니 | D19: 튜터님 주말은 잘 보내셨나요! 튜데 끝나고 집 가는길에 튜터님이 비교분임 해주신 유성구의 '이 생활권에 없는 것' 을 열심히 생각했는데요 (새로운 시도였고 매우 재밌었습니다) 3,4주차 매물임장 할 때 저희가 부사님께 '매도사유가 어떻게 되냐' 라고 물어보는데요 이 부분을 '이 생활권에 없는것' 으로 확장해서 생각해도 되겠죠?!!! | E19: 도안신도시 생활권에 없는것 = 학군-> 이건 둔산에 있다! 라는 생각을 하게 되니 왜 도안베르디움이 연식이 빠지는데도 가격을 지키고 있는지가 이해되었습니다 | F19: 케빈 : 저도 동의합니다 ~ 없는 것을 찾아서 갈 테니 ~ 로에 - '매도사유=해당 단지, 생활권에 없는 것' 확실하게 이해됐어요! 저도 이부분에 있어 동의합니다ㅎㅎ | G19: 너무 좋은 질문입니다 💛 사람들이 매도하거나 이사나가는 수요가 바로 그단지의 약점이나 부족한 점으로 볼수있어요! 이렇게 현장에서 매물임장가셔서 내가 생각한 수요가 맞는지 확인하고 오시면 좋겠습니다~ 또 반대로 사람들이 정말좋아하는 수요에대한 선호도의 크기도 느껴보고 오시면 좋겠습니다! 대전역 접근성을 도대체 얼마나 좋아하는건지! 생생한 후기 기다리고있겠습니다 *내가 생각한 강점/약점과 진짜 거주민들의 이유 매칭시켜보기 *도대체 얼마나 왜 !
B20: 18 | C20: 학생 | D20: 단지분석 4분할 하면서 놀란것은 은어송1단지풍림아이원이 6개월간 20퍼센트 반등했다는 사실입니다 아니 가오동 외곽에서 왜 여기를 샀을까? 하는 의문이 들었습니다 대전 동구의 킥은 위치와 연식인데 여기는 두개 다 빠지는 거 아닌가? 오히려 위드힐은 위치상으로 은어송1단지 풍림아이원보다 괜찮은데 3개월 동안 4퍼센트 하락했습니다 가오동 정말 헷갈리는 동네네요 | E20: 우선 대전 동구의 킥은 위치와 연식이 중요합니다. 그럼에도 가오동은 가오동 안에 그 중심상권과 가까우면 선호를 좀 더 받는 것 같다고 생각이들었습니다 은어송1단지풍림아이원이 정말 가까이에 상권이 있다보니 아무래도 선택을 받았지 않았을까 싶습니다. 그럼에도 대전 동구는 위치와 연식이 중요하다는 제 생각에는 변함이 없습니다 | F20: 가히 : 오.. 질문을 보자마자 아실에서 풍림을 확인했는데 진짜로 최근에 거래가 쭉! 상승했더라고요!! 그런데 그래프에서 같이 눈에 띄는 부분이.. 전세가 완전 딱 붙어서 상승해있더라 이말입니다 ㅋㅋ (전세가가 치고 올라와서 매매가를 끌어올리는 것처럼 보였어요.) 그와 달리 위드힐은 전세가가 최근에 치고 올라와서 진짜 소액 투자 기회를 주고 있네~ 라는 생각이 들었습니다. 정리하자면, 위드힐이 최근 3개월간 살짝 내리막을 보여준것은 사실이지만 2013년식이라 매물 컨디션에 따른 차이일수도 있고, 오히려 22년 12월 저점 대비 상승한걸로 봐서 저는 그래프상으로도 위드힐이 앞서있다고 읽혀집니다!! 물론 아실그래프가 정답은 아니지만, 두 단지 그래프를 비교해보면 (평형이 다양하긴하지만) 위드힐이 더 먼저 & 더 크게 상승하는 것도 확인이 되어요!~ 가오동도 사람들이 사는 곳이고 일반인들은 원래 거주하던 동네를 잘 떠나지 않는데다 요즘 워낙 전세가 귀해지다보니 이럴거면 차라리 매수해~로 많이 넘어간게 아닐까 짐작해봅니다 :) 케빈 : 6개월 전은 특히나 낮게찍히고 최근거래는 특히나 높게 찍혀 20%라는 상승률을 만들어냈네요 ㅎㅎ 이건 물건 단위로 좀 더 상세하게 들어가 볼 필요가 있겠고요 상승률은 언제까지나 숫자이고 참고용으로 생각해주시고, 학생님의 킥으로 가치 비교를 하는 데에 더 우선을 두셨으면 좋겠습니다 ㅎㅎ | G20: 요건 단지의 상승를 보시고 질문주신것같아요 수익률을 볼때 조심해야하는건, 그 단지에대한 가치로만 생각하는것이 아니라 당시에 그단지의 연식, 주변의 상황까지 같이 보시면 더 입체적으로 이해되실거같습니다 과거시점의 단지가치를 지금시점으로 가져오면 다른단지가 나오게될수도있어요
B21: 19 | C21: 그늘 | D21: 단지분석의 반등여부 칸을 정리하면서, 동구에는 아무래도 경제적 능력이 아직 부족한 신혼과 영유아가정이 많이 살다보니, 20평대를 선호한다는 이야기를 전임에서 많이 들었습니다. 그래서 주요단지는 반등여부에 20평대와30평대를 같이 넣어보았는데요. 신흥SK의 경우, 20평대는 +32%, 30평대는 +52%반등했더라고요. 역시 20평대를 선호해도, 오름 폭은 30평대가 좋다고 이해해야 할까요? 같은 의미로 지방에서는 가능하다면 투자금을 더 들여 30평대를 투자하는게 낫다는 결론으로 가는 게 맞을까요? | E21: SK 20평대와30평대인데요. 평수로 등락률 비교로도 해석이 가능할까요? 전 SK 20평대선호도도 꽤좋다고 생각했는데, 역시 오르는 건 30평대인가...라는 생각을 했습니다/ (튜터님 말씀)그늘님~~ 이런 고민들 너무 좋아요! 💛 더 깊게들어가서 결국 고민하는 본질을 더 생각해보면 좋을거같아요. 투자하는 경우라면 같은 투자금인가요. 실거주인가요. 사람들의 선호도를 보기위함인가요. 그런 관점으로 고민해보면서 단지분석 혹은 질문시트 남겨주세요~ | F21: 가히 : 저 또한 "지방은 84지"라는 편견을 가지고 전임했다보니 부사님들 말씀에 59에 혹했어서 넘 공감되는 질문이었습니다ㅎㅎ. 저는 20평대가 낫냐 30평대가 낫냐보다 내 투자금에 뭘 할 수 있는지를 더 우선으로 볼 것 같고, 20평대도 30평대도 각각 다른 장단점을 가지고 있다고 생각했습니다. 다만 같은 투자금이라는 전제라면 20평대가 신혼/영유아 수요가 있더라도 저는 30평대를 우선적으로 볼 것 같습니다. 동구만의 특징보다 30평대 아파트가 가진 본질적인 가치가 더 높다고 생각합니다! 케빈 : 우선은 가격대가 둘 다 저렴한 구간이니 디딤돌(신혼 6억 이하) 같은 정책 대출 쓰기도 좋을 것이고, 그러니 인기가 좋은 30평대가 더 많은 반등을 했다고 생각합니다, 그리고 대전역을 이용하는 특성 상 부부이며 맞벌이가 많을 것이라 생각되기도 하네요 ㅎㅎ | G21: 사실 평형보다 앞단에 있는건 단지의 선호도입니다 그리고 투자적으로 생각하면 투자금까지 넣어서 볼수있어요~ 59와 84의 투자금이 어떻게 되나요~? 저는 만약에 같은 투자금으로 84를 할수있다면 할거같아요~ 그렇지만, 투자금의 차이가 굉장히 크죠? 만약에 sk뷰 84에 2억을 넣는다고 가정해보시면 훨씬 우선순위의 단지들이 앞단에 있을거에요 sk뷰 59에 대략 8천으로 투자한다고 생각하면, 어떨까요 요렇게 생각해보면 엄청 심플해집니다 그럼 8천으로 할수있는 가장좋은 투자처는 어디지~? 그것도 대장을~? 요렇게 가치를 먼저보고 그다음 투자금을보면 우선순위가 올라갈거같아요 (59가 가격 왜곡이 많더라고요!!) 하락장의 특징입니다 ㅎㅎ 좋은가치의 저평가를 쏙쏙 골라살수있는 기회겠네요! ㅎㅎ
B22: 20 | C22: MZ | D22: 진담님 단지분석 4분할 장표 키워드에 대한 질문입니다. 세대수나 학업성취도 등 데이터를 정확히 적지 않고, 키워드처럼 뭉뚱그려서 적는 게 어떤 의미를 가지나요? (예를 들면 1328세대 인데 1,000세대 라고 적는다던지, 학업성취도 83%인데 80%라고 적는다던지 하는 것들이요) | E22: 뭉뚱그려 보면 오히려 4분할해서 비교할 때 더 직관적으로 나눌 수 있겠다고 생각했는데요, 신흥Sk뷰와 이스트, 리더스시티를 만드는 장표에서는 거의 다 비슷한 키워드로 나와서 이럴 때에는 어떻게 비교하는 게 좋을까 하는 고민이 들었습니다. 1,300세대정도의 대단지와 4,000세대 정도의 대단지도 키워드로는 같은 키워드로 나오게 될 것 같아서요! 이런 부분이 궁금했습니다. | F22: 가히 : 앗 MZ님.. 저는 개인적으로 제 업무 특성상 데이터 정확도가 넘나 중요해서 완전 똑같은 걸로 고민했던 적이 있었는데ㅋㅋ 근데 언젠가부터 단지 비교 시, 대충 1000세대 이상 규모의 대단지냐 500세대 규모냐의 등으로 좀 더 큼지막하게 비교를 하다보니, 세세한 숫자에는 크게 연연해하지 않아도 된다는 걸 오히려 배우게 됐던 것 같아요! 여러 카테고리 (세대수, 연식 + 각 입지요소등)에서 비교하며 총체적인 판단을 내리다보니 비교하기 용이하도록 단위를 맞추신 것 같습니다! 그리고 저는 강사님들의 교안이나 방식을 따라하되, 필요하다면 좀 더 추가하기도 합니다. 결국 제 임보는 저를 위한거라 생각해서... / 신흥SK뷰 vs 이스트 vs 리더스는 딱 놓고 봤을 때 연식과 위치가 가장 도드라지게 다를 것 같은데 엠지님은 어떤 키워드 쓰셨을지도 궁금하네용!! 로에 - 저는 각 단지에 선호하는 요소가 얼마나 들어가있을까? 로 크게 생각했습니다! 생활권 전체적으로 선호하는 요소를 더 많이 가진 것을 우선으로 보되 세세한건 그 안에서 추려내서 더 깊게 분석해보면 되지않을까 싶어요! 근데 저도 단지이름 옆에 (연식, 세대수)를 추가로 적긴했습니다ㅎㅎ 케빈 : 엠지님 디테일한 분석 넘 좋네요 ㅎㅎ 하지만 83%인지 80%인지 구분 하는 것은 우리가 경제적 자유를 위해 가는 길에서는 쓸모가 그리 크지 않은 고민일 수 있을것이라 생각합니다 ㅎㅎ 엠지님말씀처럼 뭉뚱그려서 더 편하게 비교해보시죠 ㅎㅎ:) | G22: 요건 기준을 정하고 나눈다고 생각해주시면 좋아요 예를들어 우리가 단지임장하고나면 사실 가치가 정말 천차만별로 정리하기 힘들잖아요~ 그럼에도 상, 중, 하 크게 3가지로 나눕니다 더 비슷하게 생각해주면 , 사람들이 1000세대를 넘으면 좋아한다는 개념으로 기준을 만족하는지를 보고 키워드로만 적어두신거에요. 사람들의 선호 카드를 많이 갖고있는 단지가 사람들이 제일 좋아할 가능성이 커지는거에요
B23: 21 | C23: 그늘 | D23: 진담튜터님 단지분석에서 거래량 아실에서 딸 때, 매매,전세,월세 구분없이 하라고 하시는데, 월세를 빼지 않는 이유가 궁금합니다. | E23: 진담튜터님은 매매전세월세 중 어느선호도로 거주하는지 보는 거라고하시는데, 사실 이해가 안됩니다. 이게 투자에서 어떤 의미를 가지는지 명료하게 정리되지가 않습니다. | F23: 가히 : 저도 그늘님과 비슷한 생각으로 실거래 차트에서 월세를 자주 빼곤 했었는데, 지난달부터 전수조사할 때 월세 매물수를 같이 보기 시작했습니다! 가장 첫번째로 월세 또한 그 단지에 거주하고 싶어하는 [수요]이기 때문이고, 두번째로는 전세보다 월세가 많은 단지들이 공통된 특징이 있는 것도 같았고, 마지막으로 전세가 워낙 없다보니 월세도 같이 챙겨보게 되었어용! 케빈 : 요즘처럼 전세가 없는 시장에서는 특히나 의미가 있다고 생각합니다 ~ 월세도 어쨌든 그 아파트에 거주하고 싶은 수요니까요 :) | G23: 요부분도 많이 어려워하시는거같아요~ 저는 전세월세는 결국 실거주자들의 실제선호도라 생각이 들었어요~ 요즘 전세가 귀해서 거래도 많이 안되어서 월세까지 더블체크하면서 보라는 의미로 이해됩니다 . 결국 중요한건 사람들이 좋아하는 선호도, 단지를 그럼에도 들어와서 거주하고싶은지! 본질을 생각해보면 좋을거같아요~ (근데 좀 구축에 비선호단지 소형 이런게 월세가많긴하더라고요) 맞아요, 그런곳일수록 소득수준이 낮은사람이 많이 살아서 그럴수있어요~
B24: 22 | C24: 그늘 | D24: 지방투자할 때 조심하라는 이야기하면서 항상 저가치 물건이 있다는 말을 강의에서 들었는데요. 임장하고 이야기하면서 계속 투자 못할 물건은 없다는 말과 상충되는 것 같아 튜터님과 함께 생각을 정리하고 넘어가고 싶습니다. 예를 들어 외곽 구축이나 준구축들은 저는 저가치라고 판단하고 있거든요. 이게 투자 뒷단에라도 있는걸까요? 투자하면 잃을 수 있는 저가치라고 보시나요? | E24: 저는 지방에서는 저가치 물건을 투자하면 위험하니까 보수적으로 보는 게 맞다고 생각합니다. 물론 뭐든 이건 투자할 건 아니니까 하는 마인드는 옳지 않지만요. | F24: 가히 : 예전에 인턴 튜터님이 지방에서 연식이 너무 빠지는 건 배제한다고 하셨던 말씀이 기억나는데, 지방에서는 그게 저가치가 아닌가 싶습니다. (정확한 숫자는 찾아봐야하겠지만, 예를 들어 광역시는 25년 이상, 중소도시는 15년 이상 넘은 단지는 투자 범위에서 제외 등으로) 실제로 입지가 정말 탄탄하다면 연식을 뛰어넘기도 하지만 (e.g. 크로바), 지방에서는 그런 곳이 매우 한정적이다보니 그렇게 말씀해주셨다고 생각했어요. 잔쟈니님 교안에서처럼 지방에서는 아파트의 가치에 입지보다 상품성 비중이 높은 경우가 많다보니, 입지도 별론데 상품성(=연식)마저 너무 빠지면 저가치로 보고 저는 투자범위에서 아예 배제할 것 같습니다. (주공2단지, 삼정하이츠 등) 케빈 : 전에 빈쓰튜터님 강의에서 저가치 아파트라고 해서 무조건 가격이 떨어지는 것은 아니라고 하더라고요. 물론 저가치 아파트로도 돈을 벌 수 있지만(투자할 수 있지만) 우리는 동일한 기회비용으로 최선의 선택을 해야하기에 가치비교를 하는 것이라 생각합니다 ~ | G24: 저는 일단 내가 경험이 적고, 아직 실력을 쌓아가는 단계라면 모든단지에 투자할수있고 우선순위의 개념으로 갖고 단지를 바라봐주셨으면 좋겠어요 이유는, 편견혹은 습관적으로 정말 투자할수있는 기회를 스스로 놓칠수있기 때문입니다 그러고 이제 경험이나 실력이 어느정도 쌓여서 나만의 생각이 생긴다면, 말씀처럼 저가치를 바라보고 이정도 투자단지는 하지않는다는 투자마지노선을 정할거같아요 강의에서는 혹여 기초반 수강생분들이 코칭도없이 덜컥 사실까봐, 어느정도의 가이드를 드리면서 저가치를 말씀드렸다고 생각됩니다 우리는 배운 투자자이니까, 우선순위만 있을뿐 투자못할 단지는 없다고 모든단지를 바라보고 실력을 쌓으면 좋겠습니다 💛 우리 뽀버즈는 배운대로 행동하면 가치를 잘 아는 투자자가 되실거에요 💛
B25: 23 | C25: 그늘 | D25: 진담튜터님 단지분석중인데요. 단지중 20평대나 30평초반이 주력인 단지들이 꽤 있어서요. 84가 없거나, 몇 세대 안되거나 그런 경우가 있었어요. 처음엔 84기준으로 잡고 해야지 생각했는데, 계속 그런 단지들이 나오니까 고민스럽더라고요. 그래서 단지에서 세대수가 가장 많은 대표 평형으로 해보고 있는데요. 그러니까 또 비교가 어려우려나 싶어 고민스럽습니다. 튜터님의 의견이 궁금합니다. | F25: 가히 : 저도 그런 단지는 세대수가 가장 많은 평형을 대표로 보는데, 삼코 같은 특수한 경우를 제외하고는 같은 평형끼리 비교해볼 것 같아요!! (59는 59끼리, 74는 74끼리) 대신 입지 가치가 달라서 가격대가 같다면 **어렵겠지만** 함께 비교해볼 것 같습니다. (e.g. 4억대 59 vs 4억대 84) 케빈 : 저도 그늘님처럼 비교하고 있습니다 ㅎㅎ | G25: 평형이 섞이면 아무래도 비교평가할때 어려우실거같아요 저는 84, 59, 낀평형 3가지로 나눠서 분류해서 보았어요 물건대 물건을 비교할때는 요렇게 평형을 맞춰서 골라보시면 좋을거같아요 단 생활권 단지분석을 하시면서 생활권별 가격결정요소, 단지의 선호도 상중하를 체크하고 계시죠~ 그 장표에서 평형을 지우고 어떤단지가 가격결정요소와 선호요소를 많이 갖고있는지 우선으로 생각해보시고 그 다음에 평형대 평형을 붙이면서 비교해보시면 우선순위가 더 쉽게 정리될거같아요 평형을 지우고 가치대 가치로보는게 어려운 비교평가가 맞아요 ㅜㅜ 최대한 맞출수있게 비교하고, 앞단에 생활권우선순위와 생활권내에서 단지 선호도가 정리되어있으면 조금더 수월하실거같습니다
B26: 24 | C26: 학생 | D26: 진담님의 4분할 단지분석을 진행하면서 눈에 띄게 이 단지가 이 단지보다 좋은 것을 많이 가졌구나를 알 수 있었습니다. 이 4분할 단지분석을 수도권에 적용하려면 기존에 위치/연식, 학군, 환경, 단지 부분을 교통, 학군, 환경, 연식? 정도로 나눠서 적용해도 될까요? | E26: 수도권 임보에 적용할 때는 상품성보다는 입지가 중요하니 교통, 학군, 환경 정도가 제일 중요하고 연식은 제일 후순위일것 같습니다 | F26: 가히 : 저는 수도권에서도 연식은 중요하다고 생각합니다!! ㅋㅋ 대신 강남 접근성이라는 위치 가치가 워낙 압도적으로 중요하다보니 교통의 비중을 더 높이되, 연식을 굳이 후순위로 둘 것 같진 않아용.. 강남구보다 서초구 평단가가 높은 이유는 온전히 연식 덕분인 것처럼요..? 케빈 : 교통, 학군, 환경, 강남직선거리(한강 직선거리) 요 정도이지 않을까요 ㅎㅎ | G26: 입지요소에 대한 질문이네요! 수도권과 지방에서는 어떻게 다르게봐야하는지 질문주셨어요~ 너무 좋은 질문입니다 현재는 위치,연식/ 학군/ 환경/ 단지 인데 여기서 위치,연식을 수도권은 교통으로 보면좋을지 질문주셨는데요~ 저는 같은 내용이라고 이해됩니다. 그래서 위치가 곧 강남까지의 거리를 볼거같아요 튜터링데이에서도 말씀드렸듯이 단지나 생활권은 단 한가지 입지요소로 선호도가 결정되지는 않아요 수도권에서도 연식이 선호요소로 작용하는 단지들이 있습니다 그래서 크게, 수도권은 교통이더 중요하고 지방은 연식이더 중요하다는 개념은 맞지만 단지분석시에 단지마다의 입지요소를 볼때는 동일하게 보셔도 됩니다! 단지분석전에 사전임장보고서에서 입지요소 결론을 내고 넘어간 상황이라 단지는 개별적으로 파악한다고 이해해주시면 더 쉽게 와닿으실거같아요~
B27: 25 | C27: 그늘 | D27: 전임이 왜 이렇게 어려운가 생각해보면, 제 생각보다 늘 시간을 훨씬 많이 잡아먹는 느낌입니다. 어느 단지를 할지 보고, 또 찾고, 전화하고, 정리하는데 시간을 너무 많이 쓰는데요. 튜터님만의 전임 방식, 가볍게 접근할 수 있는 방법 같은 게 있으실까요? | F27: 로에 - 그늘님 질문에 너무 공감합니다. 막상 전화하면 떨리지는 않는데 내가 이 단지를 잘 알고 있어야 사장님과 말을 이어갈 수 있다고 생각해서 사전 준비 시간이 오래걸리는 것 같아요ㅜㅜ(+마음의 준비 시간 포함) 저도 튜터님만의 전임 방법이 궁금합니다 ㅎㅎ 케빈 - 저는 전임을 '갯수 채우려고 하다보면' 하기가 싫더라고요. 이걸 또 공유하고 시트만들어야하고.. 저는 이런 벽이 있어서 그냥 길 걷다가, 임장하다가 사장님한테 편하게 물어보고 기록 안 하고 끊어보자 라는 마음으로 하기도 합니다. 개수에 연연하지 않고요 ㅎㅎ 그럼 더 전임다운 전임을 할 수 있더라고요 그렇게 좌르르 하고 지도위에 올려봅니다 ~ | G27: 여러분 전화임장에대한 벽 아직 조금씩은 있으시죠~? 전임 준비 다들 얼마나 걸리세요~? 전임준비 너무 힘드셨을거같아요 ㅜㅜ 여러분 그럼 준비가 오래걸리시는데 전임의 목적은 어떤걸까요~? 왜 하는걸까요~? 전화임장을 잘하게되는 비법이있어요 여러분이 오래걸리고 부대끼는 이유를 생각해보면한번의 통화에 많은걸 얻으려고 노력하셔서 그렇다고 생각되어요 그럴려면내가 시세도 알아야하고 가격도 잘알아야하고 부사님이 질문주시면 대답도 해야할거같은데 임장온거 들키면 곤란한데 준비를 엄청하시다가 에너지를다 써버리는경험 저도 많이했었어요 저는 어떻게 하는지 알려드릴게요 일단 전화임장의 목적은 한번의 통화로 많은걸 알아내는게아니라 일잘러 부사님, 친절한 부사님을 찾으려고 전화합니다 저는 틈새시간에 전임을해요 예를들면 저녁주문하고 음식나오기전에 나가서 한통하고옵니다 5~10분정도요 먼저 부동산에서 전화걸 매물이랑 부사님 캡쳐를해요 그럼 이미지 2장이죠? 요거 나에게 카톡보내기하고 전화겁니다 사장님 00동 00호 보고 전화드려요 요거 물건 있나요~ 나갔나요~ 상태는, 날짜는, 매도사유는 등등 물건에대한거만 물어보면서 우리가 사장님을 면접본다고 생각해보세요 그러고 네 사장님~ 제가 더 알아보고 다시전화드릴게요~ 하고 짧게 메모합니다 특징을 그다음보내놓고 나중에 그 단지 매물임장갈때 제일 친절하고 일잘하는분에게 예약을잡아요 저는그러고 현장에가서 물건에대한걸 많이 여쭤봐요 단지대단지 질문이나 가치질문은 직접얼굴뵙고 물건보면서 선호도,가치를 파악합니다 이렇게하면 기록 이랑 목적까지 달성했죠? 여러분 전임기록 길게주시는거 잘보고있어요. 아마 하시면서 스스로 정리도 많이되고 다른분들에게도 나눠주실거에요 실제 톡방에서 캡쳐2장- 짧은코멘트로 릴레이남기시고 전임시트에 기록잘 챙겨주셔도됩니다 그 벽을 낮추고 빈도를 높이시는게 훨씬 도움될거에요 (질문은 보통 한 전화에 몇개정도 하시나요?） 저는 몇개를 정하지는않고, 물건 상태나 날짜 조건위주로 여쭤보고 파악이되면 통화를 끝냅니다 또 여기서팁은 일부러 전화로 질문하려고 붙잡고 늘어지지않아요! （가히 : 주인분 거주하시나요? 부사님 : 글쎄 나야 모르지???? 가히 : 아.. 네!~~ 감사합니다~~~）이렇게 말씀하시면 면접탈락이잖아요? 네 사장님~ 감사합니다~ 하고 통화 빠르 게 끊으세요 그리고 공유해주세요 여러분 임장보고서에 시세 그룹핑 하셨죠 예를들어 실거주자들이 내가 매물임장간 단지랑 같이보는단지가 있다면 혹은 투자자입장에서 비슷한투자금 단지가 있죠 저는 매물임장가서 시세그룹핑 보고 질문 많이드려요 사장님 a단지랑 b단지랑 같은조건이면 어디가 전세 더 먼저 나가요 사장님 사실 b단지도 투자금 비슷해서 같이보고있는데, 어디가 먼저 전세빠져요? 그렇다면 전임으로 친절한 부사님찾기를 먼저 해서 친절한 부사님께 매물잡으면 됩니다! 킥은 실제 투자자들 혹은 실거주자들이 많이 비교하는 비슷한 선호도의 단지를 같이 물어보는거에요 그럼 a단지가서는 b단지의 단점을, b단지에서는 a단지의 단점을 말해주실거에요 ㅎㅎㅎ 전누잘!전누잘!전누잘! 전화임장 장표 최상단에 투자자비선호 부사님 칸 만들고 취합하고 피하시면 좋을거같아요~
B28: 26 | C28: 가히 | D28: 튜터님 MBTI가 궁금합니다!!!!!! | E28: E.. S..TP?!! ESTJ ??! | F28: 학생) ENTJ 라니) 그렇게 생각하는 이유는?!ㅋㅋㅋ
B29: 27 | C29: MZ | D29: 매임할때 선호도 파악은 30평대 위주로 맞춰서 하는게 좋을 거 같은데 실제로 투자로 접근하고 싶은 단지들은 20평대도 많아서 어떻게 자연스럽게 30평대도 보고 20평대도 볼 수 있을지 궁금합니다! | E29: a. 이번 부동산에서는 30평대만 잡고 다른 부동산에서 20평대를 잡아서 보기 b. 30평대 잡으면서 좀 소액으로 할만한것도 보고있는데 20평대도 보여달라고 해서 보기 이렇게 두 가지 방법을 생각해보았는데 어떤 식으로 보고 계신지 궁금합니다. | F29: 학생) 사장님 제가 30평대 투자하고 나서 돈 남으면 20평대도 하려고 하는데 같이 보여주세요 가히 : 기왕이면 84 하고 싶은데 59가 가격이 너무 좋은 것 같아요. 사장님 생각은 어떠세요? (사장님 의견 줄줄줄) 그러면 사장님, 59도 같이 볼 수 있을까요? 봐야 알 것 같아요.
B30: 28 | C30: 학생 | D30: 전세가 낮게 깔린 기존 계약에서 세입자에게 n천만원 높인 금액으로 신규계약하되, 2년치 이자를 선지급한다는 조건으로 계약을 진행한다면 만약 2천만원 올린금액일 때 2천만원에 대해 2년동안 현재 금리로 나눈 금액을 바로 제공하는 걸까요? | E30: 2천만원에 2년치 4% 금리로 했을때 대략 160만원이고, 이걸 기존 세입자에게 지급하면 된다고 생각하는데 이게 아니라면 세입자가 전세대출 받은 총액의 2년치 이자일지 잘 모르겠습니다 | F30: 케빈 : 학생님 정확하십니다 라니 : 학생님 세입자가 전세대출 받은 총액의 2년치 이사를 줄 필요는 없어요~ 우리가 왜 이렇게 하는지 생각해 보면 답이 나올거 같아요. 보통 세입자가 가져오는 전세 대출의 이자는 투자자가 받는 신용대출보다 금리가 더 낮아요. 그러면 투자자 입장에서는 세입자가 더 높은 전세금을 은행으로 레버리지 받아서 가져오는게 더 좋은거죠~ 이 플랜은 현재 전세가 없는 시장에서 통할수 있는 전략인 것 같아요 (울산,부산) 대전같은 경우 곧있음 공급이 많고 대체할 수 있는 전세가 대전 동구보다 더 상급지에 있기 때문에 이 전략보다는 당장 투자금이 더 들더라도 전세를 빨리 빼는 플랜이 더 나아보입니다 :)
B31: 29 | C31: 라니 | D31: 튜터님 1주차 매임이 끝났습니다. 학생님이랑도 매임을 하면서 이야기 했는데 이미 좋은 생활권과 단지는 정해져 있는듯한 느낌이 자꾸 듭니다 ㅎㅎ(같은 돈이면 신흥sk뷰로 결론이 감) 튜터님은 이럴 때 어떻게 생각하실지 궁금합니다. | E31: 제대로 보고있는건 맞는것 같은데 자꾸 신흥sk로 결론이 맺어집니다 (이러다 우리 다 똑같은 단지 뽑아오는거 아닐까요 ㅎㅎ)
B32: 30
B33: 31
B34: 32
B35: 33
B36: 34
B37: 35
B38: 36
B39: 37
B40: 38
B41: 39
B42: 40
B43: 41
... B102: 100

Sheet Step2. 우리의 임장 계획
I1: 사임제출 | K1: 튜터링데이 | Q1: 중임제출 | Y1: 최임제출 | AA1: 최종 모임
B2: 닉네임 | C2: 구분 | D2: 토(SAT) | E2: 일(SUN) | F2: 월(MON) | G2: 화(TUE) | H2: 수(WEN) | I2: 목(THU) | J2: 금(FRI) | K2: 토(SAT) | L2: 일(SUN) | M2: 월(MON) | N2: 화(TUE) | O2: 수(WEN) | P2: 목(THU) | Q2: 금(FRI) | R2: 토(SAT) | S2: 일(SUN) | T2: 월(MON) | U2: 화(TUE) | V2: 수(WEN) | W2: 목(THU) | X2: 금(FRI) | Y2: 토(SAT) | Z2: 일(SUN) | AA2: 월(MON) | AB2: 화(TUE) | AC2: 수(WEN) | AD2: 목(THU) | AE2: 금(FRI) | AF2: 토(SAT) | AG2: 일(SUN) | AH2: 월(MON) | AI2: 화(TUE) | AJ2: 수(WEN) | AK2: 목(THU) | AL2: 금(FRI)
D3: 46116 | E3: 46117 | F3: 46118 | G3: 46119 | H3: 46120 | I3: 46121 | J3: 46122 | K3: 46123 | L3: 46124 | M3: 46125 | N3: 46126 | O3: 46127 | P3: 46128 | Q3: 46129 | R3: 46130 | S3: 46131 | T3: 46132 | U3: 46133 | V3: 46134 | W3: 46135 | X3: 46136 | Y3: 46137 | Z3: 46138 | AA3: 46139 | AB3: 46140 | AC3: 46141 | AD3: 46142 | AE3: 46143 | AF3: 46144 | AG3: 46145 | AH3: 46146 | AI3: 46147 | AJ3: 46148 | AK3: 46149 | AL3: 46150
B4: ='Step1-1. 서로를 알아보아요'!D2 -> 가히dasikeum | C4: 계획 | D4: 분임 | E4: 단임1 | K4: 튜데 | L4: X | R4: 매임1 | S4: 단임2 | X4: 매임2 | Y4: 매임3
C5: 도착/출발시간 | D5: 08:03 서대전 | E5: 미정 | K5: 08:03 서대전 19:37 대전역 | R5: 09:34 대전역 도착 | S5: 출발시간 미정 | X5: 대전역 09:02 | Y5: 08:07 대전역
C6: 숙박여부 | D6: O | E6: X | K6: X | R6: O | S6: X | Y6: X
B7: ='Step1-1. 서로를 알아보아요'!E2 -> 라니 | C7: 계획 | D7: 분임 | E7: 단임 | K7: 튜데 | L7: 필요시 | R7: 매임 | Y7: 매임
C8: 도착/출발시간 | D8: 08:03 서대전 | K8: 08:00 대전역 | R8: 9시 대전역 | Y8: 9시 대전역
C9: 숙박여부 | D9: X | K9: X | R9: X | Y9: X
B10: ='Step1-1. 서로를 알아보아요'!F2 -> 야자수그늘 | C10: 계획 | D10: 분임 | E10: 단임 | K10: 튜데 | L10: O | R10: 매임 | S10: X | Y10: 매임
C11: 도착/출발시간 | R11: 대전역9시22분
C12: 숙박여부 | D12: O | K12: O | R12: O | Y12: X
B13: ='Step1-1. 서로를 알아보아요'!G2 -> 케빈D | C13: 계획 | D13: 분임 | E13: 단임 | K13: 튜데 | L13: X | R13: 매임 | Y13: 매임
C14: 도착/출발시간
C15: 숙박여부 | D15: O
B16: ='Step1-1. 서로를 알아보아요'!H2 -> 굿데이3 | C16: 계획 | D16: 분임 | E16: 단임 | K16: 튜데 | L16: 단임 | R16: 매임 | Y16: 매임
C17: 도착/출발시간 | D17: 08:03 서대전 | K17: 08:03 서대전
C18: 숙박여부 | D18: X | K18: O
B19: ='Step1-1. 서로를 알아보아요'!I2 -> 아르떼 | C19: 계획
C20: 도착/출발시간
C21: 숙박여부
B22: ='Step1-1. 서로를 알아보아요'!J2 -> MZ | C22: 계획 | D22: 분임 | E22: 단임 | K22: 튜데 | L22: o | R22: 매임0.5 | S22: X | X22: 매임 1.5 | Y22: x | Z22: X
C23: 도착/출발시간 | R23: 대전역 15:03 | X23: 대전역 09:02
C24: 숙박여부 | D24: ? | R24: X | Y24: X
B25: ='Step1-1. 서로를 알아보아요'!K2 -> 학생 | C25: 계획 | D25: 분임 | E25: 단임 | R25: 매임
C26: 도착/출발시간 | K26: 튜데 | L26: O | R26: 8시 서대전
C27: 숙박여부 | D27: O
B28: ='Step1-1. 서로를 알아보아요'!L2 -> 로에 | C28: 계획 | D28: 분임 | E28: 단임 | K28: 튜데 | L28: O | R28: 매임 | Y28: 매임
C29: 도착/출발시간 | D29: 15:48 도착 | K29: 08:03 서대전 | R29: 08:47 대전
C30: 숙박여부 | D30: O | K30: O | R30: X | Y30: X
C31: 강의
B32: 분임 | C32: 튜터링데이
B33: 단임 | C33: 사임제출
B34: 매임 | C34: 최임제출

Sheet 매임예약
B2: 날짜 | C2: 4/18 (토) | I2: 날짜 | J2: 4/18 (토) | P2: 날짜 | Q2: 4/18 (토) | W2: 날짜 | X2: 4/18 (토) | AD2: 날짜 | AE2: 4/18 (토)
B3: 팀 | C3: 가히/르떼 | I3: 팀 | J3: 케빈/로에 | P3: 팀 | Q3: 데이/그늘 | W3: 팀 | X3: 라니/학생 | AD3: 팀 | AE3: MZ
B4: 구분 | D4: 단지명 | E4: 상세 예약 정보 | F4: 노트 | G4: 예약 확정 | I4: 구분 | K4: 단지명 | L4: 상세 예약 정보 | M4: 가서 사장님께 여쭤볼것 | N4: 예약 확정 | P4: 구분 | R4: 단지명 | S4: 상세 예약 정보 | T4: 가서 사장님께 여쭤볼것 | U4: 예약 확정 | W4: 구분 | Y4: 단지명 | Z4: 상세 예약 정보 | AA4: 가서 사장님께 여쭤볼것 | AB4: 예약 확정 | AD4: 구분 | AF4: 단지명 | AG4: 상세 예약 정보 | AH4: 가서 사장님께 여쭤볼것 | AI4: 예약 확정
B5: 시간 | C5: 10:00~11:30 | D5: SK뷰 리더스시티 | E5: [SK뷰] 112-304 (59b) 3.8/2.7 110-2504 (59b) 4.1/3.0 (조합원/뷰굿) 111-3101 (59a) 4.15 106-701 (59a) 4.1 111-903 (59a) 4.02 [리더스] 401-601(74b) 4.75 405-704(74a) 4.70 407-18층 (74b) 4.65 (무옵션, 에어컨값 협의 가능) | F5: SK뷰 112-304 지하주차장에서 만나용 SK뷰 a/b 선호 비슷, 리더스 A 선호 | G5: O | I5: 시간 | J5: 10:00~11:00 | K5: 한밭자이 | L5: 104-2503 3.5억 (~27.2 주전가능) 107-1402 3.6억 112-1901 3.6억 | N5: O | P5: 시간 | Q5: 08:30~ | R5: 이스트1단지 | S5: 24평 107동 고층 3억7천(27/2월 만기) | U5: O | W5: 시간 | X5: 10:00~11:00 | Y5: 삼정그린코아1 | AB5: O | AD5: 시간 | AE5: 16:00-17:00 | AF5: 신흥SK뷰 | AG5: [1] 104동-5층 전세입자 거주 4.1(4.0) / 3.0 전세만기 올해 6월 -> 지금 내면 전세 맞출 수 있을듯 [2] 111동-31층 4.15 / 전세입자 거주 전세만기 올해 5월 -> 잔금 3개월로 하고 2달은 매도인부담? | AH5: 30평대와 20평대의 수요 차이 가족단위 많이 살 거 같은데 내부 20평>30평으로 이동 수요? | AI5: O
B6: 예약자 | C6: 가히 | I6: 예약자 | J6: 로에 | P6: 예약자 | Q6: 그늘 | S6: 30평 112동 4층 4억7천(27년 3월 만기) | W6: 예약자 | X6: 라니 | AD6: 예약자 | AE6: MZ
B7: 부동산명 | C7: 리더스시티대표 | I7: 부동산명 | J7: 엘지공인 | P7: 부동산명 | Q7: 이스트사랑 | S7: 34평 102동 404호 4억9,500(27년 7월 만기),104동 14층 5억5천(27월 2월 이후 아무때나) | W7: 부동산명 | X7: 010-5388-8266 | AD7: 부동산명 | AE7: 대동이스트OK
B8: 부동산연락처 | C8: 010-4488-2820 | I8: 부동산연락처 | J8: 010-5450-3301 | P8: 부동산연락처 | S8: 110동 30평 4.5억 (2시 20분) | W8: 부동산연락처 | X8: 삼정코아행복공인중개 | AD8: 부동산연락처 | AE8: 010-7547-3636
B9: 시간 | G9: O | I9: 시간 | J9: 11:00~12:30 | K9: 효촌마을 스마트뷰 | L9: 효촌마을 스마트뷰 106동 고층 3.3억(27.11만기(2.75억)) - 세입자 연락가디리는 중 | N9: O | P9: 시간 | Q9: 11:00~ | R9: 신흥SK 뷰 | S9: 108-23층 74 5.0억 협의입주 103-12층 84 5.7억 103-19층 84 5.8(공실) 111고층 74 전세승계 5.05억(*계속거주원함)(1시) 107-25층 84 5.9억(1시15분) | U9: O | W9: 시간 | X9: 11:30~12:30 | Y9: e편한에코포레 | Z9: 학생,라니 각각 금요일 확인후 피드백 | AB9: O | AD9: 시간 | AF9: 이스트시티1단지 | AG9: 3.7 / 2.4 [1.5] 27.01 만기라 잘 안보여줌 최근 4억 실거래라 이거 진짜 싼거임. 다른 나갈 물건임. 같은동 같은라인 공실로 | AH9: 신흥Sk뷰와 비교해서는 여기는 어떰? 그냥 가성비 단지임? 아니면 여기 고수하는 분이 계심? | AI9: O
B10: 예약자 | I10: 예약자 | J10: 로에 | P10: 예약자 | Q10: 그늘 | W10: 예약자 | X10: 학생 | AD10: 예약자
B11: 부동산명 | I11: 부동산명 | J11: 둥지공인 | P11: 부동산명 | Q11: 이스트박사 | W11: 부동산명 | AD11: 부동산명
B12: 부동산연락처 | I12: 부동산연락처 | J12: 010-8321-6833 | P12: 부동산연락처 | Q12: 010-6371-5951 | W12: 부동산연락처 | AD12: 부동산연락처
B13: 시간 | C13: 12:15~13:00 | D13: 이스트시티 | E13: 5개 | F13: 협조적이심. | I13: 시간 | J13: 13:00~14:30 | K13: 힐스테이트 가양더와이즈 | L13: 102동 41층 4.9억 외 투자매물 추려서 준비해주신다함 굿굿 | N13: O | P13: 시간 | Q13: 13:30~ | R13: 휴먼시아1단지+ 이스트2단지 | S13: 새들뫼 110 중층 4.3억 이스트 201/고층 4.3억 | U13: O | W13: 시간 | X13: 0.5625 | Y13: 새들뫼,펜타뷰 | AB13: 일단 오세요 | AD13: 시간 | AE13: 18:00-19:00 | AF13: 리더스시티4BL / 5BL | AG13: [1] 4BL 30A형 - 7층 주인거주 - 2년채워야 해서 26.08까지 기달 3.2 [2] 4BL 30B형 - 18층 18층이어도 B보다 A가 구조가 더 좋고 조망이 좋아서 (18층은 뭔가 막혀있어서) [1]번 매물 더 추천. B형이 500 더 싸게 감 | AH13: 4BL A타입이 구조 더 좋고 7층이어도 18층B형보다 조망 좋다는데 확인해볼 것. | AI13: O
B14: 예약자 | C14: 라떼 | I14: 예약자 | J14: 로에 | P14: 예약자 | Q14: 그늘 | W14: 예약자 | X14: 라니 (투넘버) | AD14: 예약자 | AE14: MZ
B15: 부동산명 | C15: 이스트시티공인 | I15: 부동산명 | J15: 착한공인 | P15: 부동산명 | Q15: 새들뫼공인중개 | W15: 부동산명 | X15: 펜타뷰114 | AD15: 부동산명
B16: 부동산연락처 | C16: 010-7477-0355 | I16: 부동산연락처 | J16: 010-5421-6101 | P16: 부동산연락처 | Q16: 010-3270-6200 | W16: 부동산연락처 | X16: 010-5345-3160 | AD16: 부동산연락처
B17: 시간 | C17: 13:00~14:00 | D17: 새들뫼 | E17: 집주인새들뫼휴먼시아1단지 102동 매매4억 3,000 아파트112C-/84m², 26/26층, 남동향 다들 집만 보고 가서 안사니깐 안보여줄려고 하심. ㅠㅠ | F17: 중간? 좀 껄끄러워하심. | I17: 시간 | J17: 15:30~17:00 | K17: 꿈에그린 용방마을 | L17: 꿈그 106동 5층 2.6억 (기본, 깔끔) 용방 303동 8층 2.35억 (수리 x) 용방 2.5억 (수리O, 도배는 필요할 수도) | M17: 어디로 이사 많이 가나요 | N17: O | P17: 시간 | Q17: 15:00~16:00 | R17: 리더스시티4단지 & 5단지 | S17: 1. 2, 3. 4. 5. | U17: O | W17: 시간 | X17: 0.625 | Y17: 이스트1 | Z17: *이스트시티84타입 정리* 1.104-1404호 2.103 동 고층 주인전세 가능한 매물 3.102-404호 매:4.95억 기전세금3억 27년7월초 아침 9시30분 볼수 있음 그래서 볼수는 없음 30평:111동1401호 26평:108동26층 방문약속했어요 이스트는 이렇게 보여준다고 | AB17: O | AD17: 시간
B18: 예약자 | C18: 라떼 | I18: 예약자 | J18: 케빈 | P18: 예약자 | Q18: 데이 | W18: 예약자 | X18: 학생 | AD18: 예약자
B19: 부동산명 | C19: 새들뫼사랑공인 | I19: 부동산명 | J19: 열린 | P19: 부동산명 | Q19: 리더스시티공인 | W19: 부동산명 | AD19: 부동산명
B20: 부동산연락처 | C20: 010-3063-3670 | I20: 부동산연락처 | J20: 010-7275-1941 | P20: 부동산연락처 | Q20: 010-6759-9050 | W20: 부동산연락처 | AD20: 부동산연락처
B21: 시간 | C21: 14:00~15:00 | D21: 어진마을 신흥마을 | E21: 정리타임 및 식사 >>> 누구 맘대로요????????? ♡^.^♡ >>> 정리는 이동 중에 ~~~ *^.^* 어진 vs 신흥 비교 | F21: 부사님 사무실 2시 | G21: O | I21: 시간 | J21: 17:00~18:30 | K21: E편한에코포레 | L21: 117동 저층(4층) 4.2억 / 3억 안고 세만기 (갱신권 완료) 103동 30층 59 / 세 안고 물건 보기 어려움 | M21: 사장님 자꾸 동시진행 안 된다고 입주물건 안 보여줌 | N21: o | P21: 시간 | Q21: 16:30~17:30 | R21: e편한세상에코포레 | S21: 1. 2, 3. 4. 5. | U21: O | W21: 시간 | X21: 0.66666667 | Y21: 위드힐 | AB21: O | AD21: 시간
B22: 예약자 | C22: 가히 | I22: 예약자 | J22: 케빈 | P22: 예약자 | Q22: 데이 | W22: 예약자 | X22: 라니 | AD22: 예약자
B23: 부동산명 | C23: 어진마을공인 | I23: 부동산명 | J23: 용운E편한 | P23: 부동산명 | Q23: 에코포레합동 (부부)에코포레공인 | W23: 부동산명 | X23: 천동공인중개사 | AD23: 부동산명
B24: 부동산연락처 | C24: 010-9784-3360 | I24: 부동산연락처 | J24: 010-3462-1291 | P24: 부동산연락처 | Q24: 010-3466-9100 | W24: 부동산연락처 | X24: 010-9429-9177 | AD24: 부동산연락처
B25: 시간 | C25: 15:00~16:00 | D25: e편한세상 에코포레 | E25: 104동 1303호 4.25 / 6월12,13일 만기 더 살길 원함 113동 2502호 4.45 / 12월 만기, 학군 땜에 | F25: 3시 104동 앞에서 | G25: O | I25: 시간 | J25: 18:30~19:30 | K25: 삼정그린코아 | L25: 105동 1403호 4.2억 31평 9층도 있는데 뷰 간섭 같은 가격이지만 덜 좋음 (이건 안 봄) 202동 905 3.6억 29평 203동 16층 3.47억 29평 둘다 팔아야 함 | M25: 사장님 꼬치꼬치 캐물어보셔서 여자친구랑 간다함 | N25: o | P25: 시간 | Q25: 18:00~19:00 | R25: 판암삼정그린코아 1,2단지 | S25: 1. 2, 3. 4. 5. 6. 7. | U25: O | W25: 시간 | X25: 0.70833333 | Y25: 리더스45 74 SK뷰 59 | Z25: 리더스4 59 최근거래되서 전세놓을수있는물건이 없다 | AB25: O | AD25: 시간
B26: 예약자 | C26: 가히 | I26: 예약자 | J26: 케빈 | P26: 예약자 | Q26: 데이 | W26: 예약자 | X26: 라니 | AD26: 예약자
B27: 부동산명 | C27: 대청부동산 | I27: 부동산명 | J27: 삼정코아행복 | P27: 부동산명 | Q27: 삼정코아행복공인 | W27: 부동산명 | X27: 부동산이즈리더스 | AD27: 부동산명
B28: 부동산연락처 | C28: 010-7444-1130 | I28: 부동산연락처 | J28: 010-5388-8266 | P28: 부동산연락처 | Q28: 010-5388-8266 | W28: 부동산연락처 | X28: 010-4488-2820 | AD28: 부동산연락처
B29: 시간 | C29: 16:00~17:00 | D29: 삼정그린코아 1단지 | E29: 29평/ 104-1903 (RR) - 4.0 28평/ 113-1403 - 3.7 (조정 가능) 24평/ 113-301 - 3.4/2.5 (27.10 만기) | F29: 부동산 사무실 4시 | G29: O | I29: 시간 | P29: 시간 | W29: 시간 | X29: 0.75 | Y29: 은어송코로오하늘채12 은어송하늘채리버뷰 | Z29: 학생님 리더스 시간 확인하고 예약 할게요 | AD29: 시간
B30: 예약자 | C30: 가히 | I30: 예약자 | P30: 예약자 | W30: 예약자 | AD30: 예약자
B31: 부동산명 | C31: 복돼지부동산 | I31: 부동산명 | P31: 부동산명 | W31: 부동산명 | AD31: 부동산명
B32: 부동산연락처 | C32: 010-6330-3993 | I32: 부동산연락처 | P32: 부동산연락처 | W32: 부동산연락처 | AD32: 부동산연락처
B33: 시간 | C33: 17:30~18:30 | D33: 은어송 하늘채리버뷰 (24년식) | E33: 102동 4.85 천변뷰 + 물건 2개 더 | F33: 리버뷰공인중개사사무소 | G33: O | I33: 시간 | P33: 시간 | W33: 시간 | AD33: 시간
B34: 예약자 | C34: 라떼 | I34: 예약자 | P34: 예약자 | W34: 예약자 | AD34: 예약자
B35: 부동산명 | C35: 리버뷰공인 | I35: 부동산명 | P35: 부동산명 | W35: 부동산명 | AD35: 부동산명
B36: 부동산연락처 | C36: 010-3460-6176 | I36: 부동산연락처 | P36: 부동산연락처 | W36: 부동산연락처 | AD36: 부동산연락처
B37: 시간 | C37: 18:30~19:30 | D37: 은어송2단지 코오롱하늘채07 | E37: 기존 예약 취소 → 당일예약 | G37: O | I37: 시간 | P37: 시간 | W37: 시간 | AD37: 시간
B38: 예약자 | C38: 가히 | I38: 예약자 | P38: 예약자 | W38: 예약자 | AD38: 예약자
B39: 부동산명 | I39: 부동산명 | P39: 부동산명 | W39: 부동산명 | AD39: 부동산명
B40: 부동산연락처 | C40: 9731-4500 | I40: 부동산연락처 | P40: 부동산연락처 | W40: 부동산연락처 | AD40: 부동산연락처
B41: 시간 | I41: 시간 | P41: 시간 | W41: 시간 | AD41: 시간
B42: 예약자 | I42: 예약자 | P42: 예약자 | W42: 예약자 | AD42: 예약자
B43: 부동산명 | I43: 부동산명 | P43: 부동산명 | W43: 부동산명 | AD43: 부동산명
B44: 부동산연락처 | I44: 부동산연락처 | P44: 부동산연락처 | W44: 부동산연락처 | AD44: 부동산연락처
B45: 시간 | I45: 시간 | P45: 시간 | W45: 시간 | Z45: 드랍 | AD45: 시간 | AG45: 드랍
B46: 예약자 | I46: 예약자 | P46: 예약자 | W46: 예약자 | AD46: 예약자
B47: 부동산명 | I47: 부동산명 | P47: 부동산명 | W47: 부동산명 | X47: 010-7330-3662 | AD47: 부동산명 | AE47: 010-7330-3662
B48: 부동산연락처 | I48: 부동산연락처 | P48: 부동산연락처 | W48: 부동산연락처 | X48: 새들뫼으뜸 | AD48: 부동산연락처 | AE48: 새들뫼으뜸
B49: 시간 | I49: 시간 | P49: 시간 | W49: 시간 | AD49: 시간
B50: 예약자 | I50: 예약자 | P50: 예약자 | W50: 예약자 | AD50: 예약자
B51: 부동산명 | I51: 부동산명 | P51: 부동산명 | W51: 부동산명 | AD51: 부동산명
B52: 부동산연락처 | I52: 부동산연락처 | P52: 부동산연락처 | W52: 부동산연락처 | AD52: 부동산연락처
B53: 시간 | I53: 시간 | P53: 시간 | W53: 시간 | AD53: 시간
B54: 예약자 | I54: 예약자 | P54: 예약자 | W54: 예약자 | AD54: 예약자
B55: 부동산명 | I55: 부동산명 | P55: 부동산명 | W55: 부동산명 | AD55: 부동산명
B56: 부동산연락처 | I56: 부동산연락처 | P56: 부동산연락처 | W56: 부동산연락처 | AD56: 부동산연락처
B57: 시간 | I57: 시간 | P57: 시간 | W57: 시간 | AD57: 시간
B58: 예약자 | I58: 예약자 | P58: 예약자 | W58: 예약자 | AD58: 예약자
B59: 부동산명 | I59: 부동산명 | P59: 부동산명 | W59: 부동산명 | AD59: 부동산명
B60: 부동산연락처 | I60: 부동산연락처 | P60: 부동산연락처 | W60: 부동산연락처 | AD60: 부동산연락처
B63: 날짜 | C63: 4/25 (토) | I63: 날짜 | J63: 4/25 (토) | P63: 날짜 | Q63: 4/25 (토) | W63: 날짜 | X63: 4/25 (토) | AD63: 날짜 | AE63: 4/25 (토)
B64: 팀 | C64: 가히/MZ | I64: 팀 | J64: 케빈/로에 | P64: 팀 | Q64: 데이/그늘 | W64: 팀 | X64: 라니/학생 | AD64: 팀 | AE64: 르떼
B65: 구분 | D65: 단지명 | E65: 상세 예약 정보 | F65: 참고사항 + 여쭤볼 것 | G65: 예약 확정 | I65: 구분 | K65: 단지명 | L65: 상세 예약 정보 | M65: 가서 사장님께 여쭤볼것 | N65: 예약 확정 | P65: 구분 | R65: 단지명 | S65: 상세 예약 정보 | T65: 가서 사장님께 여쭤볼것 | U65: 예약 확정 | W65: 구분 | Y65: 단지명 | Z65: 상세 예약 정보 | AA65: 가서 사장님께 여쭤볼것 | AB65: 예약 확정 | AD65: 구분 | AF65: 단지명 | AG65: 상세 예약 정보 | AH65: 가서 사장님께 여쭤볼것 | AI65: 예약 확정
B66: 시간 | C66: 9:30~11:00 | F66: - 한밭 vs 스맡 vs 아침 | I66: 시간 | J66: 10:00~11:30 | P66: 시간 | Q66: 09:00~10:00 | R66: 신흥SK뷰 (24평 추가) | U66: O | W66: 시간 | X66: 0.41666667 | Y66: 한밭자이 | AD66: 시간 | AE66: 10:00~11:30 | AF66: 한밭자이 태평동 버드내 | AG66: 한밭자이랑 중구 태평동 버드내마을? 한밭자이 3.5억 주인거주 27년 2월 다른곳으로 입주 태평동버드내 3.3 / 2.7 4월만기
B67: 예약자 | C67: MZ | I67: 예약자 | P67: 예약자 | Q67: 데이 | W67: 예약자 | X67: 라니 | AD67: 예약자
B68: 부동산명 | I68: 부동산명 | P68: 부동산명 | Q68: 신흥SK나라공인 | W68: 부동산명 | AD68: 부동산명
B69: 부동산연락처 | I69: 부동산연락처 | P69: 부동산연락처 | Q69: 010-7266-7889 | W69: 부동산연락처 | AD69: 부동산연락처
B70: 시간 | C70: 11:00~12:30 | F70: - 한밭 vs 스맡 vs 아침 | I70: 시간 | J70: 11:30~13:00 | P70: 시간 | Q70: 10:30~11:30 | R70: 은어송하늘채리버뷰 | U70: O | W70: 시간 | X70: 0.47916667 | Y70: 스마트뷰,아침마을 (실거주) | AD70: 시간
B71: 예약자 | C71: MZ | I71: 예약자 | P71: 예약자 | Q71: 데이 | W71: 예약자 | X71: 학생 | AD71: 예약자
B72: 부동산명 | I72: 부동산명 | P72: 부동산명 | Q72: 하늘채박사공인 | W72: 부동산명 | AD72: 부동산명
B73: 부동산연락처 | I73: 부동산연락처 | P73: 부동산연락처 | W73: 부동산연락처 | AD73: 부동산연락처
B74: 시간 | C74: 13:30~15:00 | D74: 힐스테이트가양더와이즈 (주복) + e편한센텀비스타 | E74: 102동 3201호 102동 1501호 102동 고/49층 - 월세 101동 701호 103동 4701호 | F74: - e편한 입주 영향 - 힐스 vs e편한 선호 차이 - 분양 아파트 가격 구조 | G74: O | I74: 시간 | J74: 13:00~14:00 | P74: 시간 | Q74: 11:40~12:50 | R74: 은어송2단지하늘채 & 3단지아이파크 | U74: O | W74: 시간 | X74: 0.54166667 | Y74: 힐스테이트가양 (이편한세상) | AD74: 시간
B75: 예약자 | C75: 가히 | I75: 예약자 | P75: 예약자 | Q75: 데이 | W75: 예약자 | AD75: 예약자
B76: 부동산명 | C76: 투자공인 | I76: 부동산명 | P76: 부동산명 | Q76: 코오롱하늘채공인 | W76: 부동산명 | AD76: 부동산명
B77: 부동산연락처 | C77: 010-3478-5993 | I77: 부동산연락처 | P77: 부동산연락처 | W77: 부동산연락처 | AD77: 부동산연락처
B78: 시간 | C78: 15:00~16:30 | D78: 아침마을LH | E78: 116동 6층 116동 18층 102동 13층 | F78: - 한밭 vs 스맡 vs 아침 | G78: O | I78: 시간 | J78: 14:00~15:30 | P78: 시간 | Q78: 14:30~15:30 | R78: 힐스테이트가양더와이즈 | U78: O | W78: 시간 | X78: 0.58333333 | Y78: 갤러리아휴리움 | AD78: 시간
B79: 예약자 | C79: 가히 | I79: 예약자 | P79: 예약자 | Q79: 데이 | W79: 예약자 | AD79: 예약자
B80: 부동산명 | C80: 아침마을114 | I80: 부동산명 | P80: 부동산명 | Q80: 착한공인 | W80: 부동산명 | AD80: 부동산명
B81: 부동산연락처 | C81: 010-9998-8114 | I81: 부동산연락처 | P81: 부동산연락처 | W81: 부동산연락처 | AD81: 부동산연락처
B82: 시간 | C82: 16:30~18:00 | I82: 시간 | J82: 15:30~17:00 | P82: 시간 | R82: 한밭자이 | W82: 시간 | X82: 0.625 | Y82: 고운하이플러스 | AD82: 시간
B83: 예약자 | I83: 예약자 | P83: 예약자 | Q83: 그늘 | W83: 예약자 | AD83: 예약자
B84: 부동산명 | I84: 부동산명 | P84: 부동산명 | W84: 부동산명 | AD84: 부동산명
B85: 부동산연락처 | I85: 부동산연락처 | P85: 부동산연락처 | W85: 부동산연락처 | AD85: 부동산연락처
B86: 시간 | C86: 18:00~19:30 | I86: 시간 | J86: 17:00~18:30 | P86: 시간 | R86: 스마트뷰 | W86: 시간 | AD86: 시간
B87: 예약자 | I87: 예약자 | P87: 예약자 | Q87: 그늘 | W87: 예약자 | AD87: 예약자
B88: 부동산명 | I88: 부동산명 | P88: 부동산명 | W88: 부동산명 | AD88: 부동산명
B89: 부동산연락처 | I89: 부동산연락처 | P89: 부동산연락처 | W89: 부동산연락처 | AD89: 부동산연락처
B90: 시간 | I90: 시간 | P90: 시간 | R90: 아침마을LH | W90: 시간 | AD90: 시간
B91: 예약자 | I91: 예약자 | P91: 예약자 | Q91: 그늘 | W91: 예약자 | AD91: 예약자
B92: 부동산명 | I92: 부동산명 | P92: 부동산명 | W92: 부동산명 | AD92: 부동산명
B93: 부동산연락처 | I93: 부동산연락처 | P93: 부동산연락처 | W93: 부동산연락처 | AD93: 부동산연락처
B94: 시간 | I94: 시간 | P94: 시간 | W94: 시간 | AD94: 시간
B95: 예약자 | I95: 예약자 | P95: 예약자 | W95: 예약자 | AD95: 예약자
B96: 부동산명 | I96: 부동산명 | P96: 부동산명 | W96: 부동산명 | AD96: 부동산명
B97: 부동산연락처 | I97: 부동산연락처 | P97: 부동산연락처 | W97: 부동산연락처 | AD97: 부동산연락처
B98: 시간 | I98: 시간 | P98: 시간 | W98: 시간 | AD98: 시간
B99: 예약자 | I99: 예약자 | P99: 예약자 | W99: 예약자 | AD99: 예약자
B100: 부동산명 | I100: 부동산명 | P100: 부동산명 | W100: 부동산명 | AD100: 부동산명
B101: 부동산연락처 | I101: 부동산연락처 | P101: 부동산연락처 | W101: 부동산연락처 | AD101: 부동산연락처

Sheet Step3-1. 아맞다 전화임장!
B1: 목표 | C1: 100 | D1: 달성률
B2: 실적 | C2: =COUNTA(C7:C1006) -> 104 | D2: =C2/C1 -> 1.04
F3: 부동산 정보 | J3: 아파트 정보 | N3: 매물 정보
B4: 순번 | C4: 닉네임 | D4: 일자 | E4: 요일 | F4: 부동산명 | G4: 전화번호 | H4: 매매 매물수 | I4: 전세 매물수 | J4: 단지명 | K4: 입주시기 | L4: 세대수 | M4: 연식 | N4: 동/층/향 | O4: 공급평형 | P4: 매매가 | Q4: 전세가 | R4: 매전차 | S4: 평단가 | T4: 전세가율 | U4: 특이사항/전임내용 | V4: 부동산 평가 | W4: 얻은 정보/내생각 | X4: 공유용 양식 (자동 완성) | AA4: 우리 조 총 실적 | AB4: =sum(AB6:AB14) -> 104 | AC4: =IF(AB4=C2,"","check")
B5: 예시 | C5: OOO | D5: 2024.01.01. | E5: 일 | F5: 금나무공인중개사사무소 | G5: 02-592-5600,010-2858-1475 | H5: 17 | I5: 32 | J5: 래미안원베일리 | K5: 2023.08 | L5: 2990 | M5: =year(today())-K5+1 -> 3.92 | N5: 116동 14층 남향 | O5: 24 | P5: 270000 | Q5: 120000 | R5: =P5-Q5 -> 150000 | S5: =P5/O5 -> 11250 | T5: =Q5/P5 -> 0.44444444 | U5: 첫입주, 풀옵션. 24년 2월 28일 협의. | V5: 친절하고 투자물건에 대해 잘 앎. | Z5: 닉네임 | AA5: 이번달 목표 | AB5: 실적 | AC5: 달성률
B6: 1 | C6: 루시퍼홍#1 | D6: 2026.02.02 | E6: 월 | F6: 왜이제왔어공인 | G6: 02-1234-5678 | H6: 70 | I6: 14 | J6: 🐕편한세상 | K6: 2021.12 | L6: 1000 | M6: =year(today())-K6+1 -> 5.88 | N6: 1동 7층 남향 | O6: 24 | P6: 70000 | Q6: 50000 | R6: =if(and(P6 <> "", Q6 <> ""), P6-Q6, "") -> 20000 | S6: =if(and(P6 <> "", O6 <> ""), P6/O6, "") -> 2916.6667 | T6: =if(and(Q6 <> "", P6 <> ""), Q6/P6, "") -> 0.71428571 | U6: 집주인거주. 입주일 협의. 특올수리 | V6: 엄청 친절하신 일잘러 사장님 | W6: 1단지는 지주연결이 되어 있는데 2단지는 안되어 있음. 최근 2단지가 6.9억에 거래됐고 아직 실거래는 안올라옴 | X6: =if(OR(U6 <>"", V6<>"", W6 <> ""), TEXTJOIN("", TRUE, J6, " ", K6, " ", L6, "^", char(10), F6, " ", G6, char(10), O6, "p ",N6, " ", P6, " / ", Q6 , " ", CHAR(10),CHAR(10), U6, CHAR(10),CHAR(10), "<부동산 평가>",CHAR(10),CHAR(10), V6, CHAR(10),CHAR(10), "<얻은 정보>", CHAR(10),CHAR(10),W6), "") -> 🐕편한세상 2021.12 1000^ 왜이제왔어공인 02-1234-5678 24p 1동 7층 남향 70,000 / 50,000 집주인거주. 입주일 협의. 특올수리 <부동산 평가> 엄청 친절하신 일잘러 사장님 <얻은 정보> 1단지는 지주연결이 되어 있는데 2단지는 안되어 있음. 최근 2단지가 6.9억에 거래됐고 아직 실거래는 안올라옴 | Z6: 가히 | AA6: 40 | AB6: =COUNTIF($C:$C,$Z6) -> 18 | AC6: =AB6/AA6 -> 0.45
B7: =B6+1 -> 2 | C7: 라니 | D7: 2026.04.01 | E7: 수 | F7: 태양공인중개사 | G7: 010-8631-0785 | H7: - | I7: - | J7: 이스트시티 | K7: 2018 | M7: =year(today())-K7+1 -> 9 | O7: 34 | P7: 52000 | Q7: 38000 | R7: =if(and(P7 <> "", Q7 <> ""), P7-Q7, "") -> 14000 | S7: =if(and(P7 <> "", O7 <> ""), P7/O7, "") -> 1529.4118 | T7: =if(and(Q7 <> "", P7 <> ""), Q7/P7, "") -> 0.73076923 | U7: 단지 특정하지 않고 전세 시세와 전세 매물 추천 요청 현재 전세 시세 3.8-4.0. SK 전세 3.7짜리 2개가 있는데 하나는 에어컨 있고 하나는 에어컨 없는거다. 둘다 천변 보이는쪽이 RR이고 이스트시티는 철길쪽이랑 철길 아닌쪽이랑 전세가도 차이 난다(천만원정도) 현재 전세가 많지 않다. 두개 보고 자녀있으면 이스트시티 선택하는데 SK도 104.105.106 쪽은 학교랑 가깝다 SK가 비싼 이유는 연식 때문이다. 단지가 대전역에서 걸어서 얼마걸리나? 15분 정도 걸린다. 보통 여기는 둘중에 한명이 KTX 타고 다른곳 (김천구미.동대구,서울) 이용해야 하는 사람들이 중간 합의점으로 찾는 곳이다. | V7: 친절 일잘러 | W7: 두개 선호요소가 명확하다. 이스트-초품아, SK-연식 매임으로 SK들어왔을때 주변 분위기도 물어 봐야겠다. 이스트는 철길쪽과 철길아닌쪽 전세 최근실거래좀 찾아봐야겠다. | X7: =if(OR(U7 <>"", V7<>"", W7 <> ""), TEXTJOIN("", TRUE, J7, " ", K7, " ", L7, "^", char(10), F7, " ", G7, char(10), O7, "p ",N7, " ", P7, " / ", Q7 , " ", CHAR(10),CHAR(10), U7, CHAR(10),CHAR(10), "<부동산 평가>",CHAR(10),CHAR(10), V7, CHAR(10),CHAR(10), "<얻은 정보>", CHAR(10),CHAR(10),W7), "") -> 이스트시티 2018 ^ 태양공인중개사 010-8631-0785 34p 52,000 / 38,000 단지 특정하지 않고 전세 시세와 전세 매물 추천 요청 현재 전세 시세 3.8-4.0. SK 전세 3.7짜리 2개가 있는데 하나는 에어컨 있고 하나는 에어컨 없는거다. 둘다 천변 보이는쪽이 RR이고 이스트시티는 철길쪽이랑 철길 아닌쪽이랑 전세가도 차이 난다(천만원정도) 현재 전세가 많지 않다. 두개 보고 자녀있으면 이스트시티 선택하는데 SK도 104.105.106 쪽은 학교랑 가깝다 SK가 비싼 이유는 연식 때문이다. 단지가 대전역에서 걸어서 얼마걸리나? 15분 정도 걸린다. 보통 여기는 둘중에 한명이 KTX 타고 다른곳 (김천구미.동대구,서울) 이용해야 하는 사람들이 중간 합의점으로 찾는 곳이다. <부동산 평가> 친절 일잘러 <얻은 정보> 두개 선호요소가 명확하다. 이스트-초품아, SK-연식 매임으로 SK들어왔을때 주변 분위기도 물어 봐야겠다. 이스트는 철길쪽과 철길아닌쪽 전세 최근실거래좀 찾아봐야겠다. | Z7: 그늘 | AA7: 32 | AB7: =COUNTIF($C:$C,$Z7) -> 12 | AC7: =AB7/AA7 -> 0.375
B8: =B7+1 -> 3 | C8: 그늘 | D8: 2026.4.1. | E8: 수 | F8: sk진공인중개 | G8: 010-9677-0709 | H8: 26 | I8: 0 | J8: 신흥SKVIEW | K8: 2022.04 | L8: 1588 | M8: =year(today())-K8+1 -> 4.96 | N8: 103동/고(탑층아님)/남동향 | O8: 34 | P8: 56000 | Q8: 35000 | R8: =if(and(P8 <> "", Q8 <> ""), P8-Q8, "") -> 21000 | S8: =if(and(P8 <> "", O8 <> ""), P8/O8, "") -> 1647.0588 | T8: =if(and(Q8 <> "", P8 <> ""), Q8/P8, "") -> 0.625 | U8: 투자자컨셉 현재 저층 탑층 제외 가장 저렴한 물건. 월세입자 5000/100만, 월세입자가 관리 잘했고 따로 인테리어 하신 건 없으심. 26.12.하순 월세 계약 만료(갱신X) 더 산다고 하시면 협의 해볼 물건임. 그래도 집을 보여주신다고 함. 그외 101동 15층 59000원 말씀하시는 데 더 저렴하게 할 수 있을 물건 있음. 분양받아서 주인이 가야하는 물건임. 101동은 뻥뷰. 주인거주중 조합원 세대 물건(선호) | V8: 사장님 친절 일잘러느낌 | W8: 현재 단지들에 전세가 잘 안나가고 있는 상황임. 3.5억은 생각해야 함. 3.6억 이상으로 나와있으나, 그전에도 3.3-3.5까지 나갔는데, 요즘 전세가 없다보니 살짝 높여 나왔으나 전세 찾는 손님이 없음. 주변 단지 중에서는 재개발 지역의 대장 아파트라, 가격이 빠지지 않았고 주변 LH, 여기만 브랜드라 관심이 높다. 20평대에 신혼부부들이 좋아하고, 20평대가 더 선호도가 좋다. 대동역 10분 내 도보 등으로 대전역이 가까워 젊은 사람들의 선호가 높다. 조합원 세대와 일반분양 세대가 있는데 조합원 선호가 있고, 109동이 제일 로얄동, 다음 109동이 좋고, 108, 109동은 남서향, 101동도 조합원동으로 남동향. | X8: =if(OR(U8 <>"", V8<>"", W8 <> ""), TEXTJOIN("", TRUE, J8, " ", K8, " ", L8, "^", char(10), F8, " ", G8, char(10), O8, "p ",N8, " ", P8, " / ", Q8 , " ", CHAR(10),CHAR(10), U8, CHAR(10),CHAR(10), "<부동산 평가>",CHAR(10),CHAR(10), V8, CHAR(10),CHAR(10), "<얻은 정보>", CHAR(10),CHAR(10),W8), "") -> 신흥SKVIEW 2022.04 1588^ sk진공인중개 010-9677-0709 34p 103동/고(탑층아님)/남동향 56,000 / 35,000 투자자컨셉 현재 저층 탑층 제외 가장 저렴한 물건. 월세입자 5000/100만, 월세입자가 관리 잘했고 따로 인테리어 하신 건 없으심. 26.12.하순 월세 계약 만료(갱신X) 더 산다고 하시면 협의 해볼 물건임. 그래도 집을 보여주신다고 함. 그외 101동 15층 59000원 말씀하시는 데 더 저렴하게 할 수 있을 물건 있음. 분양받아서 주인이 가야하는 물건임. 101동은 뻥뷰. 주인거주중 조합원 세대 물건(선호) <부동산 평가> 사장님 친절 일잘러느낌 <얻은 정보> 현재 단지들에 전세가 잘 안나가고 있는 상황임. 3.5억은 생각해야 함. 3.6억 이상으로 나와있으나, 그전에도 3.3-3.5까지 나갔는데, 요즘 전세가 없다보니 살짝 높여 나왔으나 전세 찾는 손님이 없음. 주변 단지 중에서는 재개발 지역의 대장 아파트라, 가격이 빠지지 않았고 주변 LH, 여기만 브랜드라 관심이 높다. 20평대에 신혼부부들이 좋아하고, 20평대가 더 선호도가 좋다. 대동역 10분 내 도보 등으로 대전역이 가까워 젊은 사람들의 선호가 높다. 조합원 세대와 일반분양 세대가 있는데 조합원 선호가 있고, 109동이 제일 로얄동, 다음 109동이 좋고, 108, 109동은 남서향, 101동도 조합원동으로 남동향. | Z8: 라니 | AA8: 40 | AB8: =COUNTIF($C:$C,$Z8) -> 19 | AC8: =AB8/AA8 -> 0.475
B9: =B8+1 -> 4 | C9: 그늘 | D9: 2026.4.1.. | E9: 수. | F9: 위드힐탑 | G9: 042-282-3349 | H9: 122 | I9: 4 | J9: 리더스시티5BL | K9: 2024.12 | L9: 2135 | M9: =year(today())-K9+1 -> 2.88 | N9: 505동/중/남동 | O9: 34 | P9: 50000 | Q9: 28000 | R9: =if(and(P9 <> "", Q9 <> ""), P9-Q9, "") -> 22000 | S9: =if(and(P9 <> "", O9 <> ""), P9/O9, "") -> 1470.5882 | T9: =if(and(Q9 <> "", P9 <> ""), Q9/P9, "") -> 0.56 | U9: 전세낀 물건, 28000에 들어있고, 내년 27년 1월 30일 만기. 집은 보여주실 수 있다고 함. 에어컨 4대 501동 로얄동 로얄층 전세 28000 물건 있으나 보여주지는 않는다고 하심. 에어컨 3대, 중문, 주방 수납 등 현재 지금 전세 받는다면 3.2억 정도에서 거래될 수 있으나, 손님이 많지는 않음. 현재 실거래가 잘 이뤄지지 않아, 거래가가 제대로 나와있지 않고, 주인분들이 원하시는 희망 호가가 올라가있는 경향이 있음. | V9: 전반적으로 묻는 질문에 답은 하시나, 적극적이진 않으심 | W9: 죄송합니다. 제대로 못물어봤네요~^^ | X9: =if(OR(U9 <>"", V9<>"", W9 <> ""), TEXTJOIN("", TRUE, J9, " ", K9, " ", L9, "^", char(10), F9, " ", G9, char(10), O9, "p ",N9, " ", P9, " / ", Q9 , " ", CHAR(10),CHAR(10), U9, CHAR(10),CHAR(10), "<부동산 평가>",CHAR(10),CHAR(10), V9, CHAR(10),CHAR(10), "<얻은 정보>", CHAR(10),CHAR(10),W9), "") -> 리더스시티5BL 2024.12 2135^ 위드힐탑 042-282-3349 34p 505동/중/남동 50,000 / 28,000 전세낀 물건, 28000에 들어있고, 내년 27년 1월 30일 만기. 집은 보여주실 수 있다고 함. 에어컨 4대 501동 로얄동 로얄층 전세 28000 물건 있으나 보여주지는 않는다고 하심. 에어컨 3대, 중문, 주방 수납 등 현재 지금 전세 받는다면 3.2억 정도에서 거래될 수 있으나, 손님이 많지는 않음. 현재 실거래가 잘 이뤄지지 않아, 거래가가 제대로 나와있지 않고, 주인분들이 원하시는 희망 호가가 올라가있는 경향이 있음. <부동산 평가> 전반적으로 묻는 질문에 답은 하시나, 적극적이진 않으심 <얻은 정보> 죄송합니다. 제대로 못물어봤네요~^^ | Z9: 케빈 | AA9: 30 | AB9: =COUNTIF($C:$C,$Z9) -> 14 | AC9: =AB9/AA9 -> 0.46666667
B10: =B9+1 -> 5 | C10: 가히 | D10: 46113 | E10: 수 | F10: SK진공인 | G10: 010-9677-0709 | H10: 26 | I10: 0 | J10: 신흥SK뷰 | K10: 2022.04 | L10: 1588 | M10: =year(today())-K10+1 -> 4.96 | N10: 103동 고/24층 남동향 | O10: 34 | P10: 56000 | Q10: 37000 | R10: =if(and(P10 <> "", Q10 <> ""), P10-Q10, "") -> 19000 | S10: =if(and(P10 <> "", O10 <> ""), P10/O10, "") -> 1647.0588 | T10: =if(and(Q10 <> "", P10 <> ""), Q10/P10, "") -> 0.66071429 | U10: [매물 정보] - 103동 고/24층 남동향 : 5.6억 - 102, 103동은 조망이 살짝 막힘 (특히 남동), 101동이 앞동에 남서향이 전망 좋은 편인데 5.9억부터 - 다른 매물 추천 : 101동 7층인데 5.9 -> 5.8 가능 | V10: 친절, 일잘러는 아니시지만 손님과 유대감 쌓기 좋을 스타일 | W10: [시세/분위기] - 현재 전세 고층 3.6 (3/24에 1천 내림) & 저층 3.7 - 부사님 처음에 전세 3.8~3.9 말씀하시다가 3.5가 안전선이라고 말바꾸심 - 전세 문의가 활발하고 빠르게 나가는 편은 아닐 것으로 예상 | X10: =if(OR(U10 <>"", V10<>"", W10 <> ""), TEXTJOIN("", TRUE, J10, " ", K10, " ", L10, "^", char(10), F10, " ", G10, char(10), O10, "p ",N10, " ", P10, " / ", Q10 , " ", CHAR(10),CHAR(10), U10, CHAR(10),CHAR(10), "<부동산 평가>",CHAR(10),CHAR(10), V10, CHAR(10),CHAR(10), "<얻은 정보>", CHAR(10),CHAR(10),W10), "") -> 신흥SK뷰 2022.04 1588^ SK진공인 010-9677-0709 34p 103동 고/24층 남동향 56,000 / 37,000 [매물 정보] - 103동 고/24층 남동향 : 5.6억 - 102, 103동은 조망이 살짝 막힘 (특히 남동), 101동이 앞동에 남서향이 전망 좋은 편인데 5.9억부터 - 다른 매물 추천 : 101동 7층인데 5.9 -> 5.8 가능 <부동산 평가> 친절, 일잘러는 아니시지만 손님과 유대감 쌓기 좋을 스타일 <얻은 정보> [시세/분위기] - 현재 전세 고층 3.6 (3/24에 1천 내림) & 저층 3.7 - 부사님 처음에 전세 3.8~3.9 말씀하시다가 3.5가 안전선이라고 말바꾸심 - 전세 문의가 활발하고 빠르게 나가는 편은 아닐 것으로 예상 | Z10: 굿데이 | AA10: 50 | AB10: =COUNTIF($C:$C,$Z10) -> 14 | AC10: =AB10/AA10 -> 0.28
B11: =B10+1 -> 6 | C11: 가히 | D11: 46113 | E11: 수 | F11: 이스트시티공인 | G11: 010-7477-0355 | J11: 이스트시티1단지 | K11: 2018 | M11: =year(today())-K11+1 -> 9 | N11: 109동 고/29층 | O11: 34 | P11: 50000 | Q11: 29000 | R11: =if(and(P11 <> "", Q11 <> ""), P11-Q11, "") -> 21000 | S11: =if(and(P11 <> "", O11 <> ""), P11/O11, "") -> 1470.5882 | T11: =if(and(Q11 <> "", P11 <> ""), Q11/P11, "") -> 0.58 | U11: 5억 세안고 (3억 미만, 말씀안해주심 ㅠ) [전세 시세] - 전세 현재 전세 3.8 & 4.0 & 4.5 - 최근에 3.95에 나간 적이 있어 다들 높게 내놓았지만 3.9 이상은 살짝 저항감있고, 3.5~3.7 사이는 안전선 | V11: 일잘러 매물 빠삭 | W11: - 자녀 있으면 연식좋은 sk보다 이스트, 코레일 직원들도 이스트 (걸어서 출근), sk와 수요층이 다름 - 이주 수요 있어 전월세 수요 빵빵함 - 대전 신축 입주 있어도 동구와는 크게 관계없어서 (특히 이주수요) 앞으로도 전월세는 유지 혹은 상승할 것이라 생각하심 | X11: =if(OR(U11 <>"", V11<>"", W11 <> ""), TEXTJOIN("", TRUE, J11, " ", K11, " ", L11, "^", char(10), F11, " ", G11, char(10), O11, "p ",N11, " ", P11, " / ", Q11 , " ", CHAR(10),CHAR(10), U11, CHAR(10),CHAR(10), "<부동산 평가>",CHAR(10),CHAR(10), V11, CHAR(10),CHAR(10), "<얻은 정보>", CHAR(10),CHAR(10),W11), "") -> 이스트시티1단지 2018 ^ 이스트시티공인 010-7477-0355 34p 109동 고/29층 50,000 / 29,000 5억 세안고 (3억 미만, 말씀안해주심 ㅠ) [전세 시세] - 전세 현재 전세 3.8 & 4.0 & 4.5 - 최근에 3.95에 나간 적이 있어 다들 높게 내놓았지만 3.9 이상은 살짝 저항감있고, 3.5~3.7 사이는 안전선 <부동산 평가> 일잘러 매물 빠삭 <얻은 정보> - 자녀 있으면 연식좋은 sk보다 이스트, 코레일 직원들도 이스트 (걸어서 출근), sk와 수요층이 다름 - 이주 수요 있어 전월세 수요 빵빵함 - 대전 신축 입주 있어도 동구와는 크게 관계없어서 (특히 이주수요) 앞으로도 전월세는 유지 혹은 상승할 것이라 생각하심 | Z11: 아르떼 | AA11: 20 | AB11: =COUNTIF($C:$C,$Z11) -> 0 | AC11: =AB11/AA11 -> 0
B12: =B11+1 -> 7 | C12: 그늘 | D12: 2026.4.1. | E12: 목 | F12: 대청에코포레 | G12: 010-7444-1130 | H12: 54 | I12: 1 | J12: e편한세상 대전 에코포레 | K12: 2020 | L12: 2267 | M12: =year(today())-K12+1 -> 7 | N12: 104동/중/남동향 | O12: 33 | P12: 42500 | Q12: 28000 | R12: =if(and(P12 <> "", Q12 <> ""), P12-Q12, "") -> 14500 | S12: =if(and(P12 <> "", O12 <> ""), P12/O12, "") -> 1287.8788 | T12: =if(and(Q12 <> "", P12 <> ""), Q12/P12, "") -> 0.65882353 | U12: 급매. 6월 입주, 중문, 인덕션, 남동향에 일조권 좋은 집(동간거리 멀), 엘베 2대, 가격 낮춘 적 있음. 방 4개(알파룸), 세입자님이 6월에 나가기로 정해진 물건. 그래서 가격이 쌈. 다른 이유는 없음. 현재 전세 2.8억이면 나가지만, 전세손님이 많거나 대기자가 있는 상황은 아님. 30평대도 2.8억 전세가 있어서, 2.7억에 내놓으면 나갈 수도(?)있다고 하심. | V12: 친절하신 편임. | W12: -단지 내 2세대인 경우 엘베 1, 3 세대인 경우 엘베 2대씩 배치되어 있음. -현재 전세 손님이 많지 않음. | X12: =if(OR(U12 <>"", V12<>"", W12 <> ""), TEXTJOIN("", TRUE, J12, " ", K12, " ", L12, "^", char(10), F12, " ", G12, char(10), O12, "p ",N12, " ", P12, " / ", Q12 , " ", CHAR(10),CHAR(10), U12, CHAR(10),CHAR(10), "<부동산 평가>",CHAR(10),CHAR(10), V12, CHAR(10),CHAR(10), "<얻은 정보>", CHAR(10),CHAR(10),W12), "") -> e편한세상 대전 에코포레 2020 2267^ 대청에코포레 010-7444-1130 33p 104동/중/남동향 42,500 / 28,000 급매. 6월 입주, 중문, 인덕션, 남동향에 일조권 좋은 집(동간거리 멀), 엘베 2대, 가격 낮춘 적 있음. 방 4개(알파룸), 세입자님이 6월에 나가기로 정해진 물건. 그래서 가격이 쌈. 다른 이유는 없음. 현재 전세 2.8억이면 나가지만, 전세손님이 많거나 대기자가 있는 상황은 아님. 30평대도 2.8억 전세가 있어서, 2.7억에 내놓으면 나갈 수도(?)있다고 하심. <부동산 평가> 친절하신 편임. <얻은 정보> -단지 내 2세대인 경우 엘베 1, 3 세대인 경우 엘베 2대씩 배치되어 있음. -현재 전세 손님이 많지 않음. | Z12: MZ | AA12: 30 | AB12: =COUNTIF($C:$C,$Z12) -> 4 | AC12: =AB12/AA12 -> 0.13333333
B13: =B12+1 -> 8 | C13: 라니 | D13: 2026.4.2 | E13: 목 | F13: 리더스시티공인 | G13: 010-6759-9050 | J13: 리더스시티5BL | K13: 2024.12 | L13: 2135 | M13: =year(today())-K13+1 -> 2.88 | N13: 505동 중층 | O13: 34 | P13: 50000 | Q13: 25000 | R13: =if(and(P13 <> "", Q13 <> ""), P13-Q13, "") -> 25000 | S13: =if(and(P13 <> "", O13 <> ""), P13/O13, "") -> 1470.5882 | T13: =if(and(Q13 <> "", P13 <> ""), Q13/P13, "") -> 0.5 | U13: 전세낀물건.2.5에 들어있음.전세 시세는 4억은 너무 세고 3.5 정도는 봐야함. 투자는 대부분 59가 아닌 84를 함. 철길동과 철긱아닌동 가격차이가 남. 전세 선호도도 차이나지만 전세금에서 차이가 나는건 아님. 요즘은 전세도 많이 업고 4단지 만기일이 8월이고, 5단지는 내년 2월 만기다. | V13: 엄청 친절은 아니지만 그래도 묻는말엔 대답 잘해주심. | W13: 4,5단지 보다도 철길을 기피하는것으로 보아 역과의 거리는 그렇게 중요하진 않은 듯 하다. 판암역이 1호선 마지막 정류장이네. 상가인접동쪽을 더 좋아함. | X13: =if(OR(U13 <>"", V13<>"", W13 <> ""), TEXTJOIN("", TRUE, J13, " ", K13, " ", L13, "^", char(10), F13, " ", G13, char(10), O13, "p ",N13, " ", P13, " / ", Q13 , " ", CHAR(10),CHAR(10), U13, CHAR(10),CHAR(10), "<부동산 평가>",CHAR(10),CHAR(10), V13, CHAR(10),CHAR(10), "<얻은 정보>", CHAR(10),CHAR(10),W13), "") -> 리더스시티5BL 2024.12 2135^ 리더스시티공인 010-6759-9050 34p 505동 중층 50,000 / 25,000 전세낀물건.2.5에 들어있음.전세 시세는 4억은 너무 세고 3.5 정도는 봐야함. 투자는 대부분 59가 아닌 84를 함. 철길동과 철긱아닌동 가격차이가 남. 전세 선호도도 차이나지만 전세금에서 차이가 나는건 아님. 요즘은 전세도 많이 업고 4단지 만기일이 8월이고, 5단지는 내년 2월 만기다. <부동산 평가> 엄청 친절은 아니지만 그래도 묻는말엔 대답 잘해주심. <얻은 정보> 4,5단지 보다도 철길을 기피하는것으로 보아 역과의 거리는 그렇게 중요하진 않은 듯 하다. 판암역이 1호선 마지막 정류장이네. 상가인접동쪽을 더 좋아함. | Z13: 학생 | AA13: 10 | AB13: =COUNTIF($C:$C,$Z13) -> 13 | AC13: =AB13/AA13 -> 1.3
B14: =B13+1 -> 9 | C14: 라니 | D14: 2026.4.2 | E14: 목 | F14: 성공부동산24시 | G14: 010-7788-2955 | J14: 힐스테이트가양더와이즈 | K14: 2024.06 | M14: =year(today())-K14+1 -> 2.94 | N14: - | O14: 34 | P14: 49700 | Q14: 35000 | R14: =if(and(P14 <> "", Q14 <> ""), P14-Q14, "") -> 14700 | S14: =if(and(P14 <> "", O14 <> ""), P14/O14, "") -> 1461.7647 | T14: =if(and(Q14 <> "", P14 <> ""), Q14/P14, "") -> 0.70422535 | U14: 84 분양권 문의함. 계약금 5퍼에 잔금 5개월로 보고있다. 신혼부부라면 돈을 조금 더 주더라도 105타입이 전부 남향으로 되어있어서 괜찮다. 84는 서북동북으로 되어있다. 거실기준 103동이 남서고 옆건물에 가려지는 라인은 일단 와서 봐라 (사장님 이걸 알고싶었다구요 ㅠㅠ) 신혼부부 현재 많이살고있다. | V14: 큰일났다 사장님 계속 전화주실듯 | W14: 신축 주복을 4억 후반으로 가져가는 것에 메리트는 있지만 더 상위급지인 중구에 4억후반이 있으면 겟할듯 (하늘채스카이앤이 5.3이라 좀더 돈을 더 주고 사더라도 이걸 사는게 맞는것 같기도 하고 이건 봐야 알거같다) | X14: =if(OR(U14 <>"", V14<>"", W14 <> ""), TEXTJOIN("", TRUE, J14, " ", K14, " ", L14, "^", char(10), F14, " ", G14, char(10), O14, "p ",N14, " ", P14, " / ", Q14 , " ", CHAR(10),CHAR(10), U14, CHAR(10),CHAR(10), "<부동산 평가>",CHAR(10),CHAR(10), V14, CHAR(10),CHAR(10), "<얻은 정보>", CHAR(10),CHAR(10),W14), "") -> 힐스테이트가양더와이즈 2024.06 ^ 성공부동산24시 010-7788-2955 34p - 49,700 / 35,000 84 분양권 문의함. 계약금 5퍼에 잔금 5개월로 보고있다. 신혼부부라면 돈을 조금 더 주더라도 105타입이 전부 남향으로 되어있어서 괜찮다. 84는 서북동북으로 되어있다. 거실기준 103동이 남서고 옆건물에 가려지는 라인은 일단 와서 봐라 (사장님 이걸 알고싶었다구요 ㅠㅠ) 신혼부부 현재 많이살고있다. <부동산 평가> 큰일났다 사장님 계속 전화주실듯 <얻은 정보> 신축 주복을 4억 후반으로 가져가는 것에 메리트는 있지만 더 상위급지인 중구에 4억후반이 있으면 겟할듯 (하늘채스카이앤이 5.3이라 좀더 돈을 더 주고 사더라도 이걸 사는게 맞는것 같기도 하고 이건 봐야 알거같다) | Z14: 로에 | AA14: 30 | AB14: =COUNTIF($C:$C,$Z14) -> 10 | AC14: =AB14/AA14 -> 0.33333333
B15: =B14+1 -> 10 | C15: MZ | D15: 46114 | E15: 목 | F15: 부동산이즈리더스시티 | G15: 010-4488-2820 | J15: 리더스시티4BL | K15: 2024.07 | L15: 1328 | M15: =year(today())-K15+1 -> 2.93 | O15: 34 | P15: 53000 | Q15: 40000 | R15: =if(and(P15 <> "", Q15 <> ""), P15-Q15, "") -> 13000 | S15: =if(and(P15 <> "", O15 <> ""), P15/O15, "") -> 1558.8235 | T15: =if(and(Q15 <> "", P15 <> ""), Q15/P15, "") -> 0.75471698 | U15: 저층 물건이었는데 같은 층에 1세대 뿐이라고 해서 1층이냐고 물어봤더니 2층이라고 하심. 지형 때문에 이렇게 지어진 동이 몇 개 있다고 하셨음. 전세가 너무 없어서 내자마자 바로 나간다고 함. 5BL이 4BL보다 더 좋은거냐고 물어봤는데 그냥 또이또이 이고 호가만 더 세게 내놓은 거라고 함. 투자자 문의는 많지는 않지만 꾸준함. 전세 4억 나간거 너무 세지 않냐고 물어봤더니 전세가 너무 없어서 그 정도에 내놔도 나갈 거 같다고 하심. 아직 입주한 지 2년이 지나지 않아서 다음달까지 기다려보면 좋은 매물 많이 나올 거 같다고 하심. 아직까지 눈치작전중. 대전 상승흐름이 조금씩 오고 있다고 생각하심. 위치 좋고 소위 저평가 단지라고 하심. 5BL에 5억 850 나간거는 다운계약서 쓴거라고 하심. [사장님의 실토] 4BL에 5억 850 나간거는 다운계약서 쓴거라고는 안했는데 주변 부동산과의 교류가 없이 혼자서만 일해서 절대 말 안해준다고 하지만 그 가격은 절대 아니라고 함.
B16: =B15+1 -> 11 | C16: 그늘 | D16: 2026.4.3 | E16: 금 | F16: 조은 | G16: 010-3734-2280 | H16: 107 | I16: 3 | J16: 삼정그린코아포레스트 | K16: 2018.7 | L16: 1245 | M16: =year(today())-K16+1 -> 8.3 | N16: 115/10층/남서향 | O16: 29 | P16: 38500 | Q16: 28000 | R16: =if(and(P16 <> "", Q16 <> ""), P16-Q16, "") -> 10500 | S16: =if(and(P16 <> "", O16 <> ""), P16/O16, "") -> 1327.5862 | T16: =if(and(Q16 <> "", P16 <> ""), Q16/P16, "") -> 0.72727273 | U16: 내 놓으신 뒤에 가격을 내려놓으신 물건. 거의 한 달. 주인분 거주 물건. 아직 가보시진 않았지만 투인원 에어컨에 줄눈, led. 106/13/남서향 십장산쪽 조망.. 물건 상태는 따님이 살고 계시다고 했는데, 깔끔하다고. 보지는 못하셨다. 전세가 별로 없다. 전세 손님들은 그래도 매매보다는 전세나 월세가 좀 더 있다. 대기자까지 있진 않다... 지금 있는 전세가 1층이라 안빠지고 있는 것. 가격은 가격은 2.8억.. 정도로. 주인분들이라 날짜는 편하게 협의하여 결정하면 됨. | V16: 물건이 너무 많나... 기억은 못하시는데, 이해가 안되는 바도 아니긴... 친절하지만, 묻는 말에만 답해주시는 스타일 | W16: 101동도 조망은 나오고 103-107 선호도 차이가 단지내부는 조금 들어가있어 답답할 수 있고, 도로변에서 멀어서 나름.. 나쁘지 않다. | X16: =if(OR(U16 <>"", V16<>"", W16 <> ""), TEXTJOIN("", TRUE, J16, " ", K16, " ", L16, "^", char(10), F16, " ", G16, char(10), O16, "p ",N16, " ", P16, " / ", Q16 , " ", CHAR(10),CHAR(10), U16, CHAR(10),CHAR(10), "<부동산 평가>",CHAR(10),CHAR(10), V16, CHAR(10),CHAR(10), "<얻은 정보>", CHAR(10),CHAR(10),W16), "") -> 삼정그린코아포레스트 2018.7 1245^ 조은 010-3734-2280 29p 115/10층/남서향 38,500 / 28,000 내 놓으신 뒤에 가격을 내려놓으신 물건. 거의 한 달. 주인분 거주 물건. 아직 가보시진 않았지만 투인원 에어컨에 줄눈, led. 106/13/남서향 십장산쪽 조망.. 물건 상태는 따님이 살고 계시다고 했는데, 깔끔하다고. 보지는 못하셨다. 전세가 별로 없다. 전세 손님들은 그래도 매매보다는 전세나 월세가 좀 더 있다. 대기자까지 있진 않다... 지금 있는 전세가 1층이라 안빠지고 있는 것. 가격은 가격은 2.8억.. 정도로. 주인분들이라 날짜는 편하게 협의하여 결정하면 됨. <부동산 평가> 물건이 너무 많나... 기억은 못하시는데, 이해가 안되는 바도 아니긴... 친절하지만, 묻는 말에만 답해주시는 스타일 <얻은 정보> 101동도 조망은 나오고 103-107 선호도 차이가 단지내부는 조금 들어가있어 답답할 수 있고, 도로변에서 멀어서 나름.. 나쁘지 않다.
B17: =B16+1 -> 12 | C17: 로에 | D17: 2026.4.3 | E17: 금 | F17: 하늘채박사공인 | G17: 042-285-1114, 010-9490-7442 | I17: 2 | J17: 은어송하늘채리버뷰 | K17: 2024.07 | L17: 934 | M17: =year(today())-K17+1 -> 2.93 | N17: 105동/28층/남서향 | O17: 33 | P17: 47000 | Q17: 35000 | R17: =if(and(P17 <> "", Q17 <> ""), P17-Q17, "") -> 12000 | S17: =if(and(P17 <> "", O17 <> ""), P17/O17, "") -> 1424.2424 | T17: =if(and(Q17 <> "", P17 <> ""), Q17/P17, "") -> 0.74468085 | U17: 26.10 만기, 월세입자 3,000/100 거주. 집주인이 사정이 생겨서 팔려고 내놨는데 해결이 되었는지 다시 거둔다고 함. | V17: 선호도 잘 알고 매우 친절하신 편, 투자자들한테 연락만 오고 거래는 안되서 기대는 안한다고 하심..ㅎ | W17: 문의한 물건보다 조건 좋은데 가격이 괜찮은 물건은? - 107동 15층(A타입)은 4.65억까지 조율해놨던 물건, 매수자가 중간에 안한다고 해서 남아있는데 4.65까지 조율된다고 함. - 101동 5층(C타입) 4.55억까지 된다고 함, 4억 5,340만원에 매매, 그래서 4.55억 아래로는 힘들 것 같다고 함, 에어컨 4대, 코팅, 실리콘 등 옵션이 많은 매물, 들어갈 때 2,000 주고 옵션 추가했다고 함. 혼자 살고 계셔서 방 2개는 새거, 컨디션 매우 좋음. 무슨 사유인지는 모르겠는데 급한 분인듯. - 101동~104동까지 선호, 그 뒤는 약간의 단절감. 107-108동은 올라가있음.(언덕인듯) - C타입은 어르신들 선호, A,B타입은 젊은층들이 선호한다고 함. (부사님 개인적인 의견) - 전세는 3.5억이면 무난히 나감. 전세가 없어서 찾는분들 많고 대기자도 있다고 함. - 전세 3.2억, 4.5억 2개가 호가로 나와있는데 3.2억은 왜 낮은지 모르겠음. 부사님이 전세 대기자 있어서 공동중개하려고 문의해보니 공동중개 안하겠다고 하심. 4.5억 전세는 탑층인데 다락방 있어서 비싸게 내놓은거. 부사님 입장에서도 비싼 가격이라고 잘안나갈거라고 함. | X17: =if(OR(U17 <>"", V17<>"", W17 <> ""), TEXTJOIN("", TRUE, J17, " ", K17, " ", L17, "^", char(10), F17, " ", G17, char(10), O17, "p ",N17, " ", P17, " / ", Q17 , " ", CHAR(10),CHAR(10), U17, CHAR(10),CHAR(10), "<부동산 평가>",CHAR(10),CHAR(10), V17, CHAR(10),CHAR(10), "<얻은 정보>", CHAR(10),CHAR(10),W17), "") -> 은어송하늘채리버뷰 2024.07 934^ 하늘채박사공인 042-285-1114, 010-9490-7442 33p 105동/28층/남서향 47,000 / 35,000 26.10 만기, 월세입자 3,000/100 거주. 집주인이 사정이 생겨서 팔려고 내놨는데 해결이 되었는지 다시 거둔다고 함. <부동산 평가> 선호도 잘 알고 매우 친절하신 편, 투자자들한테 연락만 오고 거래는 안되서 기대는 안한다고 하심..ㅎ <얻은 정보> 문의한 물건보다 조건 좋은데 가격이 괜찮은 물건은? - 107동 15층(A타입)은 4.65억까지 조율해놨던 물건, 매수자가 중간에 안한다고 해서 남아있는데 4.65까지 조율된다고 함. - 101동 5층(C타입) 4.55억까지 된다고 함, 4억 5,340만원에 매매, 그래서 4.55억 아래로는 힘들 것 같다고 함, 에어컨 4대, 코팅, 실리콘 등 옵션이 많은 매물, 들어갈 때 2,000 주고 옵션 추가했다고 함. 혼자 살고 계셔서 방 2개는 새거, 컨디션 매우 좋음. 무슨 사유인지는 모르겠는데 급한 분인듯. - 101동~104동까지 선호, 그 뒤는 약간의 단절감. 107-108동은 올라가있음.(언덕인듯) - C타입은 어르신들 선호, A,B타입은 젊은층들이 선호한다고 함. (부사님 개인적인 의견) - 전세는 3.5억이면 무난히 나감. 전세가 없어서 찾는분들 많고 대기자도 있다고 함. - 전세 3.2억, 4.5억 2개가 호가로 나와있는데 3.2억은 왜 낮은지 모르겠음. 부사님이 전세 대기자 있어서 공동중개하려고 문의해보니 공동중개 안하겠다고 하심. 4.5억 전세는 탑층인데 다락방 있어서 비싸게 내놓은거. 부사님 입장에서도 비싼 가격이라고 잘안나갈거라고 함.
B18: =B17+1 -> 13 | C18: 가히 | D18: 46115 | E18: 금 | F18: 리더스시티행복한공인 | G18: 010-2790-8675 | H18: 28 | I18: 1 | J18: 리더스시티4BL | K18: 2024.07 | L18: 1328 | M18: =year(today())-K18+1 -> 2.93 | N18: 409동 19/23층 남서향 | O18: 33 | P18: 55000 | Q18: 40000 | R18: =if(and(P18 <> "", Q18 <> ""), P18-Q18, "") -> 15000 | S18: =if(and(P18 <> "", O18 <> ""), P18/O18, "") -> 1666.6667 | T18: =if(and(Q18 <> "", P18 <> ""), Q18/P18, "") -> 0.72727273 | U18: [매물 정보] - 로얄동 로얄층 시에 설치 / 주인 거주 [전세 시세] - 26.02 전세 4억 실거래 찍혔지만, 부사님 둥절. 원래 3.5에 내놨다가 주인분이 올리셨는데 그게 나갔다고 함 - 전세 4억 "해봐야죠~"의 반응, 자신감 없음 - 전세는 이스트시티/SK뷰와 동일한 수준에 가능할거라고 (현재 4.0~4.5는 호가, 실거래는 3.8~4.0 사이) - 현재 리더스시티 84 전세 매물이 0개라 문의는 없다고 .. [다른 추천 매물] - 502동 14/20층 5.6억 : 선호동 - 501동 고/27층 5.5 (세안고) : 진짜 살 마음 있어야 물건 볼수 있다고 - 5블럭은 아직 2년 되려면 좀 남아서 매물이 적은 편이라 함 | V18: 친절, 공감력 굿 적극성은 덜하지만 의지가 아예없진 않은, 물건 상황도 꽤 잘 아심 | W18: [단지 정보] - 리더스시티4블럭 로얄동 : 408, 409동 (84 only, 앞동은 경부선 소음) - 리더스시티5블럭 로얄동 : 501, 502, 503동 (천동초 & 상권 가깝, 74 & 84 구성) - A타입 방4개 vs B타입 방 3개 : A타입 선호 (A 중 확장된 집 없고 전부 방 4개로 고정) - 리더스시티 4블럭 vs 5블럭 : 준공 6개월 차이 & 4 vs 5블럭 선호 차이 크게 없고 비슷하게 바라봄 / 5블럭이 세대수는 많지만 임대 함께 포함 - 5블럭 임대 712세대 10년 분양 전환 - 이스트시티 vs SK뷰 vs 리더스시티 : 선호 요소에 따라 좌지우지 ~ 이스트 (대전역 가깝), SK뷰 (브랜드), 리더스 (초신축) | X18: =if(OR(U18 <>"", V18<>"", W18 <> ""), TEXTJOIN("", TRUE, J18, " ", K18, " ", L18, "^", char(10), F18, " ", G18, char(10), O18, "p ",N18, " ", P18, " / ", Q18 , " ", CHAR(10),CHAR(10), U18, CHAR(10),CHAR(10), "<부동산 평가>",CHAR(10),CHAR(10), V18, CHAR(10),CHAR(10), "<얻은 정보>", CHAR(10),CHAR(10),W18), "") -> 리더스시티4BL 2024.07 1328^ 리더스시티행복한공인 010-2790-8675 33p 409동 19/23층 남서향 55,000 / 40,000 [매물 정보] - 로얄동 로얄층 시에 설치 / 주인 거주 [전세 시세] - 26.02 전세 4억 실거래 찍혔지만, 부사님 둥절. 원래 3.5에 내놨다가 주인분이 올리셨는데 그게 나갔다고 함 - 전세 4억 "해봐야죠~"의 반응, 자신감 없음 - 전세는 이스트시티/SK뷰와 동일한 수준에 가능할거라고 (현재 4.0~4.5는 호가, 실거래는 3.8~4.0 사이) - 현재 리더스시티 84 전세 매물이 0개라 문의는 없다고 .. [다른 추천 매물] - 502동 14/20층 5.6억 : 선호동 - 501동 고/27층 5.5 (세안고) : 진짜 살 마음 있어야 물건 볼수 있다고 - 5블럭은 아직 2년 되려면 좀 남아서 매물이 적은 편이라 함 <부동산 평가> 친절, 공감력 굿 적극성은 덜하지만 의지가 아예없진 않은, 물건 상황도 꽤 잘 아심 <얻은 정보> [단지 정보] - 리더스시티4블럭 로얄동 : 408, 409동 (84 only, 앞동은 경부선 소음) - 리더스시티5블럭 로얄동 : 501, 502, 503동 (천동초 & 상권 가깝, 74 & 84 구성) - A타입 방4개 vs B타입 방 3개 : A타입 선호 (A 중 확장된 집 없고 전부 방 4개로 고정) - 리더스시티 4블럭 vs 5블럭 : 준공 6개월 차이 & 4 vs 5블럭 선호 차이 크게 없고 비슷하게 바라봄 / 5블럭이 세대수는 많지만 임대 함께 포함 - 5블럭 임대 712세대 10년 분양 전환 - 이스트시티 vs SK뷰 vs 리더스시티 : 선호 요소에 따라 좌지우지 ~ 이스트 (대전역 가깝), SK뷰 (브랜드), 리더스 (초신축)
B19: =B18+1 -> 14 | C19: 케빈 | D19: 46115 | E19: 금 | F19: 신흥SK꽃길 | G19: 010-3452-2747 | H19: 110 | I19: 4 | J19: 신흥sk뷰 | K19: 2022 | L19: 1588 | M19: =year(today())-K19+1 -> 5 | N19: 110동 4층 | O19: 25 | P19: 38500 | Q19: 30000 | R19: =if(and(P19 <> "", Q19 <> ""), P19-Q19, "") -> 8500 | S19: =if(and(P19 <> "", O19 <> ""), P19/O19, "") -> 1540 | T19: =if(and(Q19 <> "", P19 <> ""), Q19/P19, "") -> 0.77922078 | U19: 전세입자인데 전세가에 화들짝 놀라 매매도 같이 알아보는 컨셉 112동 18층 전세 3억 전용59 입주 6/12 고정 물건이라 싸다. 다음은 3.2억 전세가 조절가능 ? 요즘 전월세가 귀하다보니 점점점.. 110동 4층 매매 3.85억 전용59 이 물건이 가격은 가장 괜찮다 로얄은 107-110 동 라인 보문산 보이고 천보이고 뷰 좋음 그래서 4층이라도 뷰가 나쁘지 않다 RR로 가려면 4.1-4.2억 정도 줘야함 | V19: 친절, 쉬는 날 없음. 일요일도 굳이 원하면 보여주심 | W19: 전세 없다,, 가격 조절 힘들수도 | X19: =if(OR(U19 <>"", V19<>"", W19 <> ""), TEXTJOIN("", TRUE, J19, " ", K19, " ", L19, "^", char(10), F19, " ", G19, char(10), O19, "p ",N19, " ", P19, " / ", Q19 , " ", CHAR(10),CHAR(10), U19, CHAR(10),CHAR(10), "<부동산 평가>",CHAR(10),CHAR(10), V19, CHAR(10),CHAR(10), "<얻은 정보>", CHAR(10),CHAR(10),W19), "") -> 신흥sk뷰 2022 1588^ 신흥SK꽃길 010-3452-2747 25p 110동 4층 38,500 / 30,000 전세입자인데 전세가에 화들짝 놀라 매매도 같이 알아보는 컨셉 112동 18층 전세 3억 전용59 입주 6/12 고정 물건이라 싸다. 다음은 3.2억 전세가 조절가능 ? 요즘 전월세가 귀하다보니 점점점.. 110동 4층 매매 3.85억 전용59 이 물건이 가격은 가장 괜찮다 로얄은 107-110 동 라인 보문산 보이고 천보이고 뷰 좋음 그래서 4층이라도 뷰가 나쁘지 않다 RR로 가려면 4.1-4.2억 정도 줘야함 <부동산 평가> 친절, 쉬는 날 없음. 일요일도 굳이 원하면 보여주심 <얻은 정보> 전세 없다,, 가격 조절 힘들수도
B20: =B19+1 -> 15 | C20: 케빈 | D20: 46115 | E20: 금 | F20: 이스트사랑 | G20: 010-9767-3823 | H20: 105 | I20: 5 | J20: 신흥sk뷰 | K20: 2022 | L20: 1588 | M20: =year(today())-K20+1 -> 5 | N20: 103동 12층 | O20: 34 | P20: 57000 | Q20: 3500 | R20: =if(and(P20 <> "", Q20 <> ""), P20-Q20, "") -> 53500 | S20: =if(and(P20 <> "", O20 <> ""), P20/O20, "") -> 1676.4706 | T20: =if(and(Q20 <> "", P20 <> ""), Q20/P20, "") -> 0.061403509 | U20: SK뷰 103동 12층 전용84 5.7억 천뷰나 101동은 선호해서 6억 넘어가야 한다 이스트 로얄동 101 102 103동 대전역을 이용할거면 이스트가 훨 낫다 이스트가 연식이 빠지지만 대전역 도보로 이용 가능해 가격이 어느 정도 비빈다 최근에 올라서 철길 소음 있는 곳도 5.5억에 내놨다 그래서 가격이 겹처버림 그래서 사람들은 철길쪽 집 안 봄 이스트는 이제 나이가 좀 들어 도배 정도는 해야한다 동구오실거면 이스트, SK뷰 둘 중 하나 가야한다 | V20: 젊은 남자사장님 (여자사장님 같이 일하시는 듯). 나름 설명 잘 해주심 | W20: 대전역 접근성도 고려 ? 철도공사 직원들 많이거주할 듯 대전에 5억대 대체지가 없으려나 | X20: =if(OR(U20 <>"", V20<>"", W20 <> ""), TEXTJOIN("", TRUE, J20, " ", K20, " ", L20, "^", char(10), F20, " ", G20, char(10), O20, "p ",N20, " ", P20, " / ", Q20 , " ", CHAR(10),CHAR(10), U20, CHAR(10),CHAR(10), "<부동산 평가>",CHAR(10),CHAR(10), V20, CHAR(10),CHAR(10), "<얻은 정보>", CHAR(10),CHAR(10),W20), "") -> 신흥sk뷰 2022 1588^ 이스트사랑 010-9767-3823 34p 103동 12층 57,000 / 3,500 SK뷰 103동 12층 전용84 5.7억 천뷰나 101동은 선호해서 6억 넘어가야 한다 이스트 로얄동 101 102 103동 대전역을 이용할거면 이스트가 훨 낫다 이스트가 연식이 빠지지만 대전역 도보로 이용 가능해 가격이 어느 정도 비빈다 최근에 올라서 철길 소음 있는 곳도 5.5억에 내놨다 그래서 가격이 겹처버림 그래서 사람들은 철길쪽 집 안 봄 이스트는 이제 나이가 좀 들어 도배 정도는 해야한다 동구오실거면 이스트, SK뷰 둘 중 하나 가야한다 <부동산 평가> 젊은 남자사장님 (여자사장님 같이 일하시는 듯). 나름 설명 잘 해주심 <얻은 정보> 대전역 접근성도 고려 ? 철도공사 직원들 많이거주할 듯 대전에 5억대 대체지가 없으려나
B21: =B20+1 -> 16 | C21: 케빈 | D21: 46115 | E21: 금 | F21: 새들뫼 | G21: 010-3270-6200 | H21: 14 | I21: 1 | J21: 새들뫼휴먼시아1단지 | K21: 2010 | L21: 897 | M21: =year(today())-K21+1 -> 17 | N21: 101동 15층 남동 | O21: 34 | P21: 42500 | Q21: 35000 | R21: =if(and(P21 <> "", Q21 <> ""), P21-Q21, "") -> 7500 | S21: =if(and(P21 <> "", O21 <> ""), P21/O21, "") -> 1250 | T21: =if(and(Q21 <> "", P21 <> ""), Q21/P21, "") -> 0.82352941 | U21: 101동 15층 4.25억 남동향 110동 9층 4.3억 남향 이렇게 괜찮음 101동은 앞동 전망이 괜찮고 3베이 일반 판상형 110동도 동간격 넓어서 나쁘지 않다 특이한 타입 유럽스타일 호불호 나뉨 (보통 이러면 별로였음) 펜타뷰는 좀 더 가격이 빠진다 전세 3억짜리 있는데 8월 입주 가능 펜타뷰는 주변에 뭐가 없다.. 큰길가도 건너야 하고 SK뷰보다 입지는 새들뫼가 나음 생활 환경도 더 괜찮음 이스트시티2단지는 비추.. 안 팔려 임대 섞여있고 철길 있음 | V21: 친절 여사장님 | X21: =if(OR(U21 <>"", V21<>"", W21 <> ""), TEXTJOIN("", TRUE, J21, " ", K21, " ", L21, "^", char(10), F21, " ", G21, char(10), O21, "p ",N21, " ", P21, " / ", Q21 , " ", CHAR(10),CHAR(10), U21, CHAR(10),CHAR(10), "<부동산 평가>",CHAR(10),CHAR(10), V21, CHAR(10),CHAR(10), "<얻은 정보>", CHAR(10),CHAR(10),W21), "") -> 새들뫼휴먼시아1단지 2010 897^ 새들뫼 010-3270-6200 34p 101동 15층 남동 42,500 / 35,000 101동 15층 4.25억 남동향 110동 9층 4.3억 남향 이렇게 괜찮음 101동은 앞동 전망이 괜찮고 3베이 일반 판상형 110동도 동간격 넓어서 나쁘지 않다 특이한 타입 유럽스타일 호불호 나뉨 (보통 이러면 별로였음) 펜타뷰는 좀 더 가격이 빠진다 전세 3억짜리 있는데 8월 입주 가능 펜타뷰는 주변에 뭐가 없다.. 큰길가도 건너야 하고 SK뷰보다 입지는 새들뫼가 나음 생활 환경도 더 괜찮음 이스트시티2단지는 비추.. 안 팔려 임대 섞여있고 철길 있음 <부동산 평가> 친절 여사장님 <얻은 정보>
B22: =B21+1 -> 17 | C22: 학생 | D22: 46115 | E22: 금 | F22: 워드힐탑 | G22: 042-282-3349 | H22: 7 | I22: 1 | J22: 리더스시티5BL | K22: 2024 | L22: 2135 | M22: =year(today())-K22+1 -> 3 | N22: 507동 고층 | O22: 24 | P22: 39000 | Q22: 28000 | R22: =if(and(P22 <> "", Q22 <> ""), P22-Q22, "") -> 11000 | S22: =if(and(P22 <> "", O22 <> ""), P22/O22, "") -> 1625 | T22: =if(and(Q22 <> "", P22 <> ""), Q22/P22, "") -> 0.71794872 | U22: 24평 전세 3억 밑으로 봐야한다. 전세가 없다보니, 세입자들이 구하러 방문하다가 전세 3억에 고민 507동 고층 집주인 거주, 27년 1월에 매도 하고 싶어함 철도라인 7,8,9,10,11라인 빼고는 괜찮다 대전역 중심과 가까운 것이 대전 동구에서 큰 메리트 5단지가 더 늦게 지어져서 분양가가 더 높게 시작했고, 4단지랑 가격이 같다면 5단지를 선택하는 것이 좋겠다고 말씀하심 아무래도 뷰가 나오면 좋아하는 듯 매물마다 옵션이 다른데 507동 고층 매물은 에어컨 4대, 중문, 인덕션 설치되어 있어, 대전 동구에서 전세 잘빼려면 에어컨 많으면 굿! 그치만 24평 전세 3억은 힘들다 | V22: 워드힐 탑 부동산 차분하게 설명 잘해주심 | W22: 투자자에게 굉장히 호의적이어서 놀랐다. 통화 끊기니까 다시 콜백해주는 부사님의 적극성에 놀랐다. 대전 동구는 돈있으면 진행하기 수월하겠다는 생각이 들었고, 세입자들이 매매가와 얼마 차이나지 않는 전세가에 부담을 느끼고 있어 2.8억으로 전세 세팅해도 1억으로 투자할 수 있겠다는 생각! | X22: =if(OR(U22 <>"", V22<>"", W22 <> ""), TEXTJOIN("", TRUE, J22, " ", K22, " ", L22, "^", char(10), F22, " ", G22, char(10), O22, "p ",N22, " ", P22, " / ", Q22 , " ", CHAR(10),CHAR(10), U22, CHAR(10),CHAR(10), "<부동산 평가>",CHAR(10),CHAR(10), V22, CHAR(10),CHAR(10), "<얻은 정보>", CHAR(10),CHAR(10),W22), "") -> 리더스시티5BL 2024 2135^ 워드힐탑 042-282-3349 24p 507동 고층 39,000 / 28,000 24평 전세 3억 밑으로 봐야한다. 전세가 없다보니, 세입자들이 구하러 방문하다가 전세 3억에 고민 507동 고층 집주인 거주, 27년 1월에 매도 하고 싶어함 철도라인 7,8,9,10,11라인 빼고는 괜찮다 대전역 중심과 가까운 것이 대전 동구에서 큰 메리트 5단지가 더 늦게 지어져서 분양가가 더 높게 시작했고, 4단지랑 가격이 같다면 5단지를 선택하는 것이 좋겠다고 말씀하심 아무래도 뷰가 나오면 좋아하는 듯 매물마다 옵션이 다른데 507동 고층 매물은 에어컨 4대, 중문, 인덕션 설치되어 있어, 대전 동구에서 전세 잘빼려면 에어컨 많으면 굿! 그치만 24평 전세 3억은 힘들다 <부동산 평가> 워드힐 탑 부동산 차분하게 설명 잘해주심 <얻은 정보> 투자자에게 굉장히 호의적이어서 놀랐다. 통화 끊기니까 다시 콜백해주는 부사님의 적극성에 놀랐다. 대전 동구는 돈있으면 진행하기 수월하겠다는 생각이 들었고, 세입자들이 매매가와 얼마 차이나지 않는 전세가에 부담을 느끼고 있어 2.8억으로 전세 세팅해도 1억으로 투자할 수 있겠다는 생각!
B23: =B22+1 -> 18 | C23: 학생 | D23: 46115 | E23: 금 | F23: 풍림사랑 | G23: 010-9731-4500 | H23: 25 | I23: 3 | J23: 은어송하늘채리버뷰 | K23: 2024 | L23: 934 | M23: =year(today())-K23+1 -> 3 | N23: 106동 중층 | O23: 33 | P23: 48000 | Q23: 35000 | R23: =if(and(P23 <> "", Q23 <> ""), P23-Q23, "") -> 13000 | S23: =if(and(P23 <> "", O23 <> ""), P23/O23, "") -> 1454.5455 | T23: =if(and(Q23 <> "", P23 <> ""), Q23/P23, "") -> 0.72916667 | U23: 전세 3.5억에도 나갈 수 있다는 부사님 의견 106동 중층 물건 세입자 5천 100에 들어가있음 매도인이 세입자 내보내려고 하고, 사고 싶다면 공실로 전세 빼게 해줄 수 있다 103동 104동 천변이라 천만원은 더 받을 수 있다고 한다 아무래도 여기가 신축말고는 볼게 없으니 천변 보이면 좋다고 한다 106동 중층 매물 풀옵션이라 전세 뻬기 수월할거다라고 말씀해주심, 냉장고도 옵션으로 들어가있다고! 무엇보다 매도인이 적극적이라고 말씀 | V23: 호쾌하시고 운전중이신데 물건을 그냥 얘기해주심 | W23: 은어송단지에서 멀어진 신축 단지이지만 이 단지도 매도인이 적극적이라 투자하기에 수월할 것 같다는 생각 매도인도 적극적이고, 세입자도 내보내주시고 공실도 가능하다니, 전세빼기 수월할 것 같다는 생각! 대전 동구에서의 킥은 위치, 연식 주변 환경이 정말 중요하다는 것을 한번더 알게 됐다 | X23: =if(OR(U23 <>"", V23<>"", W23 <> ""), TEXTJOIN("", TRUE, J23, " ", K23, " ", L23, "^", char(10), F23, " ", G23, char(10), O23, "p ",N23, " ", P23, " / ", Q23 , " ", CHAR(10),CHAR(10), U23, CHAR(10),CHAR(10), "<부동산 평가>",CHAR(10),CHAR(10), V23, CHAR(10),CHAR(10), "<얻은 정보>", CHAR(10),CHAR(10),W23), "") -> 은어송하늘채리버뷰 2024 934^ 풍림사랑 010-9731-4500 33p 106동 중층 48,000 / 35,000 전세 3.5억에도 나갈 수 있다는 부사님 의견 106동 중층 물건 세입자 5천 100에 들어가있음 매도인이 세입자 내보내려고 하고, 사고 싶다면 공실로 전세 빼게 해줄 수 있다 103동 104동 천변이라 천만원은 더 받을 수 있다고 한다 아무래도 여기가 신축말고는 볼게 없으니 천변 보이면 좋다고 한다 106동 중층 매물 풀옵션이라 전세 뻬기 수월할거다라고 말씀해주심, 냉장고도 옵션으로 들어가있다고! 무엇보다 매도인이 적극적이라고 말씀 <부동산 평가> 호쾌하시고 운전중이신데 물건을 그냥 얘기해주심 <얻은 정보> 은어송단지에서 멀어진 신축 단지이지만 이 단지도 매도인이 적극적이라 투자하기에 수월할 것 같다는 생각 매도인도 적극적이고, 세입자도 내보내주시고 공실도 가능하다니, 전세빼기 수월할 것 같다는 생각! 대전 동구에서의 킥은 위치, 연식 주변 환경이 정말 중요하다는 것을 한번더 알게 됐다
B24: =B23+1 -> 19 | C24: 굿데이 | D24: 46118 | E24: 월 | F24: 새들뫼으뜸공인 | G24: 010-7330-3662 | H24: 9 | I24: 1 | J24: 새들뫼휴먼시아 1단지 | K24: 2010 | L24: 897 | M24: =year(today())-K24+1 -> 17 | N24: 102동 /23층 /남서 | O24: 34 | P24: 42000 | Q24: 35000 | R24: =if(and(P24 <> "", Q24 <> ""), P24-Q24, "") -> 7000 | S24: =if(and(P24 <> "", O24 <> ""), P24/O24, "") -> 1235.2941 | T24: =if(and(Q24 <> "", P24 <> ""), Q24/P24, "") -> 0.83333333 | U24: -로얄동: 대단지가 아니라서 로얄동이라고 할 것은 없지만, 천변뷰 / 식장산 뷰 선호 (개인 취향이지만, 젊은사람들은 트여있는 천변뷰 선호) 104,105 버스 지하철 가까움 110,111 마트, 신흥초 가까움 -102동 1,2,3,4호 라인만 비확장으로 분양 함 (베란다 있는 것 선호하는 사람들 위함) -타입: A,B,C 판상형 (기본구조) 선호타입 / D 주방 한쪽으로 있는 타입 : ABC 타입 선호 - 매매: 4.1~4.4억 / 전세 3.5억 (1개 / 26.4월 말) *매매 1500~2000만원 정도 네고 가능 -장점 : 동구 내 입지가 좋음, 교통 좋음 (1호선 대동역 역세권 5분, 대전역 도보 15분,단지 앞 버스정류장 노선 10개, 대전ic 10분, 판암ic 7분) 대동천 조깅, 마트이용편리 (남쪽, 서쪽 출입구에 중형마트 각 1개, 이스트에선 클길을 건너야 함) 초등 준초품아: 남쪽 출입구에서 초등정문까지 50미터, 일부동은 이스트 웬만한 동보다 가까움) 넓은 거실과 거실방향 개수대, 별도 전실이 있음, 아이 키우기 최고 10년차 이지만 각종 디지털시스템 잘 갖춰짐 -단점: 10년차로 연식이 기축. 아쉬운 조경관리, 느린 엘리베이터 - 새들뫼 34평 vs 이스트시티2단지 31평 입지는 새들뫼가 좋고 선호도도 더 높음. 이스트2단지는 기차 소음이 있고 동 거의다 있음. 202동은 가장 조용한 동. 추후 갈아타기 할거면 가성비로 괜찮음. 구조가 4베이로 잘 빠져서 평형 넓어 보이고 학교 가까움. 이스트시티2단지 : 전세x (3.1~3.2억 정도) | V24: 친절도 상. 단지와 매물에 대한 정보를 잘 알고 계셨고 친절 하심. | W24: - 전임 후 생각: 아이 있는 가족은 연식이 있는 이스트2단지 보다 기축이라도 새들뫼를 먼저 찾는 경향이 있음. 신흥에서는 연식도 중요한 요소라고 생각했고 새들뫼는 휴먼시아(LH)라서 브랜드에 대한 안좋은 인식이 있지 않을까 했고 이스트2단지가 선호도가 훨씬 좋을거라고 생각했는데, 의외로 새들뫼가 거주민들에게는 선호도가 높다는 것을 확인. 동구 내에서는 LH단지도 꽤 많아서 사람들이 엄청 안좋게 보지는 않는구나?! - 선호도 : 새들뫼 > 이스트2단지 | X24: =if(OR(U24 <>"", V24<>"", W24 <> ""), TEXTJOIN("", TRUE, J24, " ", K24, " ", L24, "^", char(10), F24, " ", G24, char(10), O24, "p ",N24, " ", P24, " / ", Q24 , " ", CHAR(10),CHAR(10), U24, CHAR(10),CHAR(10), "<부동산 평가>",CHAR(10),CHAR(10), V24, CHAR(10),CHAR(10), "<얻은 정보>", CHAR(10),CHAR(10),W24), "") -> 새들뫼휴먼시아 1단지 2010 897^ 새들뫼으뜸공인 010-7330-3662 34p 102동 /23층 /남서 42,000 / 35,000 -로얄동: 대단지가 아니라서 로얄동이라고 할 것은 없지만, 천변뷰 / 식장산 뷰 선호 (개인 취향이지만, 젊은사람들은 트여있는 천변뷰 선호) 104,105 버스 지하철 가까움 110,111 마트, 신흥초 가까움 -102동 1,2,3,4호 라인만 비확장으로 분양 함 (베란다 있는 것 선호하는 사람들 위함) -타입: A,B,C 판상형 (기본구조) 선호타입 / D 주방 한쪽으로 있는 타입 : ABC 타입 선호 - 매매: 4.1~4.4억 / 전세 3.5억 (1개 / 26.4월 말) *매매 1500~2000만원 정도 네고 가능 -장점 : 동구 내 입지가 좋음, 교통 좋음 (1호선 대동역 역세권 5분, 대전역 도보 15분,단지 앞 버스정류장 노선 10개, 대전ic 10분, 판암ic 7분) 대동천 조깅, 마트이용편리 (남쪽, 서쪽 출입구에 중형마트 각 1개, 이스트에선 클길을 건너야 함) 초등 준초품아: 남쪽 출입구에서 초등정문까지 50미터, 일부동은 이스트 웬만한 동보다 가까움) 넓은 거실과 거실방향 개수대, 별도 전실이 있음, 아이 키우기 최고 10년차 이지만 각종 디지털시스템 잘 갖춰짐 -단점: 10년차로 연식이 기축. 아쉬운 조경관리, 느린 엘리베이터 - 새들뫼 34평 vs 이스트시티2단지 31평 입지는 새들뫼가 좋고 선호도도 더 높음. 이스트2단지는 기차 소음이 있고 동 거의다 있음. 202동은 가장 조용한 동. 추후 갈아타기 할거면 가성비로 괜찮음. 구조가 4베이로 잘 빠져서 평형 넓어 보이고 학교 가까움. 이스트시티2단지 : 전세x (3.1~3.2억 정도) <부동산 평가> 친절도 상. 단지와 매물에 대한 정보를 잘 알고 계셨고 친절 하심. <얻은 정보> - 전임 후 생각: 아이 있는 가족은 연식이 있는 이스트2단지 보다 기축이라도 새들뫼를 먼저 찾는 경향이 있음. 신흥에서는 연식도 중요한 요소라고 생각했고 새들뫼는 휴먼시아(LH)라서 브랜드에 대한 안좋은 인식이 있지 않을까 했고 이스트2단지가 선호도가 훨씬 좋을거라고 생각했는데, 의외로 새들뫼가 거주민들에게는 선호도가 높다는 것을 확인. 동구 내에서는 LH단지도 꽤 많아서 사람들이 엄청 안좋게 보지는 않는구나?! - 선호도 : 새들뫼 > 이스트2단지
B25: =B24+1 -> 20 | C25: 굿데이 | D25: 46118 | E25: 월 | F25: 천동공인 | G25: 010-9429-9177 | H25: 12 | I25: 1 | J25: 리더스시티4단지 | K25: 2024 | L25: 1328 | M25: =year(today())-K25+1 -> 3 | N25: 409동/중층/남동향 | O25: 33 | P25: 52000 | Q25: 38000 | R25: =if(and(P25 <> "", Q25 <> ""), P25-Q25, "") -> 14000 | S25: =if(and(P25 <> "", O25 <> ""), P25/O25, "") -> 1575.7576 | T25: =if(and(Q25 <> "", P25 <> ""), Q25/P25, "") -> 0.73076923 | U25: - 4단지 8월 입주, 5단지 12월 입주 - 지금 물건이 없음. 나오면 바로바로 거래가 됨. 물건 좋은 거 나오면 연락 주신다고 함. - 4단지 vs 5단지 선호도가 어디가 더 좋은가? 사장님은 45년 찐 원주민이라고 하셨고 리더스 분양받아서 자녀에게 증여 하심. 본인은 4단지가 위치가 더 나은 것 같고 이유는 4단지 가깝게 큰 상권이 들어오고 천동중학교 (27.3월) 가까움 초등학교는 4,5단지 거리 비슷. 단점은 기찻길 가까운 동은 소음. 선호동 : 408.409동. 소음이 적고 트여있어서 가장 좋아 함. 5단지도 선호도는 비슷한데 아이가 있으면 산책로가 잘 되어 있어서 5단지도 괜찮음. 5단지는 공기는 더 좋지만 조망권 동이 없음. 4,5단지 옵션은 기본은 없고 선택이였음 (시스템에어컨, 환기시스템, 중문, 비데) 5단지 임대 있는 것에 대해서는 크게 선호도 영향은 아직은 없음 (아직 입주도 안했기에..) -리더스힐 vs 이스트시티1단지 ?? 리더스힐은 주변 환경이나 학교 등 점점 개선되고 좋아지는 곳이다. 이스트시티는 주변이 번잡스럽다고 한다고.. 연식도 빠지고 있고 비슷한것 같다고 이야기 하심. 이스트시티에서 리더스힐로 이사 온 사람도 있다고 함. | V25: 친절, 지역에 대해 잘 아심 | W25: -전임 후 생각: 가장 선호도가 높은 신흥 생활권에서 연식이 빠지고 있는 이스트시티1단지에 거주하는 거주민이 대전역을 선호하는 경향이 강하다고 보여지고 신흥 SK에 가지 못하거나 대전역 이용이 문제가 되지 않는다면 아이들 키우기 좋은 리더스힐을 차선책으로 생각해 볼 수 있겠구나! 랜드마크가 리더스힐로 옮겨질 수 있을까 라는 질문을 한다면? 동구에서는 신흥SK뷰의 선호 요소가 훨씬 많기 때문에 그러지는 않을 것이라고 생각 함. | X25: =if(OR(U25 <>"", V25<>"", W25 <> ""), TEXTJOIN("", TRUE, J25, " ", K25, " ", L25, "^", char(10), F25, " ", G25, char(10), O25, "p ",N25, " ", P25, " / ", Q25 , " ", CHAR(10),CHAR(10), U25, CHAR(10),CHAR(10), "<부동산 평가>",CHAR(10),CHAR(10), V25, CHAR(10),CHAR(10), "<얻은 정보>", CHAR(10),CHAR(10),W25), "") -> 리더스시티4단지 2024 1328^ 천동공인 010-9429-9177 33p 409동/중층/남동향 52,000 / 38,000 - 4단지 8월 입주, 5단지 12월 입주 - 지금 물건이 없음. 나오면 바로바로 거래가 됨. 물건 좋은 거 나오면 연락 주신다고 함. - 4단지 vs 5단지 선호도가 어디가 더 좋은가? 사장님은 45년 찐 원주민이라고 하셨고 리더스 분양받아서 자녀에게 증여 하심. 본인은 4단지가 위치가 더 나은 것 같고 이유는 4단지 가깝게 큰 상권이 들어오고 천동중학교 (27.3월) 가까움 초등학교는 4,5단지 거리 비슷. 단점은 기찻길 가까운 동은 소음. 선호동 : 408.409동. 소음이 적고 트여있어서 가장 좋아 함. 5단지도 선호도는 비슷한데 아이가 있으면 산책로가 잘 되어 있어서 5단지도 괜찮음. 5단지는 공기는 더 좋지만 조망권 동이 없음. 4,5단지 옵션은 기본은 없고 선택이였음 (시스템에어컨, 환기시스템, 중문, 비데) 5단지 임대 있는 것에 대해서는 크게 선호도 영향은 아직은 없음 (아직 입주도 안했기에..) -리더스힐 vs 이스트시티1단지 ?? 리더스힐은 주변 환경이나 학교 등 점점 개선되고 좋아지는 곳이다. 이스트시티는 주변이 번잡스럽다고 한다고.. 연식도 빠지고 있고 비슷한것 같다고 이야기 하심. 이스트시티에서 리더스힐로 이사 온 사람도 있다고 함. <부동산 평가> 친절, 지역에 대해 잘 아심 <얻은 정보> -전임 후 생각: 가장 선호도가 높은 신흥 생활권에서 연식이 빠지고 있는 이스트시티1단지에 거주하는 거주민이 대전역을 선호하는 경향이 강하다고 보여지고 신흥 SK에 가지 못하거나 대전역 이용이 문제가 되지 않는다면 아이들 키우기 좋은 리더스힐을 차선책으로 생각해 볼 수 있겠구나! 랜드마크가 리더스힐로 옮겨질 수 있을까 라는 질문을 한다면? 동구에서는 신흥SK뷰의 선호 요소가 훨씬 많기 때문에 그러지는 않을 것이라고 생각 함.
B26: =B25+1 -> 21 | C26: 라니 | D26: 46118 | E26: 월 | F26: 에코포레부동산 | G26: 010-6825-9100 | J26: e편한세상 대전 에코포레 | K26: 2020 | L26: 2267 | M26: =year(today())-K26+1 -> 7 | N26: 117동 중층 | O26: 34 | P26: 45000 | Q26: 30000 | R26: =if(and(P26 <> "", Q26 <> ""), P26-Q26, "") -> 15000 | S26: =if(and(P26 <> "", O26 <> ""), P26/O26, "") -> 1323.5294 | T26: =if(and(Q26 <> "", P26 <> ""), Q26/P26, "") -> 0.66666667 | U26: *실거주 매수로 전화함 RR : 106.107.104.113 (이쪽동을 맨 앞동이라고 함- 사이조망,뚫린동, 학교영구조망) 최근 실거래가 : 4.5-6 / 8 최근에는 4.58까지 계약 RR과 비RR 1천-2천. 매도할때 고려해서라도 RR사는것 추천. 추천물건 106동 남서향 4.6 15층 107동 29층 4.55 방3 (방4개 물건 확인필요) 방4vs방3 : 살기 좋은건 방3 알파룸+펜트리 구조 (추가옵션) 조합원 물건 의미 없음 에어컨 대부분 없고 들어오면서 시에+2in1 (드신분들은 안함) 여긴 보통 어떤사람들이 오는가 : 새집 사고싶은데 돈때문에 못 사는 사람들이 단지 찍어서 옴 24평 신혼부부 다수 34평 애기 1-2이상 / 24->34 갈아타기 많이함. VS 삼정그린코아 : 전철 빼고는 메리트 1도 없다. 거긴 31평이다. 34평 없다. 학군은 e편한,선호도 높음 (이건 걸러듣겠다) 판암이 저렴한 아파트가 많이 몰려있는 곳이다 보니 선호도가 떨어지는건 맞다 보통 거래는 신축이어서 투자로 샀다가 2년지나서 주인이 정리하면서 팔고 세입자가 실거주로 눌러앉는 경우가 많다 그리고 여기 실거주 하는 사람들은 팔면 돈 좀더모아서 유성구나 서구 이런곳으로 많이 간다 나:SK나 이스트로 가는 사람들은 없어요? 사장님 : 이스트는 연식이 좀 아쉽다, SK는 구조 봐라 (그래서 구조를 보았습니다..) sk는 전세 살다가 매수하는 확률은 거의 없음 | V26: 친절 | W26: 전세 매수가도 어쩌면 삼정그린코아보다 여기가 더 붙겠다는 생각을 했다. 어쨌든 연식과 저렴한 금액 (기금대출 대출한도 3억!!!!) 때문에 찍어서 온다. 반면 투자 입장에서는 3억에서 전세가가 드라마틱하게 올라갈 수는 없을것 같긴 하다. 어쨌든 손바뀜이 있는 단지이고 유성구 도안신도시 전세가 떨어지면 수요 뺏길수도 있겠다는 생각을 했다. | X26: =if(OR(U26 <>"", V26<>"", W26 <> ""), TEXTJOIN("", TRUE, J26, " ", K26, " ", L26, "^", char(10), F26, " ", G26, char(10), O26, "p ",N26, " ", P26, " / ", Q26 , " ", CHAR(10),CHAR(10), U26, CHAR(10),CHAR(10), "<부동산 평가>",CHAR(10),CHAR(10), V26, CHAR(10),CHAR(10), "<얻은 정보>", CHAR(10),CHAR(10),W26), "") -> e편한세상 대전 에코포레 2020 2267^ 에코포레부동산 010-6825-9100 34p 117동 중층 45,000 / 30,000 *실거주 매수로 전화함 RR : 106.107.104.113 (이쪽동을 맨 앞동이라고 함- 사이조망,뚫린동, 학교영구조망) 최근 실거래가 : 4.5-6 / 8 최근에는 4.58까지 계약 RR과 비RR 1천-2천. 매도할때 고려해서라도 RR사는것 추천. 추천물건 106동 남서향 4.6 15층 107동 29층 4.55 방3 (방4개 물건 확인필요) 방4vs방3 : 살기 좋은건 방3 알파룸+펜트리 구조 (추가옵션) 조합원 물건 의미 없음 에어컨 대부분 없고 들어오면서 시에+2in1 (드신분들은 안함) 여긴 보통 어떤사람들이 오는가 : 새집 사고싶은데 돈때문에 못 사는 사람들이 단지 찍어서 옴 24평 신혼부부 다수 34평 애기 1-2이상 / 24->34 갈아타기 많이함. VS 삼정그린코아 : 전철 빼고는 메리트 1도 없다. 거긴 31평이다. 34평 없다. 학군은 e편한,선호도 높음 (이건 걸러듣겠다) 판암이 저렴한 아파트가 많이 몰려있는 곳이다 보니 선호도가 떨어지는건 맞다 보통 거래는 신축이어서 투자로 샀다가 2년지나서 주인이 정리하면서 팔고 세입자가 실거주로 눌러앉는 경우가 많다 그리고 여기 실거주 하는 사람들은 팔면 돈 좀더모아서 유성구나 서구 이런곳으로 많이 간다 나:SK나 이스트로 가는 사람들은 없어요? 사장님 : 이스트는 연식이 좀 아쉽다, SK는 구조 봐라 (그래서 구조를 보았습니다..) sk는 전세 살다가 매수하는 확률은 거의 없음 <부동산 평가> 친절 <얻은 정보> 전세 매수가도 어쩌면 삼정그린코아보다 여기가 더 붙겠다는 생각을 했다. 어쨌든 연식과 저렴한 금액 (기금대출 대출한도 3억!!!!) 때문에 찍어서 온다. 반면 투자 입장에서는 3억에서 전세가가 드라마틱하게 올라갈 수는 없을것 같긴 하다. 어쨌든 손바뀜이 있는 단지이고 유성구 도안신도시 전세가 떨어지면 수요 뺏길수도 있겠다는 생각을 했다.
B27: =B26+1 -> 22 | C27: 케빈 | D27: 46118 | E27: 월 | F27: 대청에코포레 | G27: 010-7444-1130 | J27: e편한세상 대전 에코포레 | K27: 2020 | L27: 2267 | M27: =year(today())-K27+1 -> 7 | N27: 104동 중층 4.25 | O27: 34 | P27: 42500 | Q27: 30000 | R27: =if(and(P27 <> "", Q27 <> ""), P27-Q27, "") -> 12500 | S27: =if(and(P27 <> "", O27 <> ""), P27/O27, "") -> 1250 | T27: =if(and(Q27 <> "", P27 <> ""), Q27/P27, "") -> 0.70588235 | U27: 104동 중층 4.25억 / 수리는 해도 도배 정도만 하면 됨 좋은동 매물은 ? 107동 에어컨 없는거 4.5억 / 있는거 4.59억 시에 있는 집 없는 집 반반,, 없는 집이 조금 더 많은 거 같기도 하다고 함 4베이 단일구조 vs 은어송하늘채리버뷰 확실히 그쪽이 좀 더 멀긴하다 새 아파트라 좋긴 한데 금방 파실거면 e편한이 나을거다 전세가 많이 없다 | V27: 친절 약간 귀찮을랑 말랑 하지만 손님 없어서 말씀 잘 해주시는 느낌 | W27: 확실히 아래로는 더 외곽이라 느끼는 듯 | X27: =if(OR(U27 <>"", V27<>"", W27 <> ""), TEXTJOIN("", TRUE, J27, " ", K27, " ", L27, "^", char(10), F27, " ", G27, char(10), O27, "p ",N27, " ", P27, " / ", Q27 , " ", CHAR(10),CHAR(10), U27, CHAR(10),CHAR(10), "<부동산 평가>",CHAR(10),CHAR(10), V27, CHAR(10),CHAR(10), "<얻은 정보>", CHAR(10),CHAR(10),W27), "") -> e편한세상 대전 에코포레 2020 2267^ 대청에코포레 010-7444-1130 34p 104동 중층 4.25 42,500 / 30,000 104동 중층 4.25억 / 수리는 해도 도배 정도만 하면 됨 좋은동 매물은 ? 107동 에어컨 없는거 4.5억 / 있는거 4.59억 시에 있는 집 없는 집 반반,, 없는 집이 조금 더 많은 거 같기도 하다고 함 4베이 단일구조 vs 은어송하늘채리버뷰 확실히 그쪽이 좀 더 멀긴하다 새 아파트라 좋긴 한데 금방 파실거면 e편한이 나을거다 전세가 많이 없다 <부동산 평가> 친절 약간 귀찮을랑 말랑 하지만 손님 없어서 말씀 잘 해주시는 느낌 <얻은 정보> 확실히 아래로는 더 외곽이라 느끼는 듯
B28: =B27+1 -> 23 | C28: 케빈 | D28: 46118 | E28: 월 | F28: 리버뷰 | G28: 010-3460-6176 | J28: 은어송하늘채리버뷰 | K28: 2024 | L28: 934 | M28: =year(today())-K28+1 -> 3 | N28: 106동 중층 | O28: 34 | P28: 48000 | Q28: 35000 | R28: =if(and(P28 <> "", Q28 <> ""), P28-Q28, "") -> 13000 | S28: =if(and(P28 <> "", O28 <> ""), P28/O28, "") -> 1411.7647 | T28: =if(and(Q28 <> "", P28 <> ""), Q28/P28, "") -> 0.72916667 | U28: 대전역 이용하는 실거주 컨셉 106동 중층 4.8억 A타입 천변뷰 or 식장산뷰 106동 A타입은 산뷰 천변뷰 or 산뷰 다 좋아한다 취향 차이 A-B타입 똑같다 포베이 C타입 거실 좀 좁다 방이 여러방향이라 좋다 그리고 작은방 하나가 좀 큼 사람들 대전역 많이 다님 VS 에코포레 에코포레보다는 여기가 생활권이 더 좋아요 | V28: 친절 여사장님. 쉬는 날 없음 일욜도 나와요 | W28: 좀 더 나은 생활권 외곽 신축 VS 좀 덜 좋은 생활권 덜 외곽 (준)신축. 에코포레 승이었는데 갑자기 또 헷갈리네 | X28: =if(OR(U28 <>"", V28<>"", W28 <> ""), TEXTJOIN("", TRUE, J28, " ", K28, " ", L28, "^", char(10), F28, " ", G28, char(10), O28, "p ",N28, " ", P28, " / ", Q28 , " ", CHAR(10),CHAR(10), U28, CHAR(10),CHAR(10), "<부동산 평가>",CHAR(10),CHAR(10), V28, CHAR(10),CHAR(10), "<얻은 정보>", CHAR(10),CHAR(10),W28), "") -> 은어송하늘채리버뷰 2024 934^ 리버뷰 010-3460-6176 34p 106동 중층 48,000 / 35,000 대전역 이용하는 실거주 컨셉 106동 중층 4.8억 A타입 천변뷰 or 식장산뷰 106동 A타입은 산뷰 천변뷰 or 산뷰 다 좋아한다 취향 차이 A-B타입 똑같다 포베이 C타입 거실 좀 좁다 방이 여러방향이라 좋다 그리고 작은방 하나가 좀 큼 사람들 대전역 많이 다님 VS 에코포레 에코포레보다는 여기가 생활권이 더 좋아요 <부동산 평가> 친절 여사장님. 쉬는 날 없음 일욜도 나와요 <얻은 정보> 좀 더 나은 생활권 외곽 신축 VS 좀 덜 좋은 생활권 덜 외곽 (준)신축. 에코포레 승이었는데 갑자기 또 헷갈리네
B29: =B28+1 -> 24 | C29: 케빈 | D29: 46118 | E29: 월 | F29: 용운E편한 | G29: 010-3462-1291 | J29: e편한세상 대전 에코포레 | K29: 2020 | L29: 2267 | M29: =year(today())-K29+1 -> 7 | R29: =if(and(P29 <> "", Q29 <> ""), P29-Q29, "") | S29: =if(and(P29 <> "", O29 <> ""), P29/O29, "") | T29: =if(and(Q29 <> "", P29 <> ""), Q29/P29, "") | U29: 이편항 6,7,13동 로얄 환금성 생각하명 이편한 VS하늘채리버뷰 / 거기도 새아파트라 괜찮긴 해도 | V29: 남자 사장님 친절 | X29: =if(OR(U29 <>"", V29<>"", W29 <> ""), TEXTJOIN("", TRUE, J29, " ", K29, " ", L29, "^", char(10), F29, " ", G29, char(10), O29, "p ",N29, " ", P29, " / ", Q29 , " ", CHAR(10),CHAR(10), U29, CHAR(10),CHAR(10), "<부동산 평가>",CHAR(10),CHAR(10), V29, CHAR(10),CHAR(10), "<얻은 정보>", CHAR(10),CHAR(10),W29), "") -> e편한세상 대전 에코포레 2020 2267^ 용운E편한 010-3462-1291 p / 이편항 6,7,13동 로얄 환금성 생각하명 이편한 VS하늘채리버뷰 / 거기도 새아파트라 괜찮긴 해도 <부동산 평가> 남자 사장님 친절 <얻은 정보>
B30: 25 | C30: 학생 | D30: 46119 | E30: 화 | F30: 대주 | G30: 010-9670-2388 | H30: 10 | I30: 0 | J30: 대주파크빌 | K30: 2006 | L30: 670 | M30: =year(today())-K30+1 -> 21 | N30: 104동 17층 | O30: 30 | P30: 28000 | Q30: 22000 | R30: =if(and(P30 <> "", Q30 <> ""), P30-Q30, "") -> 6000 | S30: =if(and(P30 <> "", O30 <> ""), P30/O30, "") -> 933.33333 | T30: =if(and(Q30 <> "", P30 <> ""), Q30/P30, "") -> 0.78571429 | U30: 요새 30평 전세 2.2억에서 2.3억 정도면 나간다 전세가 없어서 못보여주는 상황 집주인이 살고, 기본집이다, 이사 날짜는 안 정해져있고네고 가능 104동 12층이 특올수리 매매가 3억 102동 21~22층이 뻥뷰라서 로얄 대전성남우미린시티가 27년에 완공되어도 신흥SK뷰에서 안넘어올거라는 부사님의 의견 이유는 전용84가 분양가 5.8억이 너무 비싸다는 의견 25년 5월 이후로 전세 거래가 없는 것은 전세를 내놀지 않아서이다 | V30: 친절 호쾌 | W30: 대전 동구가 참 전세가 부족하다는게 느껴진다 전세 내놓는다는 말에 정말 호의적이고 27년에 들어오는 우미린은 중심에서 넘어오기위해서는 가격대가 낮아지지 않는 이상 힘들겠다는 생각
B31: 26 | C31: 학생 | D31: 46119 | E31: 화 | F31: 원탑 | G31: 010-7506-8792 | H31: 132 | I31: 3 | J31: 이편한세상대전에코포레 | K31: 2020 | L31: 2267 | M31: =year(today())-K31+1 -> 7 | N31: 104동 중층 | O31: 33 | P31: 42500 | Q31: 30000 | R31: =if(and(P31 <> "", Q31 <> ""), P31-Q31, "") -> 12500 | S31: =if(and(P31 <> "", O31 <> ""), P31/O31, "") -> 1287.8788 | T31: =if(and(Q31 <> "", P31 <> ""), Q31/P31, "") -> 0.70588235 | U31: 4.25억 매물은 기본옵션이라 전세 3억은 힘들다 시에 4개 달면 3.2도 가능 전세 수요는 높다 2.8억 매물은 옵션이 마음에 안들어서 나와있는건데 곧 나갈거다 세입자 26년 6월 만기 아니고, 세입자가 나가고 싶은 날짜일뿐 갱신 안썼고, 세입자분 청약으로 인해 이사갈 예정 그래서 매도인도 팔거라 적극적 106, 107, 112, 113동 정도가 로얄동 뒷동은 별로다 뒤편 스타벅스는 대전대 근처에 의료원이 생긴다고 해서 스벅도 들어온건데 공사비가 많이 나와 스벅만 남은 상황 젊은 신혼부부들이 새아파트 찾다가 이편한 살아보려고 오는 수요가 있다 에어컨 4대와 중문 있으면 무조건 전세 잘 나간다 | V31: 친절 | W31: 생각보다 전세를 선택하는 이유가 시에라니 정말 입지가 없는 외곽 신축에서 투자를 위해서는 집 컨디션을 아주 최상으로 만들고 세입자 받을 준비를 해야겠다는 생각
B32: 27 | C32: 그늘 | D32: 46119 | E32: 화 | F32: 이스트사랑 | G32: 010-9767-3823 | H32: 99 | I32: 10 | J32: 이스트시티1단지 | K32: 2018 | L32: 1345 | M32: =year(today())-K32+1 -> 9 | N32: 102동/4층/남동향 | O32: 34 | P32: 49500 | Q32: 30000 | R32: =if(and(P32 <> "", Q32 <> ""), P32-Q32, "") -> 19500 | S32: =if(and(P32 <> "", O32 <> ""), P32/O32, "") -> 1455.8824 | T32: =if(and(Q32 <> "", P32 <> ""), Q32/P32, "") -> 0.60606061 | U32: 전세끼고 물건. 3억/ 현 전세는 3억6천-4억선. 지금 전세 높게 나와있지만 희망가다. 최근 110동 3억6천에 거래. 이건 102동이니까 좀 더 받을 수 있다. 서울사는 주인분들이 다주택자라서 처분하시려고 저렴하게 내놓으신 것. 집 상태는 사장님이 보기에는 크게 건드릴 거 없다 도배정도만 하면 된다. 애들 키우는 분들이 살고 계신다. 이미 갱신된 물건이라 내년 7월 만료다. 안나가고 계속 살고 싶은 마음도 있으신 것 같다. 물어는 봐야 한다. 아이들은 초등,유아 정도 또래. 세입자분들 집 잘 보여주신다. | V32: 남자사장님, 적극적이심. 다음주에 콜백주신다고까지... | W32: 동이 1,2,3동이 로얄동이라서. SK뷰에서 대전역까지는 솔직히 매일 은 못걸어다린다. 이스트 시티에는 10-12분정도 걸림(하도 사람들이 물어봐서 사장님이 직접 걸어보셨다고 함). 이스트시티에 코레일 많이 사시냐는 질문에, 많이사셔서 소문으로는 철도아파트라고 불린다. 하도 많이 사셔서. 대전역 출퇴근하시는 분들도 많다. | X32: =if(OR(U32 <>"", V32<>"", W32 <> ""), TEXTJOIN("", TRUE, J32, " ", K32, " ", L32, "^", char(10), F32, " ", G32, char(10), O32, "p ",N32, " ", P32, " / ", Q32 , " ", CHAR(10),CHAR(10), U32, CHAR(10),CHAR(10), "<부동산 평가>",CHAR(10),CHAR(10), V32, CHAR(10),CHAR(10), "<얻은 정보>", CHAR(10),CHAR(10),W32), "") -> 이스트시티1단지 2018 1345^ 이스트사랑 010-9767-3823 34p 102동/4층/남동향 49,500 / 30,000 전세끼고 물건. 3억/ 현 전세는 3억6천-4억선. 지금 전세 높게 나와있지만 희망가다. 최근 110동 3억6천에 거래. 이건 102동이니까 좀 더 받을 수 있다. 서울사는 주인분들이 다주택자라서 처분하시려고 저렴하게 내놓으신 것. 집 상태는 사장님이 보기에는 크게 건드릴 거 없다 도배정도만 하면 된다. 애들 키우는 분들이 살고 계신다. 이미 갱신된 물건이라 내년 7월 만료다. 안나가고 계속 살고 싶은 마음도 있으신 것 같다. 물어는 봐야 한다. 아이들은 초등,유아 정도 또래. 세입자분들 집 잘 보여주신다. <부동산 평가> 남자사장님, 적극적이심. 다음주에 콜백주신다고까지... <얻은 정보> 동이 1,2,3동이 로얄동이라서. SK뷰에서 대전역까지는 솔직히 매일 은 못걸어다린다. 이스트 시티에는 10-12분정도 걸림(하도 사람들이 물어봐서 사장님이 직접 걸어보셨다고 함). 이스트시티에 코레일 많이 사시냐는 질문에, 많이사셔서 소문으로는 철도아파트라고 불린다. 하도 많이 사셔서. 대전역 출퇴근하시는 분들도 많다.
B33: =B32+1 -> 28 | C33: 가히 | D33: 46119 | E33: 화 | F33: 신도공인 | G33: 010-5664-0289 | J33: 고운하이플러스 | K33: 2023 | L33: 430 | M33: =year(today())-K33+1 -> 4 | N33: 104동 6층 남향 | O33: 32 | P33: 38000 | R33: =if(and(P33 <> "", Q33 <> ""), P33-Q33, "") | S33: =if(and(P33 <> "", O33 <> ""), P33/O33, "") -> 1187.5 | T33: =if(and(Q33 <> "", P33 <> ""), Q33/P33, "") | U33: [매물정보] 연세 있는 주인분 급매, 정리하고 지방(더 지방, 시골) 내려가려하신다고. 근저당 있긴 한데 말소 가능한 수준, 부사님이 이 집주인분 물건 여럿(?) 팔아줬어서 3.8보다 더 네고 가능하실 거라함. [시세] 전세는 2.8 정도 ~ 매물 없으니 높게 해보면 3.0억 / 본 매물 3.8 (네고 가능), 세안은 물건 3.9억, 실입주물 4.0억 / 세낀 매물 전세 2.5~2.6 수준 / 최근 4.0억에 2건 거래돼서 호가를 내리지 않는 편이라고.. [분위기] 호가 얘기와는 달리 비밀번호를 맡기는 편이라 함 (= 부사님이 엄청난 일잘러시거나 혹은 집주인들이 빨리 처분하려는 의지가 상당한 것으로 느껴졌음) 24평은 신혼부부 or 1인 가구, 32평은 짐 많은 분들 35-36평은 복층 펜트하우스 5억. | V33: 무뚝뚝한 것 같은데 엄청 적극적인, 물건 잘꿰고 계심, 일잘러(? 혹은 허세?) 전화끊고 콜백옴, 내가 간만의 연락인듯 | W33: [단지 정보] 32평은 101동 빼고는 다 괜찮. 101동 3호 라인이 조망이 막혀서 // 24평은 세대수가 많다보니 가격이 좀 더 잘 깎이는 편이라고.. [매매 분위기] 실거주자 위주, 투자자는 왔다가 그냥 갔음, 요즘 뜸함, 전세는 물건이 없어서 문의가 없음 | X33: =if(OR(U33 <>"", V33<>"", W33 <> ""), TEXTJOIN("", TRUE, J33, " ", K33, " ", L33, "^", char(10), F33, " ", G33, char(10), O33, "p ",N33, " ", P33, " / ", Q33 , " ", CHAR(10),CHAR(10), U33, CHAR(10),CHAR(10), "<부동산 평가>",CHAR(10),CHAR(10), V33, CHAR(10),CHAR(10), "<얻은 정보>", CHAR(10),CHAR(10),W33), "") -> 고운하이플러스 2023 430^ 신도공인 010-5664-0289 32p 104동 6층 남향 38,000 / [매물정보] 연세 있는 주인분 급매, 정리하고 지방(더 지방, 시골) 내려가려하신다고. 근저당 있긴 한데 말소 가능한 수준, 부사님이 이 집주인분 물건 여럿(?) 팔아줬어서 3.8보다 더 네고 가능하실 거라함. [시세] 전세는 2.8 정도 ~ 매물 없으니 높게 해보면 3.0억 / 본 매물 3.8 (네고 가능), 세안은 물건 3.9억, 실입주물 4.0억 / 세낀 매물 전세 2.5~2.6 수준 / 최근 4.0억에 2건 거래돼서 호가를 내리지 않는 편이라고.. [분위기] 호가 얘기와는 달리 비밀번호를 맡기는 편이라 함 (= 부사님이 엄청난 일잘러시거나 혹은 집주인들이 빨리 처분하려는 의지가 상당한 것으로 느껴졌음) 24평은 신혼부부 or 1인 가구, 32평은 짐 많은 분들 35-36평은 복층 펜트하우스 5억. <부동산 평가> 무뚝뚝한 것 같은데 엄청 적극적인, 물건 잘꿰고 계심, 일잘러(? 혹은 허세?) 전화끊고 콜백옴, 내가 간만의 연락인듯 <얻은 정보> [단지 정보] 32평은 101동 빼고는 다 괜찮. 101동 3호 라인이 조망이 막혀서 // 24평은 세대수가 많다보니 가격이 좀 더 잘 깎이는 편이라고.. [매매 분위기] 실거주자 위주, 투자자는 왔다가 그냥 갔음, 요즘 뜸함, 전세는 물건이 없어서 문의가 없음
B34: =B33+1 -> 29 | C34: MZ | D34: 46119 | E34: 화 | F34: 양지부동산 | G34: 010-8246-5554 | J34: 아침LH | K34: 2011.08 | L34: 1025 | M34: =year(today())-K34+1 -> 15.92 | N34: 113동 5층 남동향 | O34: 34 | P34: 35000 | Q34: 28000 | R34: =if(and(P34 <> "", Q34 <> ""), P34-Q34, "") -> 7000 | S34: =if(and(P34 <> "", O34 <> ""), P34/O34, "") -> 1029.4118 | T34: =if(and(Q34 <> "", P34 <> ""), Q34/P34, "") -> 0.8 | U34: 은어송보다는 연식 좋고 교통 좋아서 더 선호함 (은어송 쪽 풍림아이원, 아이파크보다도 가격 높아서 물어봄) Q. 은어송 쪽보다 여기가 더 좋나여? A. 은어송은 지금 살고 있으면 괜찮지만 지금 들어가기에는 연식때문에 아침LH가 낫다. Q. 전세 잘나가나요? 시세는? A. 전세 없어서 기다리는 중, 전세 내면 바로 나간다. 33평 전세 시세는 2.8 Q. 로얄동은? A. 103동, 역에서부터 가까워서라기보다는 앞 뒤 다 트여있어서 103동 선호 <궁금증> 1. 역과 가까워서 교통 좋다고 자꾸 하시는데 역이 정말 그정도로 선호도에 영향 많이 끼칠까? 다른 역은 그렇다 쳐도 대전역은 좀 의미 있을지도? 2. 30평에 매매가 6억 올려놓은 거 있던데 물어보는 거 까먹었다. | V34: 묻는 말에만 대답해주시고 너어무 시크함 | X34: =if(OR(U34 <>"", V34<>"", W34 <> ""), TEXTJOIN("", TRUE, J34, " ", K34, " ", L34, "^", char(10), F34, " ", G34, char(10), O34, "p ",N34, " ", P34, " / ", Q34 , " ", CHAR(10),CHAR(10), U34, CHAR(10),CHAR(10), "<부동산 평가>",CHAR(10),CHAR(10), V34, CHAR(10),CHAR(10), "<얻은 정보>", CHAR(10),CHAR(10),W34), "") -> 아침LH 2011.08 1025^ 양지부동산 010-8246-5554 34p 113동 5층 남동향 35,000 / 28,000 은어송보다는 연식 좋고 교통 좋아서 더 선호함 (은어송 쪽 풍림아이원, 아이파크보다도 가격 높아서 물어봄) Q. 은어송 쪽보다 여기가 더 좋나여? A. 은어송은 지금 살고 있으면 괜찮지만 지금 들어가기에는 연식때문에 아침LH가 낫다. Q. 전세 잘나가나요? 시세는? A. 전세 없어서 기다리는 중, 전세 내면 바로 나간다. 33평 전세 시세는 2.8 Q. 로얄동은? A. 103동, 역에서부터 가까워서라기보다는 앞 뒤 다 트여있어서 103동 선호 <궁금증> 1. 역과 가까워서 교통 좋다고 자꾸 하시는데 역이 정말 그정도로 선호도에 영향 많이 끼칠까? 다른 역은 그렇다 쳐도 대전역은 좀 의미 있을지도? 2. 30평에 매매가 6억 올려놓은 거 있던데 물어보는 거 까먹었다. <부동산 평가> 묻는 말에만 대답해주시고 너어무 시크함 <얻은 정보>
B35: =B34+1 -> 30 | C35: 가히 | D35: 46119 | E35: 화 | F35: 원탑공인중개사사무소 | G35: 010-7506-8792 | H35: 39 | I35: 1 | J35: e편한세상대전에코포레 | K35: 2020.11 | L35: 2267 | M35: =year(today())-K35+1 -> 6.89 | N35: 104동 중/33층 남동향 (13층) | O35: 33 | P35: 42500 | Q35: 30000 | R35: =if(and(P35 <> "", Q35 <> ""), P35-Q35, "") -> 12500 | S35: =if(and(P35 <> "", O35 <> ""), P35/O35, "") -> 1287.8788 | T35: =if(and(Q35 <> "", P35 <> ""), Q35/P35, "") -> 0.70588235 | U35: [매물정보] 세입자가 빨리 나가게 돼서 급매, 다만 9월까지 입주 시기는 협의 가능함 에어컨 없어서 3.1~3.4는 어려울 것 같고 보수적으로 3.0 추천 [시세/분위기] 전세 2개 2.8 & 3.0 있던데 안나가는 이유? 입주 날짜가 안맞거나 집주인 사정이 있을 것 (들었는데 까먹으셨다고). 스치는 말로 "그래도 전세는 매매보다 잘되니까"라고 하신걸로 봐서 현재 거래가 활발하다고 보긴 어렵다. 개학 직전에 거래 많았고 지금은 뜸한.. | V35: 단지 타입에 대해선 빠삭하지만 매물 상황에 대해선 잘 모르심 | W35: [얻은 정보] - 로얄동 : 106, 107, 113 ~ 조망 확보돼서. 104는 좀 가림 - 방3 vs 방4 : 방3은 작은방 확장해서 거실이 엄청 넓은 구조 vs 방4는 알파룸처럼 구성, 보통 펜트리로 사용하신다고. 선호도 비슷하지만, 굳이 따지자면 방4가 더 빨리 빠졌다. (현재 남아있는 매물 방3이 많은 이유) 애기 키우고 하면 짐이 많아서 펜트리를 더 선호 [내생각] 6월에 대전역 e편한센텀비스타, 주복이긴 하지만 400^에 현재 전세 매물 58개 ~ 전세 최저 3.0 부터 3.2~3.4 사이 포진.. 주변 환경이 별로라 애기 키우기엔 꺼려지지만 신축 전세로 저렴하다보니 상대적으로 e편한에코포레가 전세 높게 빼기는 다소 어려울 듯. 잔금 시기를 9월로 미뤄서 입주 마무리된 후가 낫지 않을까,, | X35: =if(OR(U35 <>"", V35<>"", W35 <> ""), TEXTJOIN("", TRUE, J35, " ", K35, " ", L35, "^", char(10), F35, " ", G35, char(10), O35, "p ",N35, " ", P35, " / ", Q35 , " ", CHAR(10),CHAR(10), U35, CHAR(10),CHAR(10), "<부동산 평가>",CHAR(10),CHAR(10), V35, CHAR(10),CHAR(10), "<얻은 정보>", CHAR(10),CHAR(10),W35), "") -> e편한세상대전에코포레 2020.11 2267^ 원탑공인중개사사무소 010-7506-8792 33p 104동 중/33층 남동향 (13층) 42,500 / 30,000 [매물정보] 세입자가 빨리 나가게 돼서 급매, 다만 9월까지 입주 시기는 협의 가능함 에어컨 없어서 3.1~3.4는 어려울 것 같고 보수적으로 3.0 추천 [시세/분위기] 전세 2개 2.8 & 3.0 있던데 안나가는 이유? 입주 날짜가 안맞거나 집주인 사정이 있을 것 (들었는데 까먹으셨다고). 스치는 말로 "그래도 전세는 매매보다 잘되니까"라고 하신걸로 봐서 현재 거래가 활발하다고 보긴 어렵다. 개학 직전에 거래 많았고 지금은 뜸한.. <부동산 평가> 단지 타입에 대해선 빠삭하지만 매물 상황에 대해선 잘 모르심 <얻은 정보> [얻은 정보] - 로얄동 : 106, 107, 113 ~ 조망 확보돼서. 104는 좀 가림 - 방3 vs 방4 : 방3은 작은방 확장해서 거실이 엄청 넓은 구조 vs 방4는 알파룸처럼 구성, 보통 펜트리로 사용하신다고. 선호도 비슷하지만, 굳이 따지자면 방4가 더 빨리 빠졌다. (현재 남아있는 매물 방3이 많은 이유) 애기 키우고 하면 짐이 많아서 펜트리를 더 선호 [내생각] 6월에 대전역 e편한센텀비스타, 주복이긴 하지만 400^에 현재 전세 매물 58개 ~ 전세 최저 3.0 부터 3.2~3.4 사이 포진.. 주변 환경이 별로라 애기 키우기엔 꺼려지지만 신축 전세로 저렴하다보니 상대적으로 e편한에코포레가 전세 높게 빼기는 다소 어려울 듯. 잔금 시기를 9월로 미뤄서 입주 마무리된 후가 낫지 않을까,,
B36: =B35+1 -> 31 | C36: 그늘 | D36: 46120 | E36: 수 | F36: 코오롱하늘채 | G36: 010-5463-2025 | H36: 81 | I36: 2 | J36: 1차풍림아이원 | K36: 2007 | L36: 664 | M36: =year(today())-K36+1 -> 20 | N36: 104동/21층/남서향 | O36: 34 | P36: 32000 | R36: =if(and(P36 <> "", Q36 <> ""), P36-Q36, "") | S36: =if(and(P36 <> "", O36 <> ""), P36/O36, "") -> 941.17647 | T36: =if(and(Q36 <> "", P36 <> ""), Q36/P36, "") | U36: 사놓고 나중에 들어가겠다는 컨셉) 전세가..2.5억에 도배 정도하면 나갈 것 같음. 전세대기자까지는 없음 전망 앞뒤로 뚫려있, 뒤로 십장산 앞으로는 보문산. 최근에 거래되려다 실패하면서 집주인이 2천 내려놓은 것. 주인분사시는데. 분양받아서 빨리팔고 나가고 싶어하심. 3억1천, 105동 19층(B형)은 6월 세입자만기 급매라는데. B형이라고 추천하지 않으심. RR 사둘거면 이게 맞음. | V36: 친절하심. | W36: 7동 가장 선호동 막힘없는1동 3동 4동 5동 식장산 조망되는 동이 로얄. A구조 선호도 높음. | X36: =if(OR(U36 <>"", V36<>"", W36 <> ""), TEXTJOIN("", TRUE, J36, " ", K36, " ", L36, "^", char(10), F36, " ", G36, char(10), O36, "p ",N36, " ", P36, " / ", Q36 , " ", CHAR(10),CHAR(10), U36, CHAR(10),CHAR(10), "<부동산 평가>",CHAR(10),CHAR(10), V36, CHAR(10),CHAR(10), "<얻은 정보>", CHAR(10),CHAR(10),W36), "") -> 1차풍림아이원 2007 664^ 코오롱하늘채 010-5463-2025 34p 104동/21층/남서향 32,000 / 사놓고 나중에 들어가겠다는 컨셉) 전세가..2.5억에 도배 정도하면 나갈 것 같음. 전세대기자까지는 없음 전망 앞뒤로 뚫려있, 뒤로 십장산 앞으로는 보문산. 최근에 거래되려다 실패하면서 집주인이 2천 내려놓은 것. 주인분사시는데. 분양받아서 빨리팔고 나가고 싶어하심. 3억1천, 105동 19층(B형)은 6월 세입자만기 급매라는데. B형이라고 추천하지 않으심. RR 사둘거면 이게 맞음. <부동산 평가> 친절하심. <얻은 정보> 7동 가장 선호동 막힘없는1동 3동 4동 5동 식장산 조망되는 동이 로얄. A구조 선호도 높음.
B37: =B36+1 -> 32 | C37: 그늘 | D37: 46120 | E37: 수 | F37: 하늘채우리집 | G37: 010-9898-5466 | H37: 25 | I37: 0 | J37: 은어송코오롱하늘채2차 | K37: 2016 | L37: 408 | M37: =year(today())-K37+1 -> 11 | N37: 102동/8층/남동향 | O37: 35 | P37: 36000 | Q37: 28000 | R37: =if(and(P37 <> "", Q37 <> ""), P37-Q37, "") -> 8000 | S37: =if(and(P37 <> "", O37 <> ""), P37/O37, "") -> 1028.5714 | T37: =if(and(Q37 <> "", P37 <> ""), Q37/P37, "") -> 0.77777778 | U37: B타입 물건. 로얄동물건 중 지금 102동 8층이 제일 상태 좋다. 하지만 3.6억에서 전혀 네고 가능성 없고 그 외 RR은 네고 가능할 것 같다. 전세는 현재2.8억에 나와있으나 2.5-6억이면 바로 나간다. | V37: 사장님 경매도 하시는 분. 아주 적극적이심. | W37: A형이 귀한 인기구조 이유는 4BAY라서, 하지만 조금 좁아보이는 경향이 있어 그건 와서 봐야 안다. 그리고 101,102동 상가쪽이 로얄동. 들어올 때 드레스룸 옵션이 있어서 드레스룸+방/방크게 두 스타일이있음. 각자 선호도 다름. | X37: =if(OR(U37 <>"", V37<>"", W37 <> ""), TEXTJOIN("", TRUE, J37, " ", K37, " ", L37, "^", char(10), F37, " ", G37, char(10), O37, "p ",N37, " ", P37, " / ", Q37 , " ", CHAR(10),CHAR(10), U37, CHAR(10),CHAR(10), "<부동산 평가>",CHAR(10),CHAR(10), V37, CHAR(10),CHAR(10), "<얻은 정보>", CHAR(10),CHAR(10),W37), "") -> 은어송코오롱하늘채2차 2016 408^ 하늘채우리집 010-9898-5466 35p 102동/8층/남동향 36,000 / 28,000 B타입 물건. 로얄동물건 중 지금 102동 8층이 제일 상태 좋다. 하지만 3.6억에서 전혀 네고 가능성 없고 그 외 RR은 네고 가능할 것 같다. 전세는 현재2.8억에 나와있으나 2.5-6억이면 바로 나간다. <부동산 평가> 사장님 경매도 하시는 분. 아주 적극적이심. <얻은 정보> A형이 귀한 인기구조 이유는 4BAY라서, 하지만 조금 좁아보이는 경향이 있어 그건 와서 봐야 안다. 그리고 101,102동 상가쪽이 로얄동. 들어올 때 드레스룸 옵션이 있어서 드레스룸+방/방크게 두 스타일이있음. 각자 선호도 다름.
B38: =B37+1 -> 33 | C38: 라니 | D38: 46120 | E38: 수 | F38: 어진마을공인중개 | G38: 010-9784-3360 | I38: 0 | J38: 어진마을 | K38: 2007 | L38: 813 | M38: =year(today())-K38+1 -> 20 | N38: 104동 11층 남동향 | O38: 34 | P38: 32000 | Q38: 25000 | R38: =if(and(P38 <> "", Q38 <> ""), P38-Q38, "") -> 7000 | S38: =if(and(P38 <> "", O38 <> ""), P38/O38, "") -> 941.17647 | T38: =if(and(Q38 <> "", P38 <> ""), Q38/P38, "") -> 0.78125 | U38: 전세 시세 2.5. 전세는 똑같이 찾지만 어진이 먼저 올라갔고 팔렸다. 신흥은 아직 싸다고 생각한다. 낀평형과 34평 전세 나가는건 똑같다. 현재 어진은 물건이 많진 않지만 104동 11층 3.2->3.1로 할 가능성 있다. 완전 기본이다. | V38: 적극적 | W38: 신흥이 아직 싸다고 생각한다 = 신흥이 덜 팔렸다? 일단 어진은 34평 거래가 됬다. 물건도 많이 없다. 두개 세대수 비교를 좀 해봐야겠다. 그래도 어진>신흥이라고 생각하시는것 같다. 근데 전세놓는건 똑같다. 여기는 연식이 떨어지기 때문에 둘을 똑같이 놓고 물건상태 보고 접근해야할것같다. | X38: =if(OR(U38 <>"", V38<>"", W38 <> ""), TEXTJOIN("", TRUE, J38, " ", K38, " ", L38, "^", char(10), F38, " ", G38, char(10), O38, "p ",N38, " ", P38, " / ", Q38 , " ", CHAR(10),CHAR(10), U38, CHAR(10),CHAR(10), "<부동산 평가>",CHAR(10),CHAR(10), V38, CHAR(10),CHAR(10), "<얻은 정보>", CHAR(10),CHAR(10),W38), "") -> 어진마을 2007 813^ 어진마을공인중개 010-9784-3360 34p 104동 11층 남동향 32,000 / 25,000 전세 시세 2.5. 전세는 똑같이 찾지만 어진이 먼저 올라갔고 팔렸다. 신흥은 아직 싸다고 생각한다. 낀평형과 34평 전세 나가는건 똑같다. 현재 어진은 물건이 많진 않지만 104동 11층 3.2->3.1로 할 가능성 있다. 완전 기본이다. <부동산 평가> 적극적 <얻은 정보> 신흥이 아직 싸다고 생각한다 = 신흥이 덜 팔렸다? 일단 어진은 34평 거래가 됬다. 물건도 많이 없다. 두개 세대수 비교를 좀 해봐야겠다. 그래도 어진>신흥이라고 생각하시는것 같다. 근데 전세놓는건 똑같다. 여기는 연식이 떨어지기 때문에 둘을 똑같이 놓고 물건상태 보고 접근해야할것같다.
B39: =B38+1 -> 34 | C39: 로에 | D39: 46120 | E39: 수 | F39: 우미린공인 | G39: 042-286-8090, 010-3462-0733 | J39: 가오주공 | K39: 1985.1 | L39: 460 | M39: =year(today())-K39+1 -> 41.9 | N39: 114동 고층 | O39: 19 | P39: 16000 | R39: =if(and(P39 <> "", Q39 <> ""), P39-Q39, "") | S39: =if(and(P39 <> "", O39 <> ""), P39/O39, "") -> 842.10526 | T39: =if(and(Q39 <> "", P39 <> ""), Q39/P39, "") | U39: 재건축 진행 과정 중간 단계까지 왔는데 안맞는 부분있어서 딜레이되고 있음. 이사나가고 하는 단계는 아니라서 시간을 오래가져야 함. 투자로 보고 있다고 하니 부동산 경기가 안좋고 불투명해서 투자를 권하지는 않음. 투자자 거래 요즘 한 건도 없고 문의도 없다고 함. 본인들이야 팔면 되지만 투자 권하지 않음. Q. 재건축 말고 다른 단지는? - 투자 자체를 보수적으로 봄. | V39: 친절 | W39: 투자를 하지말라는 듯이 말씀하셔서 입지 얘기는 꺼내지도 못했다. 다른 부동산과 크로스체크해봐야겠지만 이동네 부동산 시장 분위기가 안좋은건가? | X39: =if(OR(U39 <>"", V39<>"", W39 <> ""), TEXTJOIN("", TRUE, J39, " ", K39, " ", L39, "^", char(10), F39, " ", G39, char(10), O39, "p ",N39, " ", P39, " / ", Q39 , " ", CHAR(10),CHAR(10), U39, CHAR(10),CHAR(10), "<부동산 평가>",CHAR(10),CHAR(10), V39, CHAR(10),CHAR(10), "<얻은 정보>", CHAR(10),CHAR(10),W39), "") -> 가오주공 1985.1 460^ 우미린공인 042-286-8090, 010-3462-0733 19p 114동 고층 16,000 / 재건축 진행 과정 중간 단계까지 왔는데 안맞는 부분있어서 딜레이되고 있음. 이사나가고 하는 단계는 아니라서 시간을 오래가져야 함. 투자로 보고 있다고 하니 부동산 경기가 안좋고 불투명해서 투자를 권하지는 않음. 투자자 거래 요즘 한 건도 없고 문의도 없다고 함. 본인들이야 팔면 되지만 투자 권하지 않음. Q. 재건축 말고 다른 단지는? - 투자 자체를 보수적으로 봄. <부동산 평가> 친절 <얻은 정보> 투자를 하지말라는 듯이 말씀하셔서 입지 얘기는 꺼내지도 못했다. 다른 부동산과 크로스체크해봐야겠지만 이동네 부동산 시장 분위기가 안좋은건가?
B40: =B39+1 -> 35 | C40: 로에 | D40: 46120 | E40: 수 | F40: 코오롱하늘채공인 | G40: 042-286-0114,010-5463-2025 | J40: 은어송2단지코오롱하늘채 | K40: 2017.02 | L40: 1241 | M40: =year(today())-K40+1 -> 9.98 | N40: 206동 중층 | O40: 35 | P40: 33500 | Q40: 27000 | R40: =if(and(P40 <> "", Q40 <> ""), P40-Q40, "") -> 6500 | S40: =if(and(P40 <> "", O40 <> ""), P40/O40, "") -> 957.14286 | T40: =if(and(Q40 <> "", P40 <> ""), Q40/P40, "") -> 0.80597015 | U40: [실거주자 컨셉] 세입자 만기 4월, 7월까지 더 살고 나감. 거실만 확장되어있고 수리는 화장실부터 싱크대까지 다 수리해야한다. 206동이 앞동이고 초등학교가 가까워서 좋다. 3단지 아이파크랑 같이 보고 있다고 하니 2단지가 초등학교를 끼고 있어서 더 좋다고 하셨다. 신혼부부들은 신축으로 가지 여기로 안들어온다. | V40: 친절 | W40: 2단지가 단지 분위기가 좋아서 젊은 층들이 선호할 것 같았는데 신혼부부가 들어오는 단지는 아니라니 의외였다. 선호도는 확실히 신축인가. | X40: =if(OR(U40 <>"", V40<>"", W40 <> ""), TEXTJOIN("", TRUE, J40, " ", K40, " ", L40, "^", char(10), F40, " ", G40, char(10), O40, "p ",N40, " ", P40, " / ", Q40 , " ", CHAR(10),CHAR(10), U40, CHAR(10),CHAR(10), "<부동산 평가>",CHAR(10),CHAR(10), V40, CHAR(10),CHAR(10), "<얻은 정보>", CHAR(10),CHAR(10),W40), "") -> 은어송2단지코오롱하늘채 2017.02 1241^ 코오롱하늘채공인 042-286-0114,010-5463-2025 35p 206동 중층 33,500 / 27,000 [실거주자 컨셉] 세입자 만기 4월, 7월까지 더 살고 나감. 거실만 확장되어있고 수리는 화장실부터 싱크대까지 다 수리해야한다. 206동이 앞동이고 초등학교가 가까워서 좋다. 3단지 아이파크랑 같이 보고 있다고 하니 2단지가 초등학교를 끼고 있어서 더 좋다고 하셨다. 신혼부부들은 신축으로 가지 여기로 안들어온다. <부동산 평가> 친절 <얻은 정보> 2단지가 단지 분위기가 좋아서 젊은 층들이 선호할 것 같았는데 신혼부부가 들어오는 단지는 아니라니 의외였다. 선호도는 확실히 신축인가.
B41: =B40+1 -> 36 | C41: 가히 | D41: 46120 | E41: 수 | F41: 어진마을공인중개사 | G41: -3360 | J41: 어진마을 | K41: 2007 | L41: 813 | M41: =year(today())-K41+1 -> 20 | N41: 106동 고/25층 | O41: 34 | P41: 33000 | Q41: 25000 | R41: =if(and(P41 <> "", Q41 <> ""), P41-Q41, "") -> 8000 | S41: =if(and(P41 <> "", O41 <> ""), P41/O41, "") -> 970.58824 | T41: =if(and(Q41 <> "", P41 <> ""), Q41/P41, "") -> 0.75757576 | U41: 어진 전세는 2.5에 가능 부사님 바쁘셔서 낼 연락주시기로 | V41: 아직 콜백 없지만 (4/9) 문자로 명함은 보내주심 | W41: n/a | X41: =if(OR(U41 <>"", V41<>"", W41 <> ""), TEXTJOIN("", TRUE, J41, " ", K41, " ", L41, "^", char(10), F41, " ", G41, char(10), O41, "p ",N41, " ", P41, " / ", Q41 , " ", CHAR(10),CHAR(10), U41, CHAR(10),CHAR(10), "<부동산 평가>",CHAR(10),CHAR(10), V41, CHAR(10),CHAR(10), "<얻은 정보>", CHAR(10),CHAR(10),W41), "") -> 어진마을 2007 813^ 어진마을공인중개사 -3360 34p 106동 고/25층 33,000 / 25,000 어진 전세는 2.5에 가능 부사님 바쁘셔서 낼 연락주시기로 <부동산 평가> 아직 콜백 없지만 (4/9) 문자로 명함은 보내주심 <얻은 정보> n/a
B42: =B41+1 -> 37 | C42: 가히 | D42: 46120 | E42: 수 | F42: 부동산이즈리더스시티대표공인 | G42: 010-4488-2820 | H42: 50 | I42: 0 | J42: 어진마을 | K42: 2007 | L42: 813 | M42: =year(today())-K42+1 -> 20 | N42: 106동 고/25층 | O42: 34 | P42: 32000 | Q42: 25000 | R42: =if(and(P42 <> "", Q42 <> ""), P42-Q42, "") -> 7000 | S42: =if(and(P42 <> "", O42 <> ""), P42/O42, "") -> 941.17647 | T42: =if(and(Q42 <> "", P42 <> ""), Q42/P42, "") -> 0.78125 | U42: [매물 정보] - 주인분 매도 후 전세 거주 희망 (2.5억) - 매도 사유는 확실히 모르지만 신축 입주는 아닌 것 같다고, 48년생?으로 연세 매우 많으시고 현금 필요하셔서인 것 같다는 부사님 추측 | V42: 성격 좋으신, 말 많으심 (전세 잘구해주실 느낌) + 적극적 (전화 끊고 장문의 문자) | W42: [얻은 정보] - 어진 vs 신흥 : 콕 짚을 순 없는데 그냥 신흥을 좀 안좋게 본다 (거주민 인식). 굳이 꼽자면 신흥은 대각선으로 건너야 함(..??) - 새들뫼 전세 3.5 가능하냐? 매전차만 놓고 보면 둘이 같은데 그럼 새들뫼가 낫지 않냐? >>> 기간만 충분히 있다면 (=잔금 가능하다면) 3.5에 나갈 수 있다. 전세 워낙 없으니까, 본인이 생각하기에도 투자금 같으면 어진보다 새들뫼가 훨낫다. - 새들뫼 선호 이유 : 대동역 더블역세권 호재 기대, 대동역 3분컷 & 평수 넓게 잘빠짐 & 어진보다 괜찮은 연식 & 인식/선호도 높은 단지 | X42: =if(OR(U42 <>"", V42<>"", W42 <> ""), TEXTJOIN("", TRUE, J42, " ", K42, " ", L42, "^", char(10), F42, " ", G42, char(10), O42, "p ",N42, " ", P42, " / ", Q42 , " ", CHAR(10),CHAR(10), U42, CHAR(10),CHAR(10), "<부동산 평가>",CHAR(10),CHAR(10), V42, CHAR(10),CHAR(10), "<얻은 정보>", CHAR(10),CHAR(10),W42), "") -> 어진마을 2007 813^ 부동산이즈리더스시티대표공인 010-4488-2820 34p 106동 고/25층 32,000.0 / 25,000.0 [매물 정보] - 주인분 매도 후 전세 거주 희망 (2.5억) - 매도 사유는 확실히 모르지만 신축 입주는 아닌 것 같다고, 48년생?으로 연세 매우 많으시고 현금 필요하셔서인 것 같다는 부사님 추측 <부동산 평가> 성격 좋으신, 말 많으심 (전세 잘구해주실 느낌) + 적극적 (전화 끊고 장문의 문자) <얻은 정보> [얻은 정보] - 어진 vs 신흥 : 콕 짚을 순 없는데 그냥 신흥을 좀 안좋게 본다 (거주민 인식). 굳이 꼽자면 신흥은 대각선으로 건너야 함(..??) - 새들뫼 전세 3.5 가능하냐? 매전차만 놓고 보면 둘이 같은데 그럼 새들뫼가 낫지 않냐? >>> 기간만 충분히 있다면 (=잔금 가능하다면) 3.5에 나갈 수 있다. 전세 워낙 없으니까, 본인이 생각하기에도 투자금 같으면 어진보다 새들뫼가 훨낫다. - 새들뫼 선호 이유 : 대동역 더블역세권 호재 기대, 대동역 3분컷 & 평수 넓게 잘빠짐 & 어진보다 괜찮은 연식 & 인식/선호도 높은 단지
B43: =B42+1 -> 38 | C43: 가히 | D43: 46121 | E43: 수 | F43: 부동산이즈리더스시티대표공인 | G43: 010-4488-2820 | H43: 50 | I43: 0 | J43: SK뷰, 리더스시티45 | M43: =year(today())-K43+1 -> 2027 | R43: =if(and(P43 <> "", Q43 <> ""), P43-Q43, "") | S43: =if(and(P43 <> "", O43 <> ""), P43/O43, "") | T43: =if(and(Q43 <> "", P43 <> ""), Q43/P43, "") | U43: [부사님 피셜] - 동구는 거쳐가는 아파트, 그렇다보니 59 수요가 상당히 많음 (84는 정말 눌러앉은 동구 지역민 느낌, 59는 거쳐가는 신혼부부들) → 투자로 59 추천하는 이유, 다만 이스트는 59가 철길 바로 앞에 있어서 비추.. - 리더스시티 : 가성비 신축, 분양가 쌌었음. 서구/유성구 살던 젊은 사람들이 대출 많이 받아서 많이 들어옴 - 최근 리더스 전세 4억 빠짐 (어느부동산인지 모르심) - 리더스 vs SK뷰 : 매매가는 당연히 SK뷰가 더 높겠지만, 전세는 비슷할 수 있다 생각 | V43: 초 적극적 (다음날 SK뷰 급매 연락) + 솔직, 과한 영업X (리더스 사장님 인데 SK뷰 추천, 공동중개) | W43: - 리더스5 10층 5억 다운 계약 (원래 5.5) - 2026.01 4억 (22층/30일) : 피 안깎고 등기 안친 물건 | X43: =if(OR(U43 <>"", V43<>"", W43 <> ""), TEXTJOIN("", TRUE, J43, " ", K43, " ", L43, "^", char(10), F43, " ", G43, char(10), O43, "p ",N43, " ", P43, " / ", Q43 , " ", CHAR(10),CHAR(10), U43, CHAR(10),CHAR(10), "<부동산 평가>",CHAR(10),CHAR(10), V43, CHAR(10),CHAR(10), "<얻은 정보>", CHAR(10),CHAR(10),W43), "") -> SK뷰, 리더스시티45 ^ 부동산이즈리더스시티대표공인 010-4488-2820 p / [부사님 피셜] - 동구는 거쳐가는 아파트, 그렇다보니 59 수요가 상당히 많음 (84는 정말 눌러앉은 동구 지역민 느낌, 59는 거쳐가는 신혼부부들) → 투자로 59 추천하는 이유, 다만 이스트는 59가 철길 바로 앞에 있어서 비추.. - 리더스시티 : 가성비 신축, 분양가 쌌었음. 서구/유성구 살던 젊은 사람들이 대출 많이 받아서 많이 들어옴 - 최근 리더스 전세 4억 빠짐 (어느부동산인지 모르심) - 리더스 vs SK뷰 : 매매가는 당연히 SK뷰가 더 높겠지만, 전세는 비슷할 수 있다 생각 <부동산 평가> 초 적극적 (다음날 SK뷰 급매 연락) + 솔직, 과한 영업X (리더스 사장님 인데 SK뷰 추천, 공동중개) <얻은 정보> - 리더스5 10층 5억 다운 계약 (원래 5.5) - 2026.01 4억 (22층/30일) : 피 안깎고 등기 안친 물건
B44: =B43+1 -> 39 | C44: 학생 | D44: 46122 | E44: 금 | F44: 현대아이파크 | G44: 010-5068-7547 | H44: 21 | I44: 0 | J44: 은어송6단지풍림아이원 | K44: 2007 | L44: 451 | M44: =year(today())-K44+1 -> 20 | N44: 601동 4층 | O44: 34 | P44: 29000 | Q44: 25000 | R44: =if(and(P44 <> "", Q44 <> ""), P44-Q44, "") -> 4000 | S44: =if(and(P44 <> "", O44 <> ""), P44/O44, "") -> 852.94118 | T44: =if(and(Q44 <> "", P44 <> ""), Q44/P44, "") -> 0.86206897 | U44: 전세는 2.5억이면 나간다 전세 알아보러 오시는 분들 계시긴 하다? 세입자가 4년 넘게 살았고 새아파트로 이사가고 싶어서 언제든 협조 가능하다고 하신다. 어디로 이사갈지는 모른다. 로얄동은 601동, 602동, 603동 뻥뷰라서 좋아한다 여기는 실거주 위주라는 느낌이 드는게, 보통 본인이 살다가 세주고 나가기에, 이렇게 투자하러 여기 오는 것을 이상하게 생각하셨다. 사장님이 이번에 2.4억에 전세거래 한거 아직 신고안하셨다고 한다. 전세가 없어서 안 나가는 것이지 있으면 나갈 거다 도배 장판만 해도 세입자 들어온다. 여기 소득 수준을 알 것 같다. 싱크대 찌그러지지만 않으면 세입자들 들어온다고 한다. | V44: 투자자 시큰둥 | W44: 은어송 구축 택지는 본인이 거주하다가 나가면서 세를 주는 경우는 있지만 직접 투자하러 오는 경우는 거의 드물다고 한다. 그리고 놀라운 것은 그렇게 올수리 안해도 세입자가 들어온다는 말에 진짜일까? 의문이 들었고 그럼에도 얼마전에 2.4억에 2층 전세 거래가 됐다니 전세가 싸면 충분히 거래가 되긴 하나보다 | X44: =if(OR(U44 <>"", V44<>"", W44 <> ""), TEXTJOIN("", TRUE, J44, " ", K44, " ", L44, "^", char(10), F44, " ", G44, char(10), O44, "p ",N44, " ", P44, " / ", Q44 , " ", CHAR(10),CHAR(10), U44, CHAR(10),CHAR(10), "<부동산 평가>",CHAR(10),CHAR(10), V44, CHAR(10),CHAR(10), "<얻은 정보>", CHAR(10),CHAR(10),W44), "") -> 은어송6단지풍림아이원 2007 451^ 현대아이파크 010-5068-7547 34p 601동 4층 29,000.0 / 25,000.0 전세는 2.5억이면 나간다 전세 알아보러 오시는 분들 계시긴 하다? 세입자가 4년 넘게 살았고 새아파트로 이사가고 싶어서 언제든 협조 가능하다고 하신다. 어디로 이사갈지는 모른다. 로얄동은 601동, 602동, 603동 뻥뷰라서 좋아한다 여기는 실거주 위주라는 느낌이 드는게, 보통 본인이 살다가 세주고 나가기에, 이렇게 투자하러 여기 오는 것을 이상하게 생각하셨다. 사장님이 이번에 2.4억에 전세거래 한거 아직 신고안하셨다고 한다. 전세가 없어서 안 나가는 것이지 있으면 나갈 거다 도배 장판만 해도 세입자 들어온다. 여기 소득 수준을 알 것 같다. 싱크대 찌그러지지만 않으면 세입자들 들어온다고 한다. <부동산 평가> 투자자 시큰둥 <얻은 정보> 은어송 구축 택지는 본인이 거주하다가 나가면서 세를 주는 경우는 있지만 직접 투자하러 오는 경우는 거의 드물다고 한다. 그리고 놀라운 것은 그렇게 올수리 안해도 세입자가 들어온다는 말에 진짜일까? 의문이 들었고 그럼에도 얼마전에 2.4억에 2층 전세 거래가 됐다니 전세가 싸면 충분히 거래가 되긴 하나보다
B45: =B44+1 -> 40 | C45: 학생 | D45: 46122 | E45: 금 | F45: 삼정포레스트 | G45: 010-4460-2347 | H45: 39 | I45: 1 | J45: 삼정그린코아포레스트1단지 | K45: 2018 | L45: 1245 | M45: =year(today())-K45+1 -> 9 | N45: 102동 404호 | O45: 24 | P45: 33500 | Q45: 25000 | R45: =if(and(P45 <> "", Q45 <> ""), P45-Q45, "") -> 8500 | S45: =if(and(P45 <> "", O45 <> ""), P45/O45, "") -> 1395.8333 | T45: =if(and(Q45 <> "", P45 <> ""), Q45/P45, "") -> 0.74626866 | U45: 전세 2.5억이면 바로 나간다 2.7억은 장담 못하신다고 전세 손님은 자주 문의가 오는 편이다. 전세 가격만 합리적이라면 전세 놓는 것은 걱정 안하셔도 된다고.. 집주인이 파시는 것고, 왜 파는지는 이유는 모르겠으나, 3.35에 네고가 안되는 물건! 부사님께서 이 물건을 팔려고 했던게 느껴졌다. 101,102,103,104는 출입문에서 멀지만 뷰가 나오고, 105,106,107,108동은 출입문과 가까운 장점이 있다 이 단지는 실거주가 훨씬 많은 단지이나, 전세도 잘 나가는 단지 전세 3.2억에 안나가는 것은 전세 가격이 세서 그런거 같다. 본인도 거래 하는 편이라고 하시는데 얘기를 안해주셨다 시에 그런거 안해도 전세 잘 나가는 편! 이편한과 매임을 통해 확실히 정해질 듯! | W45: 판암 삼정그린포레스트가 이편한 에코보다 전세 빼기가 더 수월하겠다는 생각이 들었다. 이편한 에코는 시에 얘기부터 하셨는데 여기는 에어컨 안 달아줘도 나간다는 말씀! 그렇지만 이런거로 선호도를 파악하기는 어렵기에 직접 매임!!! 필요! | X45: =if(OR(U45 <>"", V45<>"", W45 <> ""), TEXTJOIN("", TRUE, J45, " ", K45, " ", L45, "^", char(10), F45, " ", G45, char(10), O45, "p ",N45, " ", P45, " / ", Q45 , " ", CHAR(10),CHAR(10), U45, CHAR(10),CHAR(10), "<부동산 평가>",CHAR(10),CHAR(10), V45, CHAR(10),CHAR(10), "<얻은 정보>", CHAR(10),CHAR(10),W45), "") -> 삼정그린코아포레스트1단지 2018 1245^ 삼정포레스트 010-4460-2347 24p 102동 404호 33,500.0 / 25,000.0 전세 2.5억이면 바로 나간다 2.7억은 장담 못하신다고 전세 손님은 자주 문의가 오는 편이다. 전세 가격만 합리적이라면 전세 놓는 것은 걱정 안하셔도 된다고.. 집주인이 파시는 것고, 왜 파는지는 이유는 모르겠으나, 3.35에 네고가 안되는 물건! 부사님께서 이 물건을 팔려고 했던게 느껴졌다. 101,102,103,104는 출입문에서 멀지만 뷰가 나오고, 105,106,107,108동은 출입문과 가까운 장점이 있다 이 단지는 실거주가 훨씬 많은 단지이나, 전세도 잘 나가는 단지 전세 3.2억에 안나가는 것은 전세 가격이 세서 그런거 같다. 본인도 거래 하는 편이라고 하시는데 얘기를 안해주셨다 시에 그런거 안해도 전세 잘 나가는 편! 이편한과 매임을 통해 확실히 정해질 듯! <부동산 평가> <얻은 정보> 판암 삼정그린포레스트가 이편한 에코보다 전세 빼기가 더 수월하겠다는 생각이 들었다. 이편한 에코는 시에 얘기부터 하셨는데 여기는 에어컨 안 달아줘도 나간다는 말씀! 그렇지만 이런거로 선호도를 파악하기는 어렵기에 직접 매임!!! 필요!
B46: =B45+1 -> 41 | C46: 굿데이 | D46: 46120 | E46: 수 | F46: 우미린공인 | G46: 010-3462-0733 | H46: 27 | I46: 1 | J46: 은어송5단지우미린 | K46: 2007 | L46: 653 | M46: =year(today())-K46+1 -> 20 | O46: 89 | P46: 22500 | Q46: 21000 | R46: =if(and(P46 <> "", Q46 <> ""), P46-Q46, "") -> 1500 | S46: =if(and(P46 <> "", O46 <> ""), P46/O46, "") -> 252.80899 | T46: =if(and(Q46 <> "", P46 <> ""), Q46/P46, "") -> 0.93333333 | V46: 친절 | X46: =if(OR(U46 <>"", V46<>"", W46 <> ""), TEXTJOIN("", TRUE, J46, " ", K46, " ", L46, "^", char(10), F46, " ", G46, char(10), O46, "p ",N46, " ", P46, " / ", Q46 , " ", CHAR(10),CHAR(10), U46, CHAR(10),CHAR(10), "<부동산 평가>",CHAR(10),CHAR(10), V46, CHAR(10),CHAR(10), "<얻은 정보>", CHAR(10),CHAR(10),W46), "") -> 은어송5단지우미린 2007 653^ 우미린공인 010-3462-0733 89p 22,500.0 / 21,000.0 <부동산 평가> 친절 <얻은 정보>
B47: =B46+1 -> 42 | C47: 굿데이 | D47: 46120 | E47: 수 | F47: 하늘채탑공인 | G47: 010-9415-9571 | H47: 25 | I47: 3 | J47: 은어송하늘채리버뷰 | K47: 2024 | L47: 934 | M47: =year(today())-K47+1 -> 3 | O47: 33 | P47: 46000 | Q47: 32000 | R47: =if(and(P47 <> "", Q47 <> ""), P47-Q47, "") -> 14000 | S47: =if(and(P47 <> "", O47 <> ""), P47/O47, "") -> 1393.9394 | T47: =if(and(Q47 <> "", P47 <> ""), Q47/P47, "") -> 0.69565217 | V47: 매우친절,일잘러 (40분) | X47: =if(OR(U47 <>"", V47<>"", W47 <> ""), TEXTJOIN("", TRUE, J47, " ", K47, " ", L47, "^", char(10), F47, " ", G47, char(10), O47, "p ",N47, " ", P47, " / ", Q47 , " ", CHAR(10),CHAR(10), U47, CHAR(10),CHAR(10), "<부동산 평가>",CHAR(10),CHAR(10), V47, CHAR(10),CHAR(10), "<얻은 정보>", CHAR(10),CHAR(10),W47), "") -> 은어송하늘채리버뷰 2024 934^ 하늘채탑공인 010-9415-9571 33p 46,000.0 / 32,000.0 <부동산 평가> 매우친절,일잘러 (40분) <얻은 정보>
B48: =B47+1 -> 43 | C48: 굿데이 | D48: 46122 | E48: 금 | F48: 삼익공인 | G48: 010-8429-6100 | H48: 13 | I48: 1 | J48: 삼익세라믹 | K48: 1991 | L48: 633 | M48: =year(today())-K48+1 -> 36 | N48: 105동/11층/남동향 | O48: 30 | P48: 14500 | R48: =if(and(P48 <> "", Q48 <> ""), P48-Q48, "") | S48: =if(and(P48 <> "", O48 <> ""), P48/O48, "") -> 483.33333 | T48: =if(and(Q48 <> "", P48 <> ""), Q48/P48, "") | X48: =if(OR(U48 <>"", V48<>"", W48 <> ""), TEXTJOIN("", TRUE, J48, " ", K48, " ", L48, "^", char(10), F48, " ", G48, char(10), O48, "p ",N48, " ", P48, " / ", Q48 , " ", CHAR(10),CHAR(10), U48, CHAR(10),CHAR(10), "<부동산 평가>",CHAR(10),CHAR(10), V48, CHAR(10),CHAR(10), "<얻은 정보>", CHAR(10),CHAR(10),W48), "")
B49: =B48+1 -> 44 | C49: 굿데이 | D49: 46122 | E49: 금 | F49: 대영이편한공인중개사 | G49: 010-2563-9205 | H49: 21 | I49: 0 | J49: 남대전이편한 | K49: 2011 | L49: 713 | M49: =year(today())-K49+1 -> 16 | N49: 106동/13층/남향 | O49: 33 | P49: 29000 | Q49: 22000 | R49: =if(and(P49 <> "", Q49 <> ""), P49-Q49, "") -> 7000 | S49: =if(and(P49 <> "", O49 <> ""), P49/O49, "") -> 878.78788 | T49: =if(and(Q49 <> "", P49 <> ""), Q49/P49, "") -> 0.75862069 | V49: 친절 보통 | X49: =if(OR(U49 <>"", V49<>"", W49 <> ""), TEXTJOIN("", TRUE, J49, " ", K49, " ", L49, "^", char(10), F49, " ", G49, char(10), O49, "p ",N49, " ", P49, " / ", Q49 , " ", CHAR(10),CHAR(10), U49, CHAR(10),CHAR(10), "<부동산 평가>",CHAR(10),CHAR(10), V49, CHAR(10),CHAR(10), "<얻은 정보>", CHAR(10),CHAR(10),W49), "") -> 남대전이편한 2011 713^ 대영이편한공인중개사 010-2563-9205 33p 106동/13층/남향 29,000 / 22,000 <부동산 평가> 친절 보통 <얻은 정보>
B50: =B49+1 -> 45 | C50: 라니 | D50: 46122 | E50: 금 | F50: 삼정포레스트공인중개 | G50: 010-4460-2347 | J50: 삼정그린코아포레스트1단지 | K50: 2018 | L50: 1245 | M50: =year(today())-K50+1 -> 9 | O50: 29 | Q50: 26000 | R50: =if(and(P50 <> "", Q50 <> ""), P50-Q50, "") | S50: =if(and(P50 <> "", O50 <> ""), P50/O50, "") | T50: =if(and(Q50 <> "", P50 <> ""), Q50/P50, "") | U50: 뷰를볼라면 앞동. 조용하면 가운데동. 집에 머물러 있는 사람들은 전세 시세 2.7 선호도는 평형 2개다 비슷함. 얼른들은 남동 젊은사람은 남서 115.116동을 중간동이라고함 다른부동산에 다시 전화해봐야겠다 | V50: 뚜렷한 선호도가 없이 그냥 취향차이라고 함 사장님 이거 들을려고 전화한건 아닌데 사장님 차분한데 물건 와다다다 나오는 스타일은 아님 | X50: =if(OR(U50 <>"", V50<>"", W50 <> ""), TEXTJOIN("", TRUE, J50, " ", K50, " ", L50, "^", char(10), F50, " ", G50, char(10), O50, "p ",N50, " ", P50, " / ", Q50 , " ", CHAR(10),CHAR(10), U50, CHAR(10),CHAR(10), "<부동산 평가>",CHAR(10),CHAR(10), V50, CHAR(10),CHAR(10), "<얻은 정보>", CHAR(10),CHAR(10),W50), "") -> 삼정그린코아포레스트1단지 2018 1245^ 삼정포레스트공인중개 010-4460-2347 29p / 26,000 뷰를볼라면 앞동. 조용하면 가운데동. 집에 머물러 있는 사람들은 전세 시세 2.7 선호도는 평형 2개다 비슷함. 얼른들은 남동 젊은사람은 남서 115.116동을 중간동이라고함 다른부동산에 다시 전화해봐야겠다 <부동산 평가> 뚜렷한 선호도가 없이 그냥 취향차이라고 함 사장님 이거 들을려고 전화한건 아닌데 사장님 차분한데 물건 와다다다 나오는 스타일은 아님 <얻은 정보>
B51: =B50+1 -> 46 | C51: 라니 | D51: 46122 | E51: 금 | F51: 삼정코아행복공인중개 | G51: 010-5388-8266 | J51: 삼정그린코아포레스트1단지 | K51: 2018 | L51: 1245 | M51: =year(today())-K51+1 -> 9 | N51: 116동 7층(저) | O51: 29 | P51: 37700 | Q51: 30000 | R51: =if(and(P51 <> "", Q51 <> ""), P51-Q51, "") -> 7700 | S51: =if(and(P51 <> "", O51 <> ""), P51/O51, "") -> 1300 | T51: =if(and(Q51 <> "", P51 <> ""), Q51/P51, "") -> 0.79575597 | U51: 116-702 3.7 702 (세입자) 전세 더 살고 싶은데 세입자 전세대출 연장이 안되서 나가는 거임-> 그럼 전세 세로 맞춰야 겠네요 (O) 찾는사람들 신혼부부,나이드신분 골고루. IC랑 지하철역이 가깝다. 사두는것도 나쁘진 않다. 116동 도 인기동이다. 적당한걸 싸게 사는것도 나쁘진 않다. 104-1903 4.0 (주인) 뷰와 층이 좋다. RR 상가 앞동 (104-107) 원하는 만큼 가격 조정은 가능. 전세 시세 : 최근 층과 동이 좋지 않은 전세가 않았는데 3억에 나감. 25평도 2.75에 나감. (한참전) E편한은 실거주 위주. 외졌다. 삼정은 출퇴근 하는 사람들이 좋아하는 위치다. 2단지보다는 투자보다는 1단지 추천 1단지 24평 전세낀 물건 있음 (사장님 단독물건) | V51: 차분 일잘러 위에 부동산 사장님보다 나음 | W51: 대박사건 전세 시세가 3억이라고? 최근 실거래가도 1층이 2.8을 찍었다. 확실한건 전세가 진짜 씨가 마르긴 했다. 투자적으로도 유의미하게 봐도 되겠다. 일단 집을 보자. | X51: =if(OR(U51 <>"", V51<>"", W51 <> ""), TEXTJOIN("", TRUE, J51, " ", K51, " ", L51, "^", char(10), F51, " ", G51, char(10), O51, "p ",N51, " ", P51, " / ", Q51 , " ", CHAR(10),CHAR(10), U51, CHAR(10),CHAR(10), "<부동산 평가>",CHAR(10),CHAR(10), V51, CHAR(10),CHAR(10), "<얻은 정보>", CHAR(10),CHAR(10),W51), "") -> 삼정그린코아포레스트1단지 2018 1245^ 삼정코아행복공인중개 010-5388-8266 29p 116동 7층(저) 37,700 / 30,000 116-702 3.7 702 (세입자) 전세 더 살고 싶은데 세입자 전세대출 연장이 안되서 나가는 거임-> 그럼 전세 세로 맞춰야 겠네요 (O) 찾는사람들 신혼부부,나이드신분 골고루. IC랑 지하철역이 가깝다. 사두는것도 나쁘진 않다. 116동 도 인기동이다. 적당한걸 싸게 사는것도 나쁘진 않다. 104-1903 4.0 (주인) 뷰와 층이 좋다. RR 상가 앞동 (104-107) 원하는 만큼 가격 조정은 가능. 전세 시세 : 최근 층과 동이 좋지 않은 전세가 않았는데 3억에 나감. 25평도 2.75에 나감. (한참전) E편한은 실거주 위주. 외졌다. 삼정은 출퇴근 하는 사람들이 좋아하는 위치다. 2단지보다는 투자보다는 1단지 추천 1단지 24평 전세낀 물건 있음 (사장님 단독물건) <부동산 평가> 차분 일잘러 위에 부동산 사장님보다 나음 <얻은 정보> 대박사건 전세 시세가 3억이라고? 최근 실거래가도 1층이 2.8을 찍었다. 확실한건 전세가 진짜 씨가 마르긴 했다. 투자적으로도 유의미하게 봐도 되겠다. 일단 집을 보자.
B52: =B51+1 -> 47 | C52: 라니 | D52: 46122 | E52: 금 | F52: 펜타뷰 (투넘버) | G52: 010-5435-3160 | J52: 펜타뷰 | K52: 2011 | L52: 767 | M52: =year(today())-K52+1 -> 16 | N52: 15층 남서 | O52: 34 | P52: 40000 | Q52: 30000 | R52: =if(and(P52 <> "", Q52 <> ""), P52-Q52, "") -> 10000 | S52: =if(and(P52 <> "", O52 <> ""), P52/O52, "") -> 1176.4706 | T52: =if(and(Q52 <> "", P52 <> ""), Q52/P52, "") -> 0.75 | U52: 옛날에 이집이 5.5에 샀음. 원래 108동 4호 라인이 비확장인데 (연세드신분때문에 비확장) 이집은 확장되어있음. RR 101,108,110 정남향은 없음. 위치때문에 새들뫼가 더 비싸다. 새들뫼는 초등학교도 있고 대전역이 가까워서. 코레일 직원들이 많이살고 서울출퇴근간다. 서울로도 가는데 부산으로도간다. 펜타뷰도 대동2구역 분양으로 환경이 더 좋아짐. 역세권이라서 동구중에선 제일좋은 위치다. 가격이 새들뫼가 2천 정도 (원래도 이정도) | V52: 사장님 말 많음 사장님 한국부동산원 소속 | W52: 동구가 진짜 거래가 없긴 하나보다. 전화하면 다 친절하다. 새들뫼가 1년 먼저 지어졌는데도 2천이 비싼건 위치 때문이다. 사장님 입에서 위치와 학교가 바로 튀어나왔다. 상승장때도 먼저 올랐다고 하니 이건 그래프 붙여보면서 확인해봐야겠다. | X52: =if(OR(U52 <>"", V52<>"", W52 <> ""), TEXTJOIN("", TRUE, J52, " ", K52, " ", L52, "^", char(10), F52, " ", G52, char(10), O52, "p ",N52, " ", P52, " / ", Q52 , " ", CHAR(10),CHAR(10), U52, CHAR(10),CHAR(10), "<부동산 평가>",CHAR(10),CHAR(10), V52, CHAR(10),CHAR(10), "<얻은 정보>", CHAR(10),CHAR(10),W52), "") -> 펜타뷰 2011 767^ 펜타뷰 (투넘버) 010-5435-3160 34p 15층 남서 40,000 / 30,000 옛날에 이집이 5.5에 샀음. 원래 108동 4호 라인이 비확장인데 (연세드신분때문에 비확장) 이집은 확장되어있음. RR 101,108,110 정남향은 없음. 위치때문에 새들뫼가 더 비싸다. 새들뫼는 초등학교도 있고 대전역이 가까워서. 코레일 직원들이 많이살고 서울출퇴근간다. 서울로도 가는데 부산으로도간다. 펜타뷰도 대동2구역 분양으로 환경이 더 좋아짐. 역세권이라서 동구중에선 제일좋은 위치다. 가격이 새들뫼가 2천 정도 (원래도 이정도) <부동산 평가> 사장님 말 많음 사장님 한국부동산원 소속 <얻은 정보> 동구가 진짜 거래가 없긴 하나보다. 전화하면 다 친절하다. 새들뫼가 1년 먼저 지어졌는데도 2천이 비싼건 위치 때문이다. 사장님 입에서 위치와 학교가 바로 튀어나왔다. 상승장때도 먼저 올랐다고 하니 이건 그래프 붙여보면서 확인해봐야겠다.
B53: =B52+1 -> 48 | C53: 라니 | D53: 46122 | E53: 금 | M53: =year(today())-K53+1 -> 2027 | R53: =if(and(P53 <> "", Q53 <> ""), P53-Q53, "") | S53: =if(and(P53 <> "", O53 <> ""), P53/O53, "") | T53: =if(and(Q53 <> "", P53 <> ""), Q53/P53, "") | X53: =if(OR(U53 <>"", V53<>"", W53 <> ""), TEXTJOIN("", TRUE, J53, " ", K53, " ", L53, "^", char(10), F53, " ", G53, char(10), O53, "p ",N53, " ", P53, " / ", Q53 , " ", CHAR(10),CHAR(10), U53, CHAR(10),CHAR(10), "<부동산 평가>",CHAR(10),CHAR(10), V53, CHAR(10),CHAR(10), "<얻은 정보>", CHAR(10),CHAR(10),W53), "")
B54: =B53+1 -> 49 | C54: 로에 | D54: 46125 | E54: 월 | F54: 스마트뷰대박공인 | G54: 042-635-4545, 010-5428-4005 | J54: 스마트뷰 | K54: 2011.12 | L54: 1115 | M54: =year(today())-K54+1 -> 15.88 | N54: 103동 23층 남동향 | O54: 34 | P54: 34000 | Q54: 28000 | R54: =if(and(P54 <> "", Q54 <> ""), P54-Q54, "") -> 6000 | S54: =if(and(P54 <> "", O54 <> ""), P54/O54, "") -> 1000 | T54: =if(and(Q54 <> "", P54 <> ""), Q54/P54, "") -> 0.82352941 | U54: 세입자 거주 7월 만기, 어머니와 아들 거주, 어머니는 일때문에 자주 나가있는다고 함. 스마트뷰는 바닥이 나무마루임, 해당 매물은 주방쪽 마루 수리 필요, 관리 소홀로 베란다 한쪽 곰팡이 있다, 화장실/싱크대 모두 입주 그대로, 깨끗하게 사용하긴 했는데 사용감은 당연히 있다함. 실거래엔 안찍혔는데 주말에 B타입 전세 2.8억 나감. 동 차이보다는 타입 선호도가 더 큼. A,C타입 선호 B타입은 수리 잘되어있고 괜찮은 매물이 3.7억 정도, A,C타입은 비싼건 4.2억까지 나와있어 가격차이 좀 있음. 전세 대기자는 없지만 찾는 사람들은 있다. | V54: 친절 | X54: =if(OR(U54 <>"", V54<>"", W54 <> ""), TEXTJOIN("", TRUE, J54, " ", K54, " ", L54, "^", char(10), F54, " ", G54, char(10), O54, "p ",N54, " ", P54, " / ", Q54 , " ", CHAR(10),CHAR(10), U54, CHAR(10),CHAR(10), "<부동산 평가>",CHAR(10),CHAR(10), V54, CHAR(10),CHAR(10), "<얻은 정보>", CHAR(10),CHAR(10),W54), "") -> 스마트뷰 2011.12 1115^ 스마트뷰대박공인 042-635-4545, 010-5428-4005 34p 103동 23층 남동향 34,000 / 28,000 세입자 거주 7월 만기, 어머니와 아들 거주, 어머니는 일때문에 자주 나가있는다고 함. 스마트뷰는 바닥이 나무마루임, 해당 매물은 주방쪽 마루 수리 필요, 관리 소홀로 베란다 한쪽 곰팡이 있다, 화장실/싱크대 모두 입주 그대로, 깨끗하게 사용하긴 했는데 사용감은 당연히 있다함. 실거래엔 안찍혔는데 주말에 B타입 전세 2.8억 나감. 동 차이보다는 타입 선호도가 더 큼. A,C타입 선호 B타입은 수리 잘되어있고 괜찮은 매물이 3.7억 정도, A,C타입은 비싼건 4.2억까지 나와있어 가격차이 좀 있음. 전세 대기자는 없지만 찾는 사람들은 있다. <부동산 평가> 친절 <얻은 정보>
B55: =B54+1 -> 50 | C55: 로에 | D55: 46125 | E55: 월 | F55: 신흥SK꽃길공인 | G55: 042-272-1000, 010-3452-2747 | J55: 주공삼성타운 | K55: 2007.09 | L55: 613 | M55: =year(today())-K55+1 -> 19.91 | N55: 201동 4층 | O55: 34 | P55: 30000 | Q55: 24000 | R55: =if(and(P55 <> "", Q55 <> ""), P55-Q55, "") -> 6000 | S55: =if(and(P55 <> "", O55 <> ""), P55/O55, "") -> 882.35294 | T55: =if(and(Q55 <> "", P55 <> ""), Q55/P55, "") -> 0.8 | U55: 주인 전세 희망. 재개발 지역에 집 갖고 있는데 거기가 지어지면 들어가려고 하심. (어딘지는 못물어봤네) 당장 2년 뒤에 갈 집은 없고 전세로 계속 거주하길 희망하심. 시세보다 높은 전세 가능. 신흥쪽 부동산이라 매물을 관리 못하고 있었다며 알아보고 다시 연락주심. | V55: 친절 | X55: =if(OR(U55 <>"", V55<>"", W55 <> ""), TEXTJOIN("", TRUE, J55, " ", K55, " ", L55, "^", char(10), F55, " ", G55, char(10), O55, "p ",N55, " ", P55, " / ", Q55 , " ", CHAR(10),CHAR(10), U55, CHAR(10),CHAR(10), "<부동산 평가>",CHAR(10),CHAR(10), V55, CHAR(10),CHAR(10), "<얻은 정보>", CHAR(10),CHAR(10),W55), "") -> 주공삼성타운 2007.09 613^ 신흥SK꽃길공인 042-272-1000, 010-3452-2747 34p 201동 4층 30,000 / 24,000 주인 전세 희망. 재개발 지역에 집 갖고 있는데 거기가 지어지면 들어가려고 하심. (어딘지는 못물어봤네) 당장 2년 뒤에 갈 집은 없고 전세로 계속 거주하길 희망하심. 시세보다 높은 전세 가능. 신흥쪽 부동산이라 매물을 관리 못하고 있었다며 알아보고 다시 연락주심. <부동산 평가> 친절 <얻은 정보>
B56: =B55+1 -> 51 | C56: 라니 | D56: 46125 | E56: 월 | F56: 대영부동산 | G56: 010-2563-9205 | J56: 오투그란데 | M56: =year(today())-K56+1 -> 2027 | R56: =if(and(P56 <> "", Q56 <> ""), P56-Q56, "") | S56: =if(and(P56 <> "", O56 <> ""), P56/O56, "") | T56: =if(and(Q56 <> "", P56 <> ""), Q56/P56, "") | U56: 110,111이 로얄동이다. E편한이랑 전세가 차이 3천정도남(2.3). 손바뀜은 오투도 괜찮아서 소액으로 갈거면 오투 추천. 이편한 전세 대기자 있다. 지금 전세나와있는거 날짜가 안 맞아서 못감 | V56: 친절 | X56: =if(OR(U56 <>"", V56<>"", W56 <> ""), TEXTJOIN("", TRUE, J56, " ", K56, " ", L56, "^", char(10), F56, " ", G56, char(10), O56, "p ",N56, " ", P56, " / ", Q56 , " ", CHAR(10),CHAR(10), U56, CHAR(10),CHAR(10), "<부동산 평가>",CHAR(10),CHAR(10), V56, CHAR(10),CHAR(10), "<얻은 정보>", CHAR(10),CHAR(10),W56), "") -> 오투그란데 ^ 대영부동산 010-2563-9205 p / 110,111이 로얄동이다. E편한이랑 전세가 차이 3천정도남(2.3). 손바뀜은 오투도 괜찮아서 소액으로 갈거면 오투 추천. 이편한 전세 대기자 있다. 지금 전세나와있는거 날짜가 안 맞아서 못감 <부동산 평가> 친절 <얻은 정보>
B57: =B56+1 -> 52 | C57: 케빈 | D57: 46119 | E57: 화 | F57: 용운E편한 | G57: 010-3462-1291 | J57: E편한세상에코포레 | K57: 2020 | L57: 2267 | M57: =year(today())-K57+1 -> 7 | R57: =if(and(P57 <> "", Q57 <> ""), P57-Q57, "") | S57: =if(and(P57 <> "", O57 <> ""), P57/O57, "") | T57: =if(and(Q57 <> "", P57 <> ""), Q57/P57, "") | U57: 이편항 6,7,13동 로얄 환금성 생각하명 이편한 거기도 새아파트라 괜찮긴 해도 | X57: =if(OR(U57 <>"", V57<>"", W57 <> ""), TEXTJOIN("", TRUE, J57, " ", K57, " ", L57, "^", char(10), F57, " ", G57, char(10), O57, "p ",N57, " ", P57, " / ", Q57 , " ", CHAR(10),CHAR(10), U57, CHAR(10),CHAR(10), "<부동산 평가>",CHAR(10),CHAR(10), V57, CHAR(10),CHAR(10), "<얻은 정보>", CHAR(10),CHAR(10),W57), "") -> E편한세상에코포레 2020 2267^ 용운E편한 010-3462-1291 p / 이편항 6,7,13동 로얄 환금성 생각하명 이편한 거기도 새아파트라 괜찮긴 해도 <부동산 평가> <얻은 정보>
B58: =B57+1 -> 53 | C58: 케빈 | D58: 46125 | E58: 월 | F58: 삼익 | G58: 010-8429-6100 | J58: 은어송코오롱하늘채2차 | K58: 2016 | L58: 408 | M58: =year(today())-K58+1 -> 11 | N58: 103동 8층 남동 | O58: 33 | P58: 38500 | Q58: 30000 | R58: =if(and(P58 <> "", Q58 <> ""), P58-Q58, "") -> 8500 | S58: =if(and(P58 <> "", O58 <> ""), P58/O58, "") -> 1166.6667 | T58: =if(and(Q58 <> "", P58 <> ""), Q58/P58, "") -> 0.77922078 | U58: 실거주자 컨셉 날짜 협의 수리는 안 해도 된다 도배도 안 해도 됨 시스템 에어컨 있는 집은 현재 없다 A타입이 4베이라 선호도가 좋다 103동에 5-6호라인 밖에 없어서 여기 가격대가 높다 B타입은 3베이 판상형 200세대 정도 나쁘지 않다 | V58: 남자 사장님 친절 | X58: =if(OR(U58 <>"", V58<>"", W58 <> ""), TEXTJOIN("", TRUE, J58, " ", K58, " ", L58, "^", char(10), F58, " ", G58, char(10), O58, "p ",N58, " ", P58, " / ", Q58 , " ", CHAR(10),CHAR(10), U58, CHAR(10),CHAR(10), "<부동산 평가>",CHAR(10),CHAR(10), V58, CHAR(10),CHAR(10), "<얻은 정보>", CHAR(10),CHAR(10),W58), "") -> 은어송코오롱하늘채2차 2016 408^ 삼익 010-8429-6100 33p 103동 8층 남동 38,500 / 30,000 실거주자 컨셉 날짜 협의 수리는 안 해도 된다 도배도 안 해도 됨 시스템 에어컨 있는 집은 현재 없다 A타입이 4베이라 선호도가 좋다 103동에 5-6호라인 밖에 없어서 여기 가격대가 높다 B타입은 3베이 판상형 200세대 정도 나쁘지 않다 <부동산 평가> 남자 사장님 친절 <얻은 정보>
B59: =B58+1 -> 54 | C59: 케빈 | D59: 46125 | E59: 월 | F59: 고래등 | G59: 010-6685-0101 | J59: 은어송2단지코오롱하늘채 | K59: 2007 | L59: 1241 | M59: =year(today())-K59+1 -> 20 | N59: 204동 중층 | O59: 35 | P59: 40000 | Q59: 30000 | R59: =if(and(P59 <> "", Q59 <> ""), P59-Q59, "") -> 10000 | S59: =if(and(P59 <> "", O59 <> ""), P59/O59, "") -> 1142.8571 | T59: =if(and(Q59 <> "", P59 <> ""), Q59/P59, "") -> 0.75 | U59: 실거주자 컨셉 여기는 주인이 비싸게 내놓음 깔끔하긴 하지만 오래 사신 주인분이라 최신 수리 안 되어있음 203동 27층 정남향 수리중인 물건 추천. 광고 안올라와있고 팔려고 수리하심 3.55억에 한다고 한 사람있었는데 조율 X 211동 2504호도 괜찮음 3.9억 리모델링 최근에 했음 뒤쪽 40평대 몇몇 동은 선호 X 근데 84는 전체적으로 동간 호불호 크지 않다 1단지 VS 2단지 좀 여유있으면 2단지를 먼저 간다 돈 좀 모자란 신혼부부들이 1단지 옴 33평과 35평 차이도 좀 느껴질거다 | V59: 여 사장님 일 잘하시는 듯 잘 말해주심 | X59: =if(OR(U59 <>"", V59<>"", W59 <> ""), TEXTJOIN("", TRUE, J59, " ", K59, " ", L59, "^", char(10), F59, " ", G59, char(10), O59, "p ",N59, " ", P59, " / ", Q59 , " ", CHAR(10),CHAR(10), U59, CHAR(10),CHAR(10), "<부동산 평가>",CHAR(10),CHAR(10), V59, CHAR(10),CHAR(10), "<얻은 정보>", CHAR(10),CHAR(10),W59), "") -> 은어송2단지코오롱하늘채 2007 1241^ 고래등 010-6685-0101 35p 204동 중층 40,000 / 30,000 실거주자 컨셉 여기는 주인이 비싸게 내놓음 깔끔하긴 하지만 오래 사신 주인분이라 최신 수리 안 되어있음 203동 27층 정남향 수리중인 물건 추천. 광고 안올라와있고 팔려고 수리하심 3.55억에 한다고 한 사람있었는데 조율 X 211동 2504호도 괜찮음 3.9억 리모델링 최근에 했음 뒤쪽 40평대 몇몇 동은 선호 X 근데 84는 전체적으로 동간 호불호 크지 않다 1단지 VS 2단지 좀 여유있으면 2단지를 먼저 간다 돈 좀 모자란 신혼부부들이 1단지 옴 33평과 35평 차이도 좀 느껴질거다 <부동산 평가> 여 사장님 일 잘하시는 듯 잘 말해주심 <얻은 정보>
B60: =B59+1 -> 55 | C60: 케빈 | D60: 46125 | E60: 월 | F60: 가오드림 | G60: 010-3451-8500 | J60: 은어송1단지풍림아이원 | K60: 2007 | L60: 664 | M60: =year(today())-K60+1 -> 20 | N60: 104동 23층 남향 | O60: 33 | P60: 32000 | Q60: 27000 | R60: =if(and(P60 <> "", Q60 <> ""), P60-Q60, "") -> 5000 | S60: =if(and(P60 <> "", O60 <> ""), P60/O60, "") -> 969.69697 | T60: =if(and(Q60 <> "", P60 <> ""), Q60/P60, "") -> 0.84375 | U60: 실거주자 컨셉 1단지는 로얄동 보다는 그 물건의 상태차이가 가격을 결정한다 시세 차익을 누리려면 리버뷰나 리더스 신축 가야함 | V60: 남자사장님 단지 내 사장님이 아니고 토지 많이 하시는 사장님이라 빠싹하지 못함 | X60: =if(OR(U60 <>"", V60<>"", W60 <> ""), TEXTJOIN("", TRUE, J60, " ", K60, " ", L60, "^", char(10), F60, " ", G60, char(10), O60, "p ",N60, " ", P60, " / ", Q60 , " ", CHAR(10),CHAR(10), U60, CHAR(10),CHAR(10), "<부동산 평가>",CHAR(10),CHAR(10), V60, CHAR(10),CHAR(10), "<얻은 정보>", CHAR(10),CHAR(10),W60), "") -> 은어송1단지풍림아이원 2007 664^ 가오드림 010-3451-8500 33p 104동 23층 남향 32,000 / 27,000 실거주자 컨셉 1단지는 로얄동 보다는 그 물건의 상태차이가 가격을 결정한다 시세 차익을 누리려면 리버뷰나 리더스 신축 가야함 <부동산 평가> 남자사장님 단지 내 사장님이 아니고 토지 많이 하시는 사장님이라 빠싹하지 못함 <얻은 정보>
B61: =B60+1 -> 56 | C61: 케빈 | D61: 46125 | E61: 월 | F61: 크라운 | G61: 010-9285-5115 | J61: 은어송3단지아이파크 | K61: 2006 | L61: 696 | M61: =year(today())-K61+1 -> 21 | N61: 304동 17층 | O61: 36 | P61: 34000 | Q61: 31000 | R61: =if(and(P61 <> "", Q61 <> ""), P61-Q61, "") -> 3000 | S61: =if(and(P61 <> "", O61 <> ""), P61/O61, "") -> 944.44444 | T61: =if(and(Q61 <> "", P61 <> ""), Q61/P61, "") -> 0.91176471 | U61: 실거주자 컨셉 6단지는 84단일, 3단지는 대형평형 초등학교 가까운 3단지 좋아함 어르신들은 뒤쪽 동 좋아하고 앞라인들 다 로얄 동 나중에 전세주고 나가도 괜찮음 | V61: 여자 사장님 브리핑 잘해주심 | X61: =if(OR(U61 <>"", V61<>"", W61 <> ""), TEXTJOIN("", TRUE, J61, " ", K61, " ", L61, "^", char(10), F61, " ", G61, char(10), O61, "p ",N61, " ", P61, " / ", Q61 , " ", CHAR(10),CHAR(10), U61, CHAR(10),CHAR(10), "<부동산 평가>",CHAR(10),CHAR(10), V61, CHAR(10),CHAR(10), "<얻은 정보>", CHAR(10),CHAR(10),W61), "") -> 은어송3단지아이파크 2006 696^ 크라운 010-9285-5115 36p 304동 17층 34,000 / 31,000 실거주자 컨셉 6단지는 84단일, 3단지는 대형평형 초등학교 가까운 3단지 좋아함 어르신들은 뒤쪽 동 좋아하고 앞라인들 다 로얄 동 나중에 전세주고 나가도 괜찮음 <부동산 평가> 여자 사장님 브리핑 잘해주심 <얻은 정보>
B62: 57 | C62: 그늘 | D62: 46126 | E62: 화 | F62: 효성공인 | G62: 010-7524-7712 | H62: 54 | I62: 3 | J62: 스마트뷰 | K62: 2011 | L62: 1115 | M62: =year(today())-K62+1 -> 16 | R62: =if(and(P62 <> "", Q62 <> ""), P62-Q62, "") | S62: =if(and(P62 <> "", O62 <> ""), P62/O62, "") | T62: =if(and(Q62 <> "", P62 <> ""), Q62/P62, "") | U62: 실거주컨셉 | V62: 여자사장님 친절 | W62: 110-112동 까지가 로얄동, 112동의 1,2라인은 도로 소음으로 좋아하지 않음. 단지 내 분위기 좋지만 전세는 잘 나오지도 나가지도 않음. 101-104동쪽을 선호하지 않아 가격 차이가 항상 5억 이상 벌어짐. 대전역 접근 가능하긴 하지만, 차없이 가기엔 멀어서 출퇴근 용도로는 의미 없음. 초등학교까지는 괜찮지만 중학교는 여기서 보내기는 아쉽. 타입에 대한 선호 명확함. A형이 제일 무난하게 인기있음. B형은 젊은이들을 위한 타입이나 구조가 꺾여있어 환기가 어려움. C형도 괜찮은 편. 안방이 넓게 빠져있음. (한밭자이 사장님께 현재 집 타입이 안좋아 파는데 고생했다고 했더니 바로 스마트뷰B타입 아니냐고...하셨음..ㅎㅎㅎ) | X62: =if(OR(U62 <>"", V62<>"", W62 <> ""), TEXTJOIN("", TRUE, J62, " ", K62, " ", L62, "^", char(10), F62, " ", G62, char(10), O62, "p ",N62, " ", P62, " / ", Q62 , " ", CHAR(10),CHAR(10), U62, CHAR(10),CHAR(10), "<부동산 평가>",CHAR(10),CHAR(10), V62, CHAR(10),CHAR(10), "<얻은 정보>", CHAR(10),CHAR(10),W62), "") -> 스마트뷰 2011 1115^ 효성공인 010-7524-7712 p / 실거주컨셉 <부동산 평가> 여자사장님 친절 <얻은 정보> 110-112동 까지가 로얄동, 112동의 1,2라인은 도로 소음으로 좋아하지 않음. 단지 내 분위기 좋지만 전세는 잘 나오지도 나가지도 않음. 101-104동쪽을 선호하지 않아 가격 차이가 항상 5억 이상 벌어짐. 대전역 접근 가능하긴 하지만, 차없이 가기엔 멀어서 출퇴근 용도로는 의미 없음. 초등학교까지는 괜찮지만 중학교는 여기서 보내기는 아쉽. 타입에 대한 선호 명확함. A형이 제일 무난하게 인기있음. B형은 젊은이들을 위한 타입이나 구조가 꺾여있어 환기가 어려움. C형도 괜찮은 편. 안방이 넓게 빠져있음. (한밭자이 사장님께 현재 집 타입이 안좋아 파는데 고생했다고 했더니 바로 스마트뷰B타입 아니냐고...하셨음..ㅎㅎㅎ)
B63: 58 | C63: 라니 | D63: 46126 | E63: 화 | F63: 구성스마트공인 | G63: 010-9778-6169 | H63: 28 | I63: 0 | J63: 스마트뷰 | K63: 2011 | L63: 1115 | M63: =year(today())-K63+1 -> 16 | N63: 101동 17층 | O63: 34 | P63: 36000 | Q63: 27500 | R63: =if(and(P63 <> "", Q63 <> ""), P63-Q63, "") -> 8500 | S63: =if(and(P63 <> "", O63 <> ""), P63/O63, "") -> 1058.8235 | T63: =if(and(Q63 <> "", P63 <> ""), Q63/P63, "") -> 0.76388889 | U63: 수리되어있는게 없다. 나온집중에서 한두집정도는 되어있는데 전세 시세는 2.75-2.8 수리된거 3.8 이상 (봄에 3.95에 나감) b형같은건 저렴한게 있긴한데 a,c 3.5 할만한게 rr은 천변뷰 a,c >>>b (이건 구조가 이상함) | V63: 뭐 묻는말엔 대답 해주는데.. 대전 지금 투자할 시기냐 ㅎㅎ 보수적으로 봐라. 현재는 전세가 없어서 나가긴 나간다. | W63: 109-112 천변뷰 112동 1-2호는 대로변 소음있음 수리된물건 3.95까지 찍었는데 지금 3.5-6 정도는 할만한거 없다. 조금더 금액 주더라도 a,c 가 나중에 팔때도 낫다. 소득수준이 그리 높진 않은것 같다. 수리된 물건이 많이 있다고 하진 않는다. 다른물건) 105동 3.6에 내놓은거 분양권이랑 스마트뷰랑 물건 같이 내놨는데 분양권이 정리되서 여기서 눌러살거 같음 | X63: =if(OR(U63 <>"", V63<>"", W63 <> ""), TEXTJOIN("", TRUE, J63, " ", K63, " ", L63, "^", char(10), F63, " ", G63, char(10), O63, "p ",N63, " ", P63, " / ", Q63 , " ", CHAR(10),CHAR(10), U63, CHAR(10),CHAR(10), "<부동산 평가>",CHAR(10),CHAR(10), V63, CHAR(10),CHAR(10), "<얻은 정보>", CHAR(10),CHAR(10),W63), "") -> 스마트뷰 2011 1115^ 구성스마트공인 010-9778-6169 34p 101동 17층 36,000 / 27,500 수리되어있는게 없다. 나온집중에서 한두집정도는 되어있는데 전세 시세는 2.75-2.8 수리된거 3.8 이상 (봄에 3.95에 나감) b형같은건 저렴한게 있긴한데 a,c 3.5 할만한게 rr은 천변뷰 a,c >>>b (이건 구조가 이상함) <부동산 평가> 뭐 묻는말엔 대답 해주는데.. 대전 지금 투자할 시기냐 ㅎㅎ 보수적으로 봐라. 현재는 전세가 없어서 나가긴 나간다. <얻은 정보> 109-112 천변뷰 112동 1-2호는 대로변 소음있음 수리된물건 3.95까지 찍었는데 지금 3.5-6 정도는 할만한거 없다. 조금더 금액 주더라도 a,c 가 나중에 팔때도 낫다. 소득수준이 그리 높진 않은것 같다. 수리된 물건이 많이 있다고 하진 않는다. 다른물건) 105동 3.6에 내놓은거 분양권이랑 스마트뷰랑 물건 같이 내놨는데 분양권이 정리되서 여기서 눌러살거 같음
B64: 59 | C64: 그늘 | D64: 46126 | E64: 화 | F64: 삼성자이공인 | G64: 010-7627-4247 | H64: 26 | I64: 0 | J64: 한밭자이 | K64: 2006 | L64: 1063 | M64: =year(today())-K64+1 -> 21 | N64: 102동4층남동향 | O64: 34 | P64: 33000 | Q64: 27000 | R64: =if(and(P64 <> "", Q64 <> ""), P64-Q64, "") -> 6000 | S64: =if(and(P64 <> "", O64 <> ""), P64/O64, "") -> 970.58824 | T64: =if(and(Q64 <> "", P64 <> ""), Q64/P64, "") -> 0.81818182 | U64: 4층이라도 102동 로얄동. 해도 잘 들고 로얄동은 102동과 109동. 앞이 트였고. 둘 다 3-4라인이 좋다. 도롯가 안쪽이고. 이 물건은 입주 내년 2월 말경.-3월 초 물건. (2억8천 인가 3억 들어있음) | V64: 수더분하고 편하게말씀해주신다. | W64: 한밭자이가 스마트뷰보다 좋은 이유 ->초등학교 단지내 있고, 평지고, 교통도 더 좋고, 거긴 경사에 LH다. 지하주차장 연결 안 되어있다. 한받자이는 아래 통으로 연결되어 있다. 아파트부지만큼. 지하 1층까지지만 주차 힘들지 않다. 2대든 3대든 주차요금 별도 없다. 그건 주차하기 쉽다는 것. 자이는 LH와 급이 다르다. 그러니까 연식이 아쉬워도 이 값 하는 것! 전세는 잘 나오지도 않고, 자가로 사는 사람이 많고, 나와도 잘 나간다. 지금 있는 전세도 오늘 다 나갔다. 30평과 26평 둘다 선호 좋다. 구조는 똑같고 26평도 화장실 2개고, 둘 다 선호가 있다. | X64: =if(OR(U64 <>"", V64<>"", W64 <> ""), TEXTJOIN("", TRUE, J64, " ", K64, " ", L64, "^", char(10), F64, " ", G64, char(10), O64, "p ",N64, " ", P64, " / ", Q64 , " ", CHAR(10),CHAR(10), U64, CHAR(10),CHAR(10), "<부동산 평가>",CHAR(10),CHAR(10), V64, CHAR(10),CHAR(10), "<얻은 정보>", CHAR(10),CHAR(10),W64), "") -> 한밭자이 2006 1063^ 삼성자이공인 010-7627-4247 34p 102동4층남동향 33,000 / 27,000 4층이라도 102동 로얄동. 해도 잘 들고 로얄동은 102동과 109동. 앞이 트였고. 둘 다 3-4라인이 좋다. 도롯가 안쪽이고. 이 물건은 입주 내년 2월 말경.-3월 초 물건. (2억8천 인가 3억 들어있음) <부동산 평가> 수더분하고 편하게말씀해주신다. <얻은 정보> 한밭자이가 스마트뷰보다 좋은 이유 ->초등학교 단지내 있고, 평지고, 교통도 더 좋고, 거긴 경사에 LH다. 지하주차장 연결 안 되어있다. 한받자이는 아래 통으로 연결되어 있다. 아파트부지만큼. 지하 1층까지지만 주차 힘들지 않다. 2대든 3대든 주차요금 별도 없다. 그건 주차하기 쉽다는 것. 자이는 LH와 급이 다르다. 그러니까 연식이 아쉬워도 이 값 하는 것! 전세는 잘 나오지도 않고, 자가로 사는 사람이 많고, 나와도 잘 나간다. 지금 있는 전세도 오늘 다 나갔다. 30평과 26평 둘다 선호 좋다. 구조는 똑같고 26평도 화장실 2개고, 둘 다 선호가 있다.
B65: 60 | C65: 라니 | D65: 46126 | E65: 화 | F65: 효성공인 | G65: 010-7524-7712 | H65: 54 | I65: 3 | J65: 효촌마을 | K65: 2003 | L65: 818 | M65: =year(today())-K65+1 -> 24 | N65: 207동 12층 | O65: 34 | P65: 33000 | Q65: 26000 | R65: =if(and(P65 <> "", Q65 <> ""), P65-Q65, "") -> 7000 | S65: =if(and(P65 <> "", O65 <> ""), P65/O65, "") -> 970.58824 | T65: =if(and(Q65 <> "", P65 <> ""), Q65/P65, "") -> 0.78787879 | U65: 전세시세 2.5-2.6 스마트뷰 전세시세 2.7-2.8 205동 13층 3.3 거래됨 207동 12층 3.3은 남아있음 RR 206.207 집보고있으니 좀이따통화해요~ | V65: 이사장님 일잘러 | W65: 효촌마을 거래가 된다. 누가 거래할까? 실거주가 거래할까? 일단은 가서 보자. | X65: =if(OR(U65 <>"", V65<>"", W65 <> ""), TEXTJOIN("", TRUE, J65, " ", K65, " ", L65, "^", char(10), F65, " ", G65, char(10), O65, "p ",N65, " ", P65, " / ", Q65 , " ", CHAR(10),CHAR(10), U65, CHAR(10),CHAR(10), "<부동산 평가>",CHAR(10),CHAR(10), V65, CHAR(10),CHAR(10), "<얻은 정보>", CHAR(10),CHAR(10),W65), "") -> 효촌마을 2003 818^ 효성공인 010-7524-7712 34p 207동 12층 33,000 / 26,000 전세시세 2.5-2.6 스마트뷰 전세시세 2.7-2.8 205동 13층 3.3 거래됨 207동 12층 3.3은 남아있음 RR 206.207 집보고있으니 좀이따통화해요~ <부동산 평가> 이사장님 일잘러 <얻은 정보> 효촌마을 거래가 된다. 누가 거래할까? 실거주가 거래할까? 일단은 가서 보자.
B66: 61 | C66: 가히 | D66: 46126 | E66: 화 | F66: 하늘채우리집 | G66: 010-9898-5466 | H66: 16 | I66: 0 | J66: 은어송코오롱하늘채2차 | K66: 2016 | L66: 408 | M66: =year(today())-K66+1 -> 11 | N66: 103동15층 | O66: 35 | P66: 36000 | Q66: 30000 | R66: =if(and(P66 <> "", Q66 <> ""), P66-Q66, "") -> 6000 | S66: =if(and(P66 <> "", O66 <> ""), P66/O66, "") -> 1028.5714 | T66: =if(and(Q66 <> "", P66 <> ""), Q66/P66, "") -> 0.83333333 | U66: [매물 정보] - 인테리어한지 몇 년 안되서 수리할 곳 없음. 안방 화장실에 바닥 타일 떨어져있는 거 정도 (수리한 타일) - 27년 신축 입주라서 당장 입주는 어렵다 - 그 시점에 전세 맞추기 어렵지 않겠냐 - 동구는 그렇지 않다. 유성구/서구랑 거리도 멀고 - 아 그러면 혹시 주전은 어떨 거 같냐 - 1년밖에 거주안하는데 왜? 나중에 어떻게 될 줄 알고? 차라리 잔금을 뒤로 - 1년으로 하고 특약에 써두면 되지 않냐 - 계약 기간 안에 나가면 자기 돈으로 임차인 구해줘야하는데 - 그것도 특약에 넣으면 되지 않냐 - 그런데 내 (부사님) 생각에 그렇게까지 해서 팔고 싶어하지 않을 것 같다, 잔금을 뒤로가 제일 깔끔하다 (((부사님께서 잘 모르시는구나))) - 전세는 아까 동구는 영향권이 아니라 얘기하셨는데 왜그러냐? - 동구는 그렇지 않다. - 그러니까 왜 - 네이버 부동산 봤냐 - ㅇㅇ - 전세 있더냐 - 없는데 그건 지금이고, 27년엔 다르지 않냐 - "그러면 내일 지구가 멸망할지도 모르는데 집은 왜사요?" - ^^;; | V66: "지구가 멸망할지 모르는데 살거냐" ㅋㅋ T에 아주 빠삭하게 알고 계시진 않지만 진짜 살거라면 협조적으로 도움주실 느낌 | W66: - 포인트 : 해당 매물은 인테리어 매물 >> 매임 시, 본 매물과 기본 매물 비교 (상태 대비 가격 등) - 동구는 신축 영향권 밖! >> 이 부사님도 비슷한 소리 하심 >> 과거 유성구 도안신도시, 서구 관저, 세종, 청주 공급량 多 당시 영향 확인해보자 | X66: =if(OR(U66 <>"", V66<>"", W66 <> ""), TEXTJOIN("", TRUE, J66, " ", K66, " ", L66, "^", char(10), F66, " ", G66, char(10), O66, "p ",N66, " ", P66, " / ", Q66 , " ", CHAR(10),CHAR(10), U66, CHAR(10),CHAR(10), "<부동산 평가>",CHAR(10),CHAR(10), V66, CHAR(10),CHAR(10), "<얻은 정보>", CHAR(10),CHAR(10),W66), "") -> 은어송코오롱하늘채2차 2016 408^ 하늘채우리집 010-9898-5466 35p 103동15층 36,000 / 30,000 [매물 정보] - 인테리어한지 몇 년 안되서 수리할 곳 없음. 안방 화장실에 바닥 타일 떨어져있는 거 정도 (수리한 타일) - 27년 신축 입주라서 당장 입주는 어렵다 - 그 시점에 전세 맞추기 어렵지 않겠냐 - 동구는 그렇지 않다. 유성구/서구랑 거리도 멀고 - 아 그러면 혹시 주전은 어떨 거 같냐 - 1년밖에 거주안하는데 왜? 나중에 어떻게 될 줄 알고? 차라리 잔금을 뒤로 - 1년으로 하고 특약에 써두면 되지 않냐 - 계약 기간 안에 나가면 자기 돈으로 임차인 구해줘야하는데 - 그것도 특약에 넣으면 되지 않냐 - 그런데 내 (부사님) 생각에 그렇게까지 해서 팔고 싶어하지 않을 것 같다, 잔금을 뒤로가 제일 깔끔하다 (((부사님께서 잘 모르시는구나))) - 전세는 아까 동구는 영향권이 아니라 얘기하셨는데 왜그러냐? - 동구는 그렇지 않다. - 그러니까 왜 - 네이버 부동산 봤냐 - ㅇㅇ - 전세 있더냐 - 없는데 그건 지금이고, 27년엔 다르지 않냐 - "그러면 내일 지구가 멸망할지도 모르는데 집은 왜사요?" - ^^;; <부동산 평가> "지구가 멸망할지 모르는데 살거냐" ㅋㅋ T에 아주 빠삭하게 알고 계시진 않지만 진짜 살거라면 협조적으로 도움주실 느낌 <얻은 정보> - 포인트 : 해당 매물은 인테리어 매물 >> 매임 시, 본 매물과 기본 매물 비교 (상태 대비 가격 등) - 동구는 신축 영향권 밖! >> 이 부사님도 비슷한 소리 하심 >> 과거 유성구 도안신도시, 서구 관저, 세종, 청주 공급량 多 당시 영향 확인해보자
B67: 62 | C67: 가히 | D67: 46126 | E67: 화 | F67: 풍림사랑공인중개사사무소 | G67: 010-9731-4500 | H67: 92 | I67: 2 | J67: 은어송코오롱하늘채2차 | K67: 2016 | L67: 408 | M67: =year(today())-K67+1 -> 11 | N67: 104동12층 | O67: 34 | P67: 36000 | R67: =if(and(P67 <> "", Q67 <> ""), P67-Q67, "") | S67: =if(and(P67 <> "", O67 <> ""), P67/O67, "") -> 1058.8235 | T67: =if(and(Q67 <> "", P67 <> ""), Q67/P67, "") | U67: [매물 정보] - 네부 광고에는 '관리잘되고 깨끗 전세도 가능'이라고 되어 있는데, 광고를 올린 사장님이 해당 물건에 대해 인지하지 못하고 있음 - 물건이 여러개라 코오롱하늘채2단지와 헷갈리시는 듯... 2016년식 하늘채 2차라 누차 말씀드려도 못알아들으심ㅠ - 해당 매물이 풍림 사장님만 가지고 계셔서 매물 파악 어려움 | V67: 물건은 많은데 잘 알고 계시진 못함 (동네 마당발일지도). 네부는 남자 사장님인데 전화는 여자 부사님. 다만 여러번 콜백하시며 적극성은 확인 | W67: n/a | X67: =if(OR(U67 <>"", V67<>"", W67 <> ""), TEXTJOIN("", TRUE, J67, " ", K67, " ", L67, "^", char(10), F67, " ", G67, char(10), O67, "p ",N67, " ", P67, " / ", Q67 , " ", CHAR(10),CHAR(10), U67, CHAR(10),CHAR(10), "<부동산 평가>",CHAR(10),CHAR(10), V67, CHAR(10),CHAR(10), "<얻은 정보>", CHAR(10),CHAR(10),W67), "") -> 은어송코오롱하늘채2차 2016 408^ 풍림사랑공인중개사사무소 010-9731-4500 34p 104동12층 36,000 / [매물 정보] - 네부 광고에는 '관리잘되고 깨끗 전세도 가능'이라고 되어 있는데, 광고를 올린 사장님이 해당 물건에 대해 인지하지 못하고 있음 - 물건이 여러개라 코오롱하늘채2단지와 헷갈리시는 듯... 2016년식 하늘채 2차라 누차 말씀드려도 못알아들으심ㅠ - 해당 매물이 풍림 사장님만 가지고 계셔서 매물 파악 어려움 <부동산 평가> 물건은 많은데 잘 알고 계시진 못함 (동네 마당발일지도). 네부는 남자 사장님인데 전화는 여자 부사님. 다만 여러번 콜백하시며 적극성은 확인 <얻은 정보> n/a
B68: 63 | C68: 그늘 | D68: 2026.4.15. | E68: 수 | F68: 이스트박사공인 | G68: 010-6471-5951 | J68: 신흥SK뷰 | K68: 2022 | L68: 1588 | M68: =year(today())-K68+1 -> 5 | R68: =if(and(P68 <> "", Q68 <> ""), P68-Q68, "") | S68: =if(and(P68 <> "", O68 <> ""), P68/O68, "") | T68: =if(and(Q68 <> "", P68 <> ""), Q68/P68, "") | W68: 전세수요)) 전세가 없었는데 갑자기 몇 개가 나왔다. 36500에 내놓은 게 있는데 안나온다. 학교가 있다보니까 겨울보다는 안 맞춰진다. 4월 말 입주였기 때문에 요 시기에 나오는 사람들이 있긴 하다. 평수선호도)) 30평이 토요일1, 어제1 계약 됐다. 84가 매물이 많다. 신혼부부가 많아서 24평도 많이 거래됐고, 작년에 전세원하는 신혼부부들이 있었는데 전세가 없어서 30평 매매가 작년 가을에 아주 많이 나갔다. 84 매물이 쌓이는 느낌이라 조절 가능할 것. | X68: =if(OR(U68 <>"", V68<>"", W68 <> ""), TEXTJOIN("", TRUE, J68, " ", K68, " ", L68, "^", char(10), F68, " ", G68, char(10), O68, "p ",N68, " ", P68, " / ", Q68 , " ", CHAR(10),CHAR(10), U68, CHAR(10),CHAR(10), "<부동산 평가>",CHAR(10),CHAR(10), V68, CHAR(10),CHAR(10), "<얻은 정보>", CHAR(10),CHAR(10),W68), "") -> 신흥SK뷰 2022 1588^ 이스트박사공인 010-6471-5951 p / <부동산 평가> <얻은 정보> 전세수요)) 전세가 없었는데 갑자기 몇 개가 나왔다. 36500에 내놓은 게 있는데 안나온다. 학교가 있다보니까 겨울보다는 안 맞춰진다. 4월 말 입주였기 때문에 요 시기에 나오는 사람들이 있긴 하다. 평수선호도)) 30평이 토요일1, 어제1 계약 됐다. 84가 매물이 많다. 신혼부부가 많아서 24평도 많이 거래됐고, 작년에 전세원하는 신혼부부들이 있었는데 전세가 없어서 30평 매매가 작년 가을에 아주 많이 나갔다. 84 매물이 쌓이는 느낌이라 조절 가능할 것.
B69: 64 | C69: 로에 | D69: 46127 | E69: 수 | F69: 엘지공인 | G69: 010-5450-3301 | J69: 한밭자이 | K69: 2007 | M69: =year(today())-K69+1 -> 20 | N69: 104동 25층 | P69: 35000 | Q69: 28000 | R69: =if(and(P69 <> "", Q69 <> ""), P69-Q69, "") -> 7000 | S69: =if(and(P69 <> "", O69 <> ""), P69/O69, "") | T69: =if(and(Q69 <> "", P69 <> ""), Q69/P69, "") -> 0.8 | U69: 주인거주, 내년 2월 다른 아파트 입주 > 주인전세가능 안쪽동 선호, 전세 2.6-2.7억에서 거래되다가 최근에 전세가 없으니 2.8억에도 거래되고 있음. 130-2층(필로티) 3.9억 - 최신 레모델링 103-1205 - 3.6억/2.6억 세입자 묵시적갱신 - 계속 거주할 의사 O 사장님이 15분동안 거의 강의해주심.. 임장하러 오는거면 세입자 있는 집은 보여기 꺼려진다, 갭투는 다들 보고 사지를 않으니까 집 보여주기 좀 그렇다..부터 시작해서 물건만 보러온다고 될 게 아니라 그 지역 전체분위기를 보고 여기에 투자해도 되겠다고 판단이 들어야한다, 물건을 보고 판단할 시장이 아님, 지방은 부동산이 올라가는 분위기가 아니다, 정책때문에 오르기 쉽지 않다 > 물론 구도심/신도심 차이는 있지만 지방은 갭투자 할 시기가 아니다, 대전은 현재 정체되어 있는 분위기. 자기도 갭투자해봐서 안다, 그래도 뭐 보고 싶다면 집주인 물건 보여줄 수는 있다~~~~~ 네~~~~ | V69: 친절은 하심 | X69: =if(OR(U69 <>"", V69<>"", W69 <> ""), TEXTJOIN("", TRUE, J69, " ", K69, " ", L69, "^", char(10), F69, " ", G69, char(10), O69, "p ",N69, " ", P69, " / ", Q69 , " ", CHAR(10),CHAR(10), U69, CHAR(10),CHAR(10), "<부동산 평가>",CHAR(10),CHAR(10), V69, CHAR(10),CHAR(10), "<얻은 정보>", CHAR(10),CHAR(10),W69), "") -> 한밭자이 2007 ^ 엘지공인 010-5450-3301 p 104동 25층 35,000 / 28,000 주인거주, 내년 2월 다른 아파트 입주 > 주인전세가능 안쪽동 선호, 전세 2.6-2.7억에서 거래되다가 최근에 전세가 없으니 2.8억에도 거래되고 있음. 130-2층(필로티) 3.9억 - 최신 레모델링 103-1205 - 3.6억/2.6억 세입자 묵시적갱신 - 계속 거주할 의사 O 사장님이 15분동안 거의 강의해주심.. 임장하러 오는거면 세입자 있는 집은 보여기 꺼려진다, 갭투는 다들 보고 사지를 않으니까 집 보여주기 좀 그렇다..부터 시작해서 물건만 보러온다고 될 게 아니라 그 지역 전체분위기를 보고 여기에 투자해도 되겠다고 판단이 들어야한다, 물건을 보고 판단할 시장이 아님, 지방은 부동산이 올라가는 분위기가 아니다, 정책때문에 오르기 쉽지 않다 > 물론 구도심/신도심 차이는 있지만 지방은 갭투자 할 시기가 아니다, 대전은 현재 정체되어 있는 분위기. 자기도 갭투자해봐서 안다, 그래도 뭐 보고 싶다면 집주인 물건 보여줄 수는 있다~~~~~ 네~~~~ <부동산 평가> 친절은 하심 <얻은 정보>
B70: 65 | C70: 로에 | D70: 46127 | E70: 수 | J70: 스마트뷰
B71: 66 | C71: 굿데이 | D71: 2026.4.14 | E71: 화 | J71: 리더스시티4단지 | M71: =year(today())-K71+1 -> 2027 | R71: =if(and(P71 <> "", Q71 <> ""), P71-Q71, "") | S71: =if(and(P71 <> "", O71 <> ""), P71/O71, "") | T71: =if(and(Q71 <> "", P71 <> ""), Q71/P71, "") | V71: 일잘러인데 시크 | X71: =if(OR(U71 <>"", V71<>"", W71 <> ""), TEXTJOIN("", TRUE, J71, " ", K71, " ", L71, "^", char(10), F71, " ", G71, char(10), O71, "p ",N71, " ", P71, " / ", Q71 , " ", CHAR(10),CHAR(10), U71, CHAR(10),CHAR(10), "<부동산 평가>",CHAR(10),CHAR(10), V71, CHAR(10),CHAR(10), "<얻은 정보>", CHAR(10),CHAR(10),W71), "") -> 리더스시티4단지 ^ p / <부동산 평가> 일잘러인데 시크 <얻은 정보>
B72: 67 | C72: 굿데이 | D72: 2026.4.15 | E72: 수 | J72: E편한세상에코포레 | M72: =year(today())-K72+1 -> 2027 | R72: =if(and(P72 <> "", Q72 <> ""), P72-Q72, "") | S72: =if(and(P72 <> "", O72 <> ""), P72/O72, "") | T72: =if(and(Q72 <> "", P72 <> ""), Q72/P72, "") | V72: 친절하신데 매물정보 장부 봐야 아심 | X72: =if(OR(U72 <>"", V72<>"", W72 <> ""), TEXTJOIN("", TRUE, J72, " ", K72, " ", L72, "^", char(10), F72, " ", G72, char(10), O72, "p ",N72, " ", P72, " / ", Q72 , " ", CHAR(10),CHAR(10), U72, CHAR(10),CHAR(10), "<부동산 평가>",CHAR(10),CHAR(10), V72, CHAR(10),CHAR(10), "<얻은 정보>", CHAR(10),CHAR(10),W72), "") -> E편한세상에코포레 ^ p / <부동산 평가> 친절하신데 매물정보 장부 봐야 아심 <얻은 정보>
B73: 68 | C73: 굿데이 | D73: 2026.4.15 | E73: 수 | J73: 삼정그린코아1단지 | M73: =year(today())-K73+1 -> 2027 | R73: =if(and(P73 <> "", Q73 <> ""), P73-Q73, "") | S73: =if(and(P73 <> "", O73 <> ""), P73/O73, "") | T73: =if(and(Q73 <> "", P73 <> ""), Q73/P73, "") | V73: 일잘러, 친절, 적극적 | X73: =if(OR(U73 <>"", V73<>"", W73 <> ""), TEXTJOIN("", TRUE, J73, " ", K73, " ", L73, "^", char(10), F73, " ", G73, char(10), O73, "p ",N73, " ", P73, " / ", Q73 , " ", CHAR(10),CHAR(10), U73, CHAR(10),CHAR(10), "<부동산 평가>",CHAR(10),CHAR(10), V73, CHAR(10),CHAR(10), "<얻은 정보>", CHAR(10),CHAR(10),W73), "") -> 삼정그린코아1단지 ^ p / <부동산 평가> 일잘러, 친절, 적극적 <얻은 정보>
B74: 69 | C74: MZ | D74: 2026.4.15 | E74: 수 | F74: 이스트시티공인 | G74: 010-7477-0355 | H74: 34평-18 | I74: 34평-2 | J74: 이스트시티1단지 | K74: 2018 | L74: 1345 | M74: =year(today())-K74+1 -> 9 | N74: 남동향 | O74: 34 | P74: 5 | Q74: 2.8 | R74: =if(and(P74 <> "", Q74 <> ""), P74-Q74, "") -> 2.2 | S74: =if(and(P74 <> "", O74 <> ""), P74/O74, "") -> 0.14705882 | T74: =if(and(Q74 <> "", P74 <> ""), Q74/P74, "") -> 0.56 | U74: 세안고 2.8에 껴있고 만기 1년 더 남았음. 탑층이 4.97에 거래되어서 고층 5.0에 매도하기를 희망하심. 급매라 싼 것. 근데 껴있는 게 좀 돈이 많아서 다른 물건 추천. | V74: 친절하시긴 한데 묻는 거에만 대답해주시는 스타일 | W74: 34평 111동 27층 매 5.4 / 전 3.5-3.7 [1.5-1.7] 이거는 공실이라 보여주기 쉬움. 바로 전세 빼면 투자금도 적게 들어서 추천. 전세는 현재 단지 내 2개정도밖에 없어서 전세 내면 바로 나갈 것. 34평은 3.5-3.7정도에 내면 좋겠다고 하심. 지금 나와있는 전세는 4억, 4.5억 짜리 있는데 너무 야망전세라고 생각. 너무 높게 불러서 지금 잘 안나가고 있는 중임. 맞벌이가 많아서 평일에 오면 잘 안보여줄 수 있음 주의. 아무래도 대전역 근처 동으로 선호 | X74: =if(OR(U74 <>"", V74<>"", W74 <> ""), TEXTJOIN("", TRUE, J74, " ", K74, " ", L74, "^", char(10), F74, " ", G74, char(10), O74, "p ",N74, " ", P74, " / ", Q74 , " ", CHAR(10),CHAR(10), U74, CHAR(10),CHAR(10), "<부동산 평가>",CHAR(10),CHAR(10), V74, CHAR(10),CHAR(10), "<얻은 정보>", CHAR(10),CHAR(10),W74), "") -> 이스트시티1단지 2018 1345^ 이스트시티공인 010-7477-0355 34p 남동향 5 / 2.8 세안고 2.8에 껴있고 만기 1년 더 남았음. 탑층이 4.97에 거래되어서 고층 5.0에 매도하기를 희망하심. 급매라 싼 것. 근데 껴있는 게 좀 돈이 많아서 다른 물건 추천. <부동산 평가> 친절하시긴 한데 묻는 거에만 대답해주시는 스타일 <얻은 정보> 34평 111동 27층 매 5.4 / 전 3.5-3.7 [1.5-1.7] 이거는 공실이라 보여주기 쉬움. 바로 전세 빼면 투자금도 적게 들어서 추천. 전세는 현재 단지 내 2개정도밖에 없어서 전세 내면 바로 나갈 것. 34평은 3.5-3.7정도에 내면 좋겠다고 하심. 지금 나와있는 전세는 4억, 4.5억 짜리 있는데 너무 야망전세라고 생각. 너무 높게 불러서 지금 잘 안나가고 있는 중임. 맞벌이가 많아서 평일에 오면 잘 안보여줄 수 있음 주의. 아무래도 대전역 근처 동으로 선호
B75: 70 | C75: MZ | D75: 2026.4.15 | E75: 수 | F75: 오투제일공인 | G75: 010-5401-3382 | H75: 34평-20 | I75: 34평-0개 | J75: 오투그란데 | K75: 2008 | L75: 877 | M75: =year(today())-K75+1 -> 19 | N75: 남동향 | O75: 34 | P75: 2.7 | Q75: 2.1 | R75: =if(and(P75 <> "", Q75 <> ""), P75-Q75, "") -> 0.6 | S75: =if(and(P75 <> "", O75 <> ""), P75/O75, "") -> 0.079411765 | T75: =if(and(Q75 <> "", P75 <> ""), Q75/P75, "") -> 0.77777778 | U75: 34평 104동 저층(->9층) 남동향 매 2.7 / 회사 기숙사 [조건] 현재 회사 기숙사로 사용중. 올해 5월이 2년 만기인데 더 쓰고 싶다고 함. (얼마 껴있는지 못물), 실거주도 좀 있다고 함 전세권설정 안되어 있음. | V75: 묻는 말에 친절하게 대답해주심. 근데 단지가 아쉽다. | W75: 가격이 여기가 넘 저렴해서 다른데로 이사가고 싶어도 잘 못가는 사람들도 많음. 34평 전세 내면 2~2.1 정도에 내면 잘나갈듯. 34평보다 43평을 더 찾거나 그러지는 않음. 34평을 더 많이 찾는다. 비선호 : '소년원' 은 길건너에 있는데 그렇게까지 막 기피하거나 그러지 않고 다들 신경 잘 안쓴다. RR : 딱히 있지 않은데 천뷰 좋아하면 110동, 111동. 남서향은 모두 천뷰다. | X75: =if(OR(U75 <>"", V75<>"", W75 <> ""), TEXTJOIN("", TRUE, J75, " ", K75, " ", L75, "^", char(10), F75, " ", G75, char(10), O75, "p ",N75, " ", P75, " / ", Q75 , " ", CHAR(10),CHAR(10), U75, CHAR(10),CHAR(10), "<부동산 평가>",CHAR(10),CHAR(10), V75, CHAR(10),CHAR(10), "<얻은 정보>", CHAR(10),CHAR(10),W75), "") -> 오투그란데 2008 877^ 오투제일공인 010-5401-3382 34p 남동향 2.7 / 2.1 34평 104동 저층(->9층) 남동향 매 2.7 / 회사 기숙사 [조건] 현재 회사 기숙사로 사용중. 올해 5월이 2년 만기인데 더 쓰고 싶다고 함. (얼마 껴있는지 못물), 실거주도 좀 있다고 함 전세권설정 안되어 있음. <부동산 평가> 묻는 말에 친절하게 대답해주심. 근데 단지가 아쉽다. <얻은 정보> 가격이 여기가 넘 저렴해서 다른데로 이사가고 싶어도 잘 못가는 사람들도 많음. 34평 전세 내면 2~2.1 정도에 내면 잘나갈듯. 34평보다 43평을 더 찾거나 그러지는 않음. 34평을 더 많이 찾는다. 비선호 : '소년원' 은 길건너에 있는데 그렇게까지 막 기피하거나 그러지 않고 다들 신경 잘 안쓴다. RR : 딱히 있지 않은데 천뷰 좋아하면 110동, 111동. 남서향은 모두 천뷰다.
B76: 71 | C76: 라니 | D76: 2026.4.15 | E76: 수 | F76: 천동부동산 | G76: 010-9429-9177 | J76: 위드힐 | M76: =year(today())-K76+1 -> 2027 | O76: 34 | P76: 36000 | Q76: 28000 | R76: =if(and(P76 <> "", Q76 <> ""), P76-Q76, "") -> 8000 | S76: =if(and(P76 <> "", O76 <> ""), P76/O76, "") -> 1058.8235 | T76: =if(and(Q76 <> "", P76 <> ""), Q76/P76, "") -> 0.77777778 | U76: 이분 갈 날짜가 정해져있다. (27년 2월) 여기는 B타입을 제일 좋아한다. 물건 상태는 꺠끗하다. 전세귀해서 전세는 잘 맞춘다. | V76: 사장님..말이좀 많다 근데 지역 이해하는데는 괜찮을 것 같다 | X76: =if(OR(U76 <>"", V76<>"", W76 <> ""), TEXTJOIN("", TRUE, J76, " ", K76, " ", L76, "^", char(10), F76, " ", G76, char(10), O76, "p ",N76, " ", P76, " / ", Q76 , " ", CHAR(10),CHAR(10), U76, CHAR(10),CHAR(10), "<부동산 평가>",CHAR(10),CHAR(10), V76, CHAR(10),CHAR(10), "<얻은 정보>", CHAR(10),CHAR(10),W76), "") -> 위드힐 ^ 천동부동산 010-9429-9177 34p 36,000 / 28,000 이분 갈 날짜가 정해져있다. (27년 2월) 여기는 B타입을 제일 좋아한다. 물건 상태는 꺠끗하다. 전세귀해서 전세는 잘 맞춘다. <부동산 평가> 사장님..말이좀 많다 근데 지역 이해하는데는 괜찮을 것 같다 <얻은 정보>
B77: 72 | C77: 라니 | D77: 2026.4.15 | E77: 수 | F77: 아침현대공인중개사 | G77: 010-3062-8207 | J77: 아침LH | M77: =year(today())-K77+1 -> 2027 | P77: 36000 | Q77: 28000 | R77: =if(and(P77 <> "", Q77 <> ""), P77-Q77, "") -> 8000 | S77: =if(and(P77 <> "", O77 <> ""), P77/O77, "") | T77: =if(and(Q77 <> "", P77 <> ""), Q77/P77, "") -> 0.77777778 | U77: (전화받자마자) 105동 3층 경매물건이냐. 요즘 그거문의많이온다. 아니다 115동 중층 3.6 보고 전화한거다. 여기는 학교 인접동도 괜찮다. 최근 수리된 3.6-7은 거의다 빠졌다. 지금 남은건 기본만 남았다. 여기 갭투자는 잘 안한다. 다들 실거주 위주이다. (RR 물어보니 학교 인접동이라고 함) 전세 시세는 2.8이다 | V77: 투자자 정중하게 거절 | W77: 같은 가격이면 위드힐일까? LH일까? 아님 둘다아닐까? 어쨌든 매물 보고 판단하자. | X77: =if(OR(U77 <>"", V77<>"", W77 <> ""), TEXTJOIN("", TRUE, J77, " ", K77, " ", L77, "^", char(10), F77, " ", G77, char(10), O77, "p ",N77, " ", P77, " / ", Q77 , " ", CHAR(10),CHAR(10), U77, CHAR(10),CHAR(10), "<부동산 평가>",CHAR(10),CHAR(10), V77, CHAR(10),CHAR(10), "<얻은 정보>", CHAR(10),CHAR(10),W77), "") -> 아침LH ^ 아침현대공인중개사 010-3062-8207 p 36,000 / 28,000 (전화받자마자) 105동 3층 경매물건이냐. 요즘 그거문의많이온다. 아니다 115동 중층 3.6 보고 전화한거다. 여기는 학교 인접동도 괜찮다. 최근 수리된 3.6-7은 거의다 빠졌다. 지금 남은건 기본만 남았다. 여기 갭투자는 잘 안한다. 다들 실거주 위주이다. (RR 물어보니 학교 인접동이라고 함) 전세 시세는 2.8이다 <부동산 평가> 투자자 정중하게 거절 <얻은 정보> 같은 가격이면 위드힐일까? LH일까? 아님 둘다아닐까? 어쨌든 매물 보고 판단하자.
B78: 73 | C78: 라니 | D78: 2026.4.15 | E78: 수 | F78: 새들뫼으뜸 | G78: 010-7330-3662 | M78: =year(today())-K78+1 -> 2027 | R78: =if(and(P78 <> "", Q78 <> ""), P78-Q78, "") | S78: =if(and(P78 <> "", O78 <> ""), P78/O78, "") | T78: =if(and(Q78 <> "", P78 <> ""), Q78/P78, "") | U78: 세들뫼 전세 3.0-3.2인데 지금 학기 끝나고 나니까 전세 찾는사람 줄었다. 펜타뷰 3.0에 나와있는데 이거 안나간다. 전세 나온지는 한달정도 됬고 층도 괜찮다. 세들뫼는 비확장 선호도 떨어진다. 지금 시세는 확장된게 4.25정도 봐야한다. 펜타뷰는 새들뫼랑 3천정도 차이나는데 전세 시세는 똑같다. 전세 먼저 찾는거는 새들뫼가 맞다. 왜? 위치 때문에 | V78: 투자로 본다고 하니 급격하게 말투가 바뀜 | X78: =if(OR(U78 <>"", V78<>"", W78 <> ""), TEXTJOIN("", TRUE, J78, " ", K78, " ", L78, "^", char(10), F78, " ", G78, char(10), O78, "p ",N78, " ", P78, " / ", Q78 , " ", CHAR(10),CHAR(10), U78, CHAR(10),CHAR(10), "<부동산 평가>",CHAR(10),CHAR(10), V78, CHAR(10),CHAR(10), "<얻은 정보>", CHAR(10),CHAR(10),W78), "") -> ^ 새들뫼으뜸 010-7330-3662 p / 세들뫼 전세 3.0-3.2인데 지금 학기 끝나고 나니까 전세 찾는사람 줄었다. 펜타뷰 3.0에 나와있는데 이거 안나간다. 전세 나온지는 한달정도 됬고 층도 괜찮다. 세들뫼는 비확장 선호도 떨어진다. 지금 시세는 확장된게 4.25정도 봐야한다. 펜타뷰는 새들뫼랑 3천정도 차이나는데 전세 시세는 똑같다. 전세 먼저 찾는거는 새들뫼가 맞다. 왜? 위치 때문에 <부동산 평가> 투자로 본다고 하니 급격하게 말투가 바뀜 <얻은 정보>
B79: 74 | C79: 가히 | D79: 2026.4.15 | E79: 수 | F79: 대청에코포레공인중개사사무소 | G79: 010-7444-1130 | H79: 53 | I79: 0 | J79: e편한세상대전에코포레 | K79: 2020 | L79: 2267 | M79: =year(today())-K79+1 -> 7 | N79: 104동중층 | O79: 33 | P79: 42500 | Q79: 34000 | R79: =if(and(P79 <> "", Q79 <> ""), P79-Q79, "") -> 8500 | S79: =if(and(P79 <> "", O79 <> ""), P79/O79, "") -> 1287.8788 | T79: =if(and(Q79 <> "", P79 <> ""), Q79/P79, "") -> 0.8 | U79: [매물정보] - 세입자 만기 26.06 중순 이사나가야함, 이사 일정 픽스인지 아닌지는 모름 - 부사님이 "물건 나온지가 얼마 안됐다" 하셨는데, 그 얼마안된 게 [3주]였음.. (응?) - 오늘 매도자분과 왜케 아무런 연락없냐고 통화하셨다고 [시세/분위기] - 전세 문의하니, 현재 광고는 3억, 최대 실거래는 3.4억, 가장 최근 거래는 2.8 진짜 빨리 나감~ 너무 범위가 크다 - 3억은 왜 안나감? 7월 입주, 시기가 안맞아 - 3.4억은 왜? 빈집이었고, 원하는 일정대로 들어갈 수 있어서 였다 >> 입주 시기 조율이 가능하도록 협의가 된다면 (매도인이 전세금 반환 후 기간 넉넉하다면) 전세가도 상당히 높게 받을 수 있을 듯 | V79: 첨에 사장님 반응 애매하셔서 잘 모르시나 했는데, 임장하러 오시냐 묻고 왜 동구를 투자로 생각하는지 물으셔서 대답했더니 그 다음부터 갑자기 적극적으로 설명 좌르르르 (알고보니 동구에 무슨 투자? 라는 생각하셨다고..) - 부동산 경력 30년 이상 ~ 재개발재건축 + 지금은 20년 넘게 부동산 - 물건 상황 잘 알고 매도자와도 연락 자주하시는 느낌 근데 동구에 엄청 부정적 ㅎㅎ | W79: [얻은 정보] - 사는 사람 : 조합원 40% 신혼부부 5~60% ~~~ 애들 4-5살까지 키우고 학교갈 때쯤 나가고 또 다른 신혼부부들 들어온다. - 신혼부부 어디서 왔다가 어디로 가냐? 일단 대전 분양가가 비싼 편. 만약 돈이 있으면 근처 중구, 서구 신축 갈수도 있긴하지만- 분양가 너무 높으면 움직이지 않는다. 신축 전세 24평이 2.8~3.0억.. 금리가 떨어지지 않는 한 사람들이 동구 외부로 나가지 않는다. - 현재 에코포레가 전세 구하러 왔다가 매매랑 크게 차이나지 않아 매수하는 분들이 많다. 그래서 거래량이 많은 것 - 에코포레는 6년차, 내부 컨디션 다 비슷하다. 대부분 다 관리 잘한 편이라고. 특수하게 정말 안좋은 집 빼곤 대체로 다 상태 좋다. - 동호수 따지는 건 무조건 뷰, 서향, 남동향 이런 특별한 선호 조건 때문이고 그게 없다면 가격 저렴한게 좋다고 (부사님) 생각 [추천 매물] - 107동 5층 4.55 짜리 ~~ 있긴 한데.. 매도자님 집관리 훌륭하지만 시에 없음, **에코포레는 시에 없는 경우가 더 많음** ((104동과 3천 차이.. 그렇게까진 좀..)) - 113동 25층 세입자 [부사님 피셜] - "에코포레는 더 이상 오를 건덕지가 없다." - 대전 올해 6천세대, 내년 1만 세대 입주다. (Q. 서구, 유성구던데 동구는 괜찮지 않냐) 그렇긴 하다, 동구는 거기 입주들어온다고 매매/전세 빠지거나 그러지 않는다. 그래도 신축 전세 많이 나올텐데 보수적으로 봐야지 않겠냐. 의료원은 말 나온지 15년, 국회의원 공약일뿐, 아~~~무런 움직임 없다. >> 이 부사님도 서구/유성구의 입주에 동구가 영향을 받지 않을거라 예상하시지만, 전세 세팅엔 더 보수적인 반응 (이게 맞다고 생각. 너무 안일하게 안전할거라 관망하기엔 리스크가 상당히 크다) - 브랜드 아파트로 매매 거래량 제일 많음. 전세구하러 왔다가 매수. | X79: =if(OR(U79 <>"", V79<>"", W79 <> ""), TEXTJOIN("", TRUE, J79, " ", K79, " ", L79, "^", char(10), F79, " ", G79, char(10), O79, "p ",N79, " ", P79, " / ", Q79 , " ", CHAR(10),CHAR(10), U79, CHAR(10),CHAR(10), "<부동산 평가>",CHAR(10),CHAR(10), V79, CHAR(10),CHAR(10), "<얻은 정보>", CHAR(10),CHAR(10),W79), "") -> e편한세상대전에코포레 2020 2267^ 대청에코포레공인중개사사무소 010-7444-1130 33p 104동중층 42,500 / 34,000 [매물정보] - 세입자 만기 26.06 중순 이사나가야함, 이사 일정 픽스인지 아닌지는 모름 - 부사님이 "물건 나온지가 얼마 안됐다" 하셨는데, 그 얼마안된 게 [3주]였음.. (응?) - 오늘 매도자분과 왜케 아무런 연락없냐고 통화하셨다고 [시세/분위기] - 전세 문의하니, 현재 광고는 3억, 최대 실거래는 3.4억, 가장 최근 거래는 2.8 진짜 빨리 나감~ 너무 범위가 크다 - 3억은 왜 안나감? 7월 입주, 시기가 안맞아 - 3.4억은 왜? 빈집이었고, 원하는 일정대로 들어갈 수 있어서 였다 >> 입주 시기 조율이 가능하도록 협의가 된다면 (매도인이 전세금 반환 후 기간 넉넉하다면) 전세가도 상당히 높게 받을 수 있을 듯 <부동산 평가> 첨에 사장님 반응 애매하셔서 잘 모르시나 했는데, 임장하러 오시냐 묻고 왜 동구를 투자로 생각하는지 물으셔서 대답했더니 그 다음부터 갑자기 적극적으로 설명 좌르르르 (알고보니 동구에 무슨 투자? 라는 생각하셨다고..) - 부동산 경력 30년 이상 ~ 재개발재건축 + 지금은 20년 넘게 부동산 - 물건 상황 잘 알고 매도자와도 연락 자주하시는 느낌 근데 동구에 엄청 부정적 ㅎㅎ <얻은 정보> [얻은 정보] - 사는 사람 : 조합원 40% 신혼부부 5~60% ~~~ 애들 4-5살까지 키우고 학교갈 때쯤 나가고 또 다른 신혼부부들 들어온다. - 신혼부부 어디서 왔다가 어디로 가냐? 일단 대전 분양가가 비싼 편. 만약 돈이 있으면 근처 중구, 서구 신축 갈수도 있긴하지만- 분양가 너무 높으면 움직이지 않는다. 신축 전세 24평이 2.8~3.0억.. 금리가 떨어지지 않는 한 사람들이 동구 외부로 나가지 않는다. - 현재 에코포레가 전세 구하러 왔다가 매매랑 크게 차이나지 않아 매수하는 분들이 많다. 그래서 거래량이 많은 것 - 에코포레는 6년차, 내부 컨디션 다 비슷하다. 대부분 다 관리 잘한 편이라고. 특수하게 정말 안좋은 집 빼곤 대체로 다 상태 좋다. - 동호수 따지는 건 무조건 뷰, 서향, 남동향 이런 특별한 선호 조건 때문이고 그게 없다면 가격 저렴한게 좋다고 (부사님) 생각 [추천 매물] - 107동 5층 4.55 짜리 ~~ 있긴 한데.. 매도자님 집관리 훌륭하지만 시에 없음, **에코포레는 시에 없는 경우가 더 많음** ((104동과 3천 차이.. 그렇게까진 좀..)) - 113동 25층 세입자 [부사님 피셜] - "에코포레는 더 이상 오를 건덕지가 없다." - 대전 올해 6천세대, 내년 1만 세대 입주다. (Q. 서구, 유성구던데 동구는 괜찮지 않냐) 그렇긴 하다, 동구는 거기 입주들어온다고 매매/전세 빠지거나 그러지 않는다. 그래도 신축 전세 많이 나올텐데 보수적으로 봐야지 않겠냐. 의료원은 말 나온지 15년, 국회의원 공약일뿐, 아~~~무런 움직임 없다. >> 이 부사님도 서구/유성구의 입주에 동구가 영향을 받지 않을거라 예상하시지만, 전세 세팅엔 더 보수적인 반응 (이게 맞다고 생각. 너무 안일하게 안전할거라 관망하기엔 리스크가 상당히 크다) - 브랜드 아파트로 매매 거래량 제일 많음. 전세구하러 왔다가 매수.
B80: 75 | C80: 가히 | D80: 2026.4.15 | E80: 수 | F80: 삼정복돼지공인 | G80: 010-6330-3993 | H80: 29 | I80: 0 | J80: 삼정그린코아포레스트1단지 | K80: 2018 | L80: 1245 | M80: =year(today())-K80+1 -> 9 | N80: 115동 고(22)층 | O80: 28 | P80: 37000 | R80: =if(and(P80 <> "", Q80 <> ""), P80-Q80, "") | S80: =if(and(P80 <> "", O80 <> ""), P80/O80, "") -> 1321.4286 | T80: =if(and(Q80 <> "", P80 <> ""), Q80/P80, "") | U80: [매물정보] - 상태 괜찮, 고층(22층)이라 뷰도 좋음 - 8년차, 수리가 필요하진 않지만 도배만 해도 새집같다, 근데 짐이 좀 많은 - 구조는 다 똑같은 (4베이, 드레스룸 더 큰) - vs 31평 : 방/거실 크고 - 과거 계약 직전까지 갔다가, 매수자 상황으로 엎어진 적 있었음 | V80: 라니님 떠올리게 하는 말투, 꼼꼼한 여부사님 | W80: [얻은 정보] - 29평 vs 31평 : 구조가 확연히 다르다 (가격대도 다름), 부사님 피셜 29평 4베이라 구조만 놓고 봤을 때 29평 스타일을 더 좋아했다고 함 >> 4/15 기준 29평 3.7~4.0억 vs. 31평 4.0~4.6억 >> 4베이가 완전 4베이는 아님,,, | X80: =if(OR(U80 <>"", V80<>"", W80 <> ""), TEXTJOIN("", TRUE, J80, " ", K80, " ", L80, "^", char(10), F80, " ", G80, char(10), O80, "p ",N80, " ", P80, " / ", Q80 , " ", CHAR(10),CHAR(10), U80, CHAR(10),CHAR(10), "<부동산 평가>",CHAR(10),CHAR(10), V80, CHAR(10),CHAR(10), "<얻은 정보>", CHAR(10),CHAR(10),W80), "") -> 삼정그린코아포레스트1단지 2018 1245^ 삼정복돼지공인 010-6330-3993 28p 115동 고(22)층 37,000 / [매물정보] - 상태 괜찮, 고층(22층)이라 뷰도 좋음 - 8년차, 수리가 필요하진 않지만 도배만 해도 새집같다, 근데 짐이 좀 많은 - 구조는 다 똑같은 (4베이, 드레스룸 더 큰) - vs 31평 : 방/거실 크고 - 과거 계약 직전까지 갔다가, 매수자 상황으로 엎어진 적 있었음 <부동산 평가> 라니님 떠올리게 하는 말투, 꼼꼼한 여부사님 <얻은 정보> [얻은 정보] - 29평 vs 31평 : 구조가 확연히 다르다 (가격대도 다름), 부사님 피셜 29평 4베이라 구조만 놓고 봤을 때 29평 스타일을 더 좋아했다고 함 >> 4/15 기준 29평 3.7~4.0억 vs. 31평 4.0~4.6억 >> 4베이가 완전 4베이는 아님,,,
B81: 76 | C81: 가히 | D81: 2026.4.15 | E81: 수 | F81: 조은공인 | G81: 010-7797-2280 | J81: 삼정그린코아포레스트1단지 | K81: 2018 | L81: 1245 | M81: =year(today())-K81+1 -> 9 | N81: 115동 1003호 | O81: 29 | P81: 38500 | R81: =if(and(P81 <> "", Q81 <> ""), P81-Q81, "") | S81: =if(and(P81 <> "", O81 <> ""), P81/O81, "") -> 1327.5862 | T81: =if(and(Q81 <> "", P81 <> ""), Q81/P81, "") | U81: 가히 : 주인분 거주하시나요? 부사님 : 글쎄 나야 모르지???? 가히 : 아.. 네!~~ 감사합니다~~~ | V81: 남부사님 >> 악의는 없지만 거르자.. | W81: 나중에 문자 주심▼ 삼정115-1003호 주인거주 .01077972280으로문의해주세요. *** 나쁜 분은 아니시다. 그치만 거르자... | X81: =if(OR(U81 <>"", V81<>"", W81 <> ""), TEXTJOIN("", TRUE, J81, " ", K81, " ", L81, "^", char(10), F81, " ", G81, char(10), O81, "p ",N81, " ", P81, " / ", Q81 , " ", CHAR(10),CHAR(10), U81, CHAR(10),CHAR(10), "<부동산 평가>",CHAR(10),CHAR(10), V81, CHAR(10),CHAR(10), "<얻은 정보>", CHAR(10),CHAR(10),W81), "") -> 삼정그린코아포레스트1단지 2018 1245^ 조은공인 010-7797-2280 29p 115동 1003호 38,500 / 가히 : 주인분 거주하시나요? 부사님 : 글쎄 나야 모르지???? 가히 : 아.. 네!~~ 감사합니다~~~ <부동산 평가> 남부사님 >> 악의는 없지만 거르자.. <얻은 정보> 나중에 문자 주심▼ 삼정115-1003호 주인거주 .01077972280으로문의해주세요. *** 나쁜 분은 아니시다. 그치만 거르자...
B82: 77 | C82: 가히 | D82: 2026.4.15 | E82: 수 | F82: 삼정그린코아공인 | G82: 010-2732-3176 | J82: 삼정그린코아포레스트1단지 | K82: 2018 | L82: 1245 | M82: =year(today())-K82+1 -> 9 | N82: 115동 고층 | O82: 29 | P82: 37000 | R82: =if(and(P82 <> "", Q82 <> ""), P82-Q82, "") | S82: =if(and(P82 <> "", O82 <> ""), P82/O82, "") -> 1275.8621 | T82: =if(and(Q82 <> "", P82 <> ""), Q82/P82, "") | U82: [매물정보] - 도배만 해도 됨 - 특정 날짜 정해진 건 아니고 협의 가능 | V82: 투자로 본다하니 조금 방어적 | W82: [다른 매물 추천] - "공실 정도?" (투자 밝힌 후 사장님이 방어적인 태도로) | X82: =if(OR(U82 <>"", V82<>"", W82 <> ""), TEXTJOIN("", TRUE, J82, " ", K82, " ", L82, "^", char(10), F82, " ", G82, char(10), O82, "p ",N82, " ", P82, " / ", Q82 , " ", CHAR(10),CHAR(10), U82, CHAR(10),CHAR(10), "<부동산 평가>",CHAR(10),CHAR(10), V82, CHAR(10),CHAR(10), "<얻은 정보>", CHAR(10),CHAR(10),W82), "") -> 삼정그린코아포레스트1단지 2018 1245^ 삼정그린코아공인 010-2732-3176 29p 115동 고층 37,000 / [매물정보] - 도배만 해도 됨 - 특정 날짜 정해진 건 아니고 협의 가능 <부동산 평가> 투자로 본다하니 조금 방어적 <얻은 정보> [다른 매물 추천] - "공실 정도?" (투자 밝힌 후 사장님이 방어적인 태도로)
B83: 78 | C83: 학생 | D83: 2026.4.15. | E83: 수 | F83: SK나라 | G83: 010-7266-7889 | H83: 33 | I83: 1 | J83: 신흥SK뷰 | K83: 2022 | L83: 1588 | M83: =year(today())-K83+1 -> 5 | N83: 105동 중층 | O83: 24 | P83: 38700 | Q83: 26000 | R83: =if(and(P83 <> "", Q83 <> ""), P83-Q83, "") -> 12700 | S83: =if(and(P83 <> "", O83 <> ""), P83/O83, "") -> 1612.5 | T83: =if(and(Q83 <> "", P83 <> ""), Q83/P83, "") -> 0.67183463 | U83: 요새 전세 24평 기준으로 3억에서 3.2억도 가능 전세 손님 신흥SK는 많다 세입자 갱신권썼고 재계약 여부 미정, 매도 사유 모름 아무래도 신흥SK는 대전역 이용하려는 수요때문에 오기에 정문 가까운게 최고 전세보러 왔다가 매수하시는 분들도 많다 신흥SK는 옵션이 선택 사항이라 집마다 다른데 여기는 시에2개 설치 | V83: 사장님 엄청 까칠 | W83: 대전 동구에서 대전역이 얼마나 중요한지 알게 됐다. 대전역을 이용해서 출퇴근 하는 사람들이 동구에 상당히 많다 그래서 걸어서 대전역 이용하는게 정말 중요하구나! | X83: =if(OR(U83 <>"", V83<>"", W83 <> ""), TEXTJOIN("", TRUE, J83, " ", K83, " ", L83, "^", char(10), F83, " ", G83, char(10), O83, "p ",N83, " ", P83, " / ", Q83 , " ", CHAR(10),CHAR(10), U83, CHAR(10),CHAR(10), "<부동산 평가>",CHAR(10),CHAR(10), V83, CHAR(10),CHAR(10), "<얻은 정보>", CHAR(10),CHAR(10),W83), "") -> 신흥SK뷰 2022 1588^ SK나라 010-7266-7889 24p 105동 중층 38,700 / 26,000 요새 전세 24평 기준으로 3억에서 3.2억도 가능 전세 손님 신흥SK는 많다 세입자 갱신권썼고 재계약 여부 미정, 매도 사유 모름 아무래도 신흥SK는 대전역 이용하려는 수요때문에 오기에 정문 가까운게 최고 전세보러 왔다가 매수하시는 분들도 많다 신흥SK는 옵션이 선택 사항이라 집마다 다른데 여기는 시에2개 설치 <부동산 평가> 사장님 엄청 까칠 <얻은 정보> 대전 동구에서 대전역이 얼마나 중요한지 알게 됐다. 대전역을 이용해서 출퇴근 하는 사람들이 동구에 상당히 많다 그래서 걸어서 대전역 이용하는게 정말 중요하구나!
B84: 79 | C84: 학생 | D84: 2026.4.15. | E84: 수 | F84: 이스트시티박사 | G84: 010-9244-4895 | H84: 51 | I84: 4 | J84: 이스트시티1단지 | K84: 2018 | L84: 1345 | M84: =year(today())-K84+1 -> 9 | N84: 107동 고층 | O84: 26 | P84: 37000 | Q84: 24000 | R84: =if(and(P84 <> "", Q84 <> ""), P84-Q84, "") -> 13000 | S84: =if(and(P84 <> "", O84 <> ""), P84/O84, "") -> 1423.0769 | T84: =if(and(Q84 <> "", P84 <> ""), Q84/P84, "") -> 0.64864865 | U84: 이스트1단지 26평 전세 2.9억도 비싸다는 느낌 신흥SK보다는 싸야 한다 20평, 30평 비슷하게 보는 느낌 어디가 더 잘 나간다는 느낌은 없다, 전세손님도 많다는 느낌은 없다 세입자 갱신권 썼고! 27년 만기 매도 사유 모르겠다. 26평은 다 철길따라 배치 30평이 앞동 아무래도 전세 손님이 더 많은 거 같은데 요새는 전세가 비싸서 매수도 물어보는 느낌 얼마전 26평 3.85억에 거래 본인이 한것은 아님 이스트1단지는 따로 옵션 요구하는 세입자는 없다. 전동이 에어컨 옵션으로 안 달려 있음. | V84: 친절하시나 의욕이 없다 | W84: 대전역이 가지는 힘을 또 느꼈다. 서울 출퇴근으로 대전역 도보로 이용하려는 수요가 있어 신흥SK안되면 이스트1단지 오겠구나 | X84: =if(OR(U84 <>"", V84<>"", W84 <> ""), TEXTJOIN("", TRUE, J84, " ", K84, " ", L84, "^", char(10), F84, " ", G84, char(10), O84, "p ",N84, " ", P84, " / ", Q84 , " ", CHAR(10),CHAR(10), U84, CHAR(10),CHAR(10), "<부동산 평가>",CHAR(10),CHAR(10), V84, CHAR(10),CHAR(10), "<얻은 정보>", CHAR(10),CHAR(10),W84), "") -> 이스트시티1단지 2018 1345^ 이스트시티박사 010-9244-4895 26p 107동 고층 37,000 / 24,000 이스트1단지 26평 전세 2.9억도 비싸다는 느낌 신흥SK보다는 싸야 한다 20평, 30평 비슷하게 보는 느낌 어디가 더 잘 나간다는 느낌은 없다, 전세손님도 많다는 느낌은 없다 세입자 갱신권 썼고! 27년 만기 매도 사유 모르겠다. 26평은 다 철길따라 배치 30평이 앞동 아무래도 전세 손님이 더 많은 거 같은데 요새는 전세가 비싸서 매수도 물어보는 느낌 얼마전 26평 3.85억에 거래 본인이 한것은 아님 이스트1단지는 따로 옵션 요구하는 세입자는 없다. 전동이 에어컨 옵션으로 안 달려 있음. <부동산 평가> 친절하시나 의욕이 없다 <얻은 정보> 대전역이 가지는 힘을 또 느꼈다. 서울 출퇴근으로 대전역 도보로 이용하려는 수요가 있어 신흥SK안되면 이스트1단지 오겠구나
B85: 80 | C85: 학생 | D85: 2026.04.15. | E85: 수 | F85: 리더스시티 | G85: 010-6759-9050 | H85: 58 | I85: 3 | J85: 리더스시티4블록 | K85: 2024 | L85: 1328 | M85: =year(today())-K85+1 -> 3 | N85: 404동 6층 | O85: 24 | P85: 36000 | Q85: 20000 | R85: =if(and(P85 <> "", Q85 <> ""), P85-Q85, "") -> 16000 | S85: =if(and(P85 <> "", O85 <> ""), P85/O85, "") -> 1500 | T85: =if(and(Q85 <> "", P85 <> ""), Q85/P85, "") -> 0.55555556 | U85: 일잘러 부동사님 찾았다 404동 501호 전세 3억 비싸서 2.8억에 본인이 하심 전세 손님 많다 리더스가 이제 대전역 인근에서 연식 제일 좋으니 SK뷰 보고 여기 온다 매도 사유는 모르고 세입자 갱신권 사용 (28년 8월 만기) 401동이 기찻길이 아니라서 로얄동 여기는 대전역 이용하는 분들이 온다 신흥SK봤다가 구조 별로라 연식 좋고 구조 괜찮은 리더스 온다 4단지가 5단지보다 동간이 넓어서 더 괜찮다 4단지 거래는 내가 다한다! 신흥SK뷰는 물건이 복불복! 옵션이 선택사항이라서 세입자들이 물건 볼때마다 고민 많은데 리더스는 에어컨 중문이 되어 있다 | V85: 일잘러 부동산 | W85: 대전역 수요는 확실하고 리더스는 연식과 구조, 옵션으로 신흥SK를 상대하는 것 같다. 리더스 수요도 만만치 않구나! | X85: =if(OR(U85 <>"", V85<>"", W85 <> ""), TEXTJOIN("", TRUE, J85, " ", K85, " ", L85, "^", char(10), F85, " ", G85, char(10), O85, "p ",N85, " ", P85, " / ", Q85 , " ", CHAR(10),CHAR(10), U85, CHAR(10),CHAR(10), "<부동산 평가>",CHAR(10),CHAR(10), V85, CHAR(10),CHAR(10), "<얻은 정보>", CHAR(10),CHAR(10),W85), "") -> 리더스시티4블록 2024 1328^ 리더스시티 010-6759-9050 24p 404동 6층 36,000 / 20,000 일잘러 부동사님 찾았다 404동 501호 전세 3억 비싸서 2.8억에 본인이 하심 전세 손님 많다 리더스가 이제 대전역 인근에서 연식 제일 좋으니 SK뷰 보고 여기 온다 매도 사유는 모르고 세입자 갱신권 사용 (28년 8월 만기) 401동이 기찻길이 아니라서 로얄동 여기는 대전역 이용하는 분들이 온다 신흥SK봤다가 구조 별로라 연식 좋고 구조 괜찮은 리더스 온다 4단지가 5단지보다 동간이 넓어서 더 괜찮다 4단지 거래는 내가 다한다! 신흥SK뷰는 물건이 복불복! 옵션이 선택사항이라서 세입자들이 물건 볼때마다 고민 많은데 리더스는 에어컨 중문이 되어 있다 <부동산 평가> 일잘러 부동산 <얻은 정보> 대전역 수요는 확실하고 리더스는 연식과 구조, 옵션으로 신흥SK를 상대하는 것 같다. 리더스 수요도 만만치 않구나!
B86: 81 | C86: 케빈 | D86: 2026.04.16 | E86: 목 | F86: 열린 | G86: 010-7275-1941 | J86: 한화꿈에그린 | K86: 2006 | L86: 641 | M86: =year(today())-K86+1 -> 21 | N86: 106동 5층 | O86: 34 | P86: 26000 | Q86: 22000 | R86: =if(and(P86 <> "", Q86 <> ""), P86-Q86, "") -> 4000 | S86: =if(and(P86 <> "", O86 <> ""), P86/O86, "") -> 764.70588 | T86: =if(and(Q86 <> "", P86 <> ""), Q86/P86, "") -> 0.84615385 | U86: 투자금 5천만원 투자자 한화 꿈에그린보다 용방이 더 전세 잘나간다. 지하철 가깝고 상권 괜찮고 겉보기엔 꿈그가 나아보이지만 용방이 실거주 괜찮고 회전율이 좋음 꿈그도 연식 오래 됐잖아 꿈그 106-5 2.6억 기본 깨끗 깔끔. 용방 303-8 2.35억 수리 다해야함 씽크대 하긴 했는데 ... 7년? 정도 거주했음 잔금 되면 편하게 다 보여주겠다 수리 된거 안 된거 비교할 수 있게 준비해드림 | V86: 여자 사장님 친절 + 일잘러 물건 브리핑 바로 나오심 | W86: 꿈에그린은 확실히 수요가 떨어진다. 용방이 좀 더 신흥과 가깝기 때문에 임차수요가 더 있는 듯 | X86: =if(OR(U86 <>"", V86<>"", W86 <> ""), TEXTJOIN("", TRUE, J86, " ", K86, " ", L86, "^", char(10), F86, " ", G86, char(10), O86, "p ",N86, " ", P86, " / ", Q86 , " ", CHAR(10),CHAR(10), U86, CHAR(10),CHAR(10), "<부동산 평가>",CHAR(10),CHAR(10), V86, CHAR(10),CHAR(10), "<얻은 정보>", CHAR(10),CHAR(10),W86), "") -> 한화꿈에그린 2006 641^ 열린 010-7275-1941 34p 106동 5층 26,000 / 22,000 투자금 5천만원 투자자 한화 꿈에그린보다 용방이 더 전세 잘나간다. 지하철 가깝고 상권 괜찮고 겉보기엔 꿈그가 나아보이지만 용방이 실거주 괜찮고 회전율이 좋음 꿈그도 연식 오래 됐잖아 꿈그 106-5 2.6억 기본 깨끗 깔끔. 용방 303-8 2.35억 수리 다해야함 씽크대 하긴 했는데 ... 7년? 정도 거주했음 잔금 되면 편하게 다 보여주겠다 수리 된거 안 된거 비교할 수 있게 준비해드림 <부동산 평가> 여자 사장님 친절 + 일잘러 물건 브리핑 바로 나오심 <얻은 정보> 꿈에그린은 확실히 수요가 떨어진다. 용방이 좀 더 신흥과 가깝기 때문에 임차수요가 더 있는 듯
B87: 82 | C87: 케빈 | D87: 2026.04.16 | E87: 목 | F87: 용운E편한 | G87: 010-3462-1291 | J87: e편한세상대전에코포레 | K87: 2020 | L87: 2267 | M87: =year(today())-K87+1 -> 7 | N87: 117동 저층(4층) | O87: 35 | P87: 42000 | Q87: 30000 | R87: =if(and(P87 <> "", Q87 <> ""), P87-Q87, "") -> 12000 | S87: =if(and(P87 <> "", O87 <> ""), P87/O87, "") -> 1200 | T87: =if(and(Q87 <> "", P87 <> ""), Q87/P87, "") -> 0.71428571 | U87: 2026년 12월 만기 갱신권 사용 완료 전세 시세도 3억 정도 | V87: 남자 사장님 여 사장님이랑 일 같이 하시는 듯 5시 확인 중 | W87: 4층 최저가 매도 사유가 궁금스 | X87: =if(OR(U87 <>"", V87<>"", W87 <> ""), TEXTJOIN("", TRUE, J87, " ", K87, " ", L87, "^", char(10), F87, " ", G87, char(10), O87, "p ",N87, " ", P87, " / ", Q87 , " ", CHAR(10),CHAR(10), U87, CHAR(10),CHAR(10), "<부동산 평가>",CHAR(10),CHAR(10), V87, CHAR(10),CHAR(10), "<얻은 정보>", CHAR(10),CHAR(10),W87), "") -> e편한세상대전에코포레 2020 2267^ 용운E편한 010-3462-1291 35p 117동 저층(4층) 42,000 / 30,000 2026년 12월 만기 갱신권 사용 완료 전세 시세도 3억 정도 <부동산 평가> 남자 사장님 여 사장님이랑 일 같이 하시는 듯 5시 확인 중 <얻은 정보> 4층 최저가 매도 사유가 궁금스
B88: 83 | C88: 학생 | D88: 2026.04.16. | E88: 목 | F88: 용방마을 | G88: 010-7979-3620 | H88: 49 | I88: 1 | J88: 용방마을 | K88: 2003 | L88: 1350 | M88: =year(today())-K88+1 -> 24 | N88: 308동 14층 | O88: 35 | P88: 25000 | Q88: 20000 | R88: =if(and(P88 <> "", Q88 <> ""), P88-Q88, "") -> 5000 | S88: =if(and(P88 <> "", O88 <> ""), P88/O88, "") -> 714.28571 | T88: =if(and(Q88 <> "", P88 <> ""), Q88/P88, "") -> 0.8 | U88: 요새 35평 기준으로 2억이면 전세 나간다 전세 많이 본다 30평대를 더 많이 본다는 느낌보다는 305동은 대룡초를 가까이 보내고, 애들 키우는 수요가 30평대를 많이 찾는다 집주인분이 대전역 우미린 분양돼서 급하다~ 305, 306동 초등학교 가까이 302, 304동 앞에 평지 313, 314동은 천뷰 실거주자가 많아 한화꿈에그린보다 위치상으로 용방이 낫다 한화꿈그는 주변에 다가구 주택이 많아 매물들이 현재 낡아서 기본적으로 수리를 해야 전세 들어온다 | V88: 사잘님 친절 | W88: 용방마을에 투자로 들어오는 사람은 거의 없었다. 그냥 여기는 가성비 실거주로, 사는 분들이 오시는 것 같았다. 왜 살아야 하는 질문에 초등학교 가깝다는 말씀뿐! | X88: =if(OR(U88 <>"", V88<>"", W88 <> ""), TEXTJOIN("", TRUE, J88, " ", K88, " ", L88, "^", char(10), F88, " ", G88, char(10), O88, "p ",N88, " ", P88, " / ", Q88 , " ", CHAR(10),CHAR(10), U88, CHAR(10),CHAR(10), "<부동산 평가>",CHAR(10),CHAR(10), V88, CHAR(10),CHAR(10), "<얻은 정보>", CHAR(10),CHAR(10),W88), "") -> 용방마을 2003 1350^ 용방마을 010-7979-3620 35p 308동 14층 25,000 / 20,000 요새 35평 기준으로 2억이면 전세 나간다 전세 많이 본다 30평대를 더 많이 본다는 느낌보다는 305동은 대룡초를 가까이 보내고, 애들 키우는 수요가 30평대를 많이 찾는다 집주인분이 대전역 우미린 분양돼서 급하다~ 305, 306동 초등학교 가까이 302, 304동 앞에 평지 313, 314동은 천뷰 실거주자가 많아 한화꿈에그린보다 위치상으로 용방이 낫다 한화꿈그는 주변에 다가구 주택이 많아 매물들이 현재 낡아서 기본적으로 수리를 해야 전세 들어온다 <부동산 평가> 사잘님 친절 <얻은 정보> 용방마을에 투자로 들어오는 사람은 거의 없었다. 그냥 여기는 가성비 실거주로, 사는 분들이 오시는 것 같았다. 왜 살아야 하는 질문에 초등학교 가깝다는 말씀뿐!
B89: 84 | C89: 학생 | D89: 2026.04.16. | E89: 목 | F89: 새들뫼사랑 | G89: 010-3063-3670 | H89: 14 | J89: 새들뫼휴먼시아1단지 | K89: 2010 | L89: 897 | M89: =year(today())-K89+1 -> 17 | N89: 104동 22층 | O89: 34 | P89: 41000 | Q89: 27000 | R89: =if(and(P89 <> "", Q89 <> ""), P89-Q89, "") -> 14000 | S89: =if(and(P89 <> "", O89 <> ""), P89/O89, "") -> 1205.8824 | T89: =if(and(Q89 <> "", P89 <> ""), Q89/P89, "") -> 0.65853659 | U89: 요새는 34평 전세 3억도 보고 있는데 27년 이후 공급 터지면 2.6억정도 내려갈 것 같다. 전세 펜타뷰 나오긴 했는데 전세 못맞추고 있는 상황 세입자들이 신축을 원함 세입자 갱신권 쓰고 내년에 나감! 27년 공급에 걸림 로얄동이 남향은 109동, 110동 101, 102, 103, 104동 남동향 전망 국, 천변 조망 가능 A타입을 더 선호! 새들뫼는 신축은 가고 싶은데 가격이 비싸고 대전역 이용하면서 넓은 평형 같이 쓰면서 신흥초 쓰고 싶어서 새들뫼 들어온다 펜타뷰는 한밭여중,고로 보내고 싶어하는 엄마들이 선택 근데 펜타뷰보다는 새들뫼! 새들뫼가 훨씬 실거주와 전세자 많이 들어옴 도배, 장판 정도만 해도 전세 들어온다 그리고 젊으신분들은 시에를 원한다! | V89: 잔잔하게 친절 | W89: 확실히 새들뫼도 대전역 수요를 받는 것 같다. 대전역을 이용하면서 넓은 평수로 저렴한 가격에 살고 싶어하는 분들이 새들뫼를 사는 것 같다 | X89: =if(OR(U89 <>"", V89<>"", W89 <> ""), TEXTJOIN("", TRUE, J89, " ", K89, " ", L89, "^", char(10), F89, " ", G89, char(10), O89, "p ",N89, " ", P89, " / ", Q89 , " ", CHAR(10),CHAR(10), U89, CHAR(10),CHAR(10), "<부동산 평가>",CHAR(10),CHAR(10), V89, CHAR(10),CHAR(10), "<얻은 정보>", CHAR(10),CHAR(10),W89), "") -> 새들뫼휴먼시아1단지 2010 897^ 새들뫼사랑 010-3063-3670 34p 104동 22층 41,000 / 27,000 요새는 34평 전세 3억도 보고 있는데 27년 이후 공급 터지면 2.6억정도 내려갈 것 같다. 전세 펜타뷰 나오긴 했는데 전세 못맞추고 있는 상황 세입자들이 신축을 원함 세입자 갱신권 쓰고 내년에 나감! 27년 공급에 걸림 로얄동이 남향은 109동, 110동 101, 102, 103, 104동 남동향 전망 국, 천변 조망 가능 A타입을 더 선호! 새들뫼는 신축은 가고 싶은데 가격이 비싸고 대전역 이용하면서 넓은 평형 같이 쓰면서 신흥초 쓰고 싶어서 새들뫼 들어온다 펜타뷰는 한밭여중,고로 보내고 싶어하는 엄마들이 선택 근데 펜타뷰보다는 새들뫼! 새들뫼가 훨씬 실거주와 전세자 많이 들어옴 도배, 장판 정도만 해도 전세 들어온다 그리고 젊으신분들은 시에를 원한다! <부동산 평가> 잔잔하게 친절 <얻은 정보> 확실히 새들뫼도 대전역 수요를 받는 것 같다. 대전역을 이용하면서 넓은 평수로 저렴한 가격에 살고 싶어하는 분들이 새들뫼를 사는 것 같다
B90: 85 | C90: 라니 | D90: 2026.04 | F90: 부동산이즈리더스 | G90: 010-4488-2820 | M90: =year(today())-K90+1 -> 2027 | R90: =if(and(P90 <> "", Q90 <> ""), P90-Q90, "") | S90: =if(and(P90 <> "", O90 <> ""), P90/O90, "") | T90: =if(and(Q90 <> "", P90 <> ""), Q90/P90, "") | U90: 리더스4, 위드힐 위드힐은 투자가치로는 떨어진다. 회전율은 59랑 74가 좋긴하다. 여기 동네에서 84는 투자로 가져가기엔 무겁긴 하다 (아무래도 실거주가 눌러앉는 분위기) 최근 거래는 실거주 위주로 많이 이루어졌다. 호가대로 단지들이 나가고 있고 7월 되면 물건이 나올거다. 대신 잔금을 8월 1일로 맞춰야 한다. 이거 가능하냐 74는 A랑 B 있는데 선호도 차이 많이나고 A는 수납이 잘되어있어서 더 선호함. 4.8부터 시작 | V90: 사장님 솔직 매임예약 진행 | W90: 74B를 싸게 사면? | X90: =if(OR(U90 <>"", V90<>"", W90 <> ""), TEXTJOIN("", TRUE, J90, " ", K90, " ", L90, "^", char(10), F90, " ", G90, char(10), O90, "p ",N90, " ", P90, " / ", Q90 , " ", CHAR(10),CHAR(10), U90, CHAR(10),CHAR(10), "<부동산 평가>",CHAR(10),CHAR(10), V90, CHAR(10),CHAR(10), "<얻은 정보>", CHAR(10),CHAR(10),W90), "") -> ^ 부동산이즈리더스 010-4488-2820 p / 리더스4, 위드힐 위드힐은 투자가치로는 떨어진다. 회전율은 59랑 74가 좋긴하다. 여기 동네에서 84는 투자로 가져가기엔 무겁긴 하다 (아무래도 실거주가 눌러앉는 분위기) 최근 거래는 실거주 위주로 많이 이루어졌다. 호가대로 단지들이 나가고 있고 7월 되면 물건이 나올거다. 대신 잔금을 8월 1일로 맞춰야 한다. 이거 가능하냐 74는 A랑 B 있는데 선호도 차이 많이나고 A는 수납이 잘되어있어서 더 선호함. 4.8부터 시작 <부동산 평가> 사장님 솔직 매임예약 진행 <얻은 정보> 74B를 싸게 사면?
B91: 86 | C91: 로에 | D91: 46128 | E91: 목 | F91: 구성스마트공인 | G91: 010-9778-6169 | J91: 스마트뷰 | K91: 2011.12 | M91: =year(today())-K91+1 -> 15.88 | N91: 105동 12층 | P91: 36000 | Q91: 27000 | R91: =if(and(P91 <> "", Q91 <> ""), P91-Q91, "") -> 9000 | S91: =if(and(P91 <> "", O91 <> ""), P91/O91, "") | T91: =if(and(Q91 <> "", P91 <> ""), Q91/P91, "") -> 0.75 | V91: 친절, 투자자 안받으시려함. | X91: =if(OR(U91 <>"", V91<>"", W91 <> ""), TEXTJOIN("", TRUE, J91, " ", K91, " ", L91, "^", char(10), F91, " ", G91, char(10), O91, "p ",N91, " ", P91, " / ", Q91 , " ", CHAR(10),CHAR(10), U91, CHAR(10),CHAR(10), "<부동산 평가>",CHAR(10),CHAR(10), V91, CHAR(10),CHAR(10), "<얻은 정보>", CHAR(10),CHAR(10),W91), "") -> 스마트뷰 2011.12 ^ 구성스마트공인 010-9778-6169 p 105동 12층 36,000 / 27,000 <부동산 평가> 친절, 투자자 안받으시려함. <얻은 정보>
B92: 87 | C92: 로에 | D92: 46128 | E92: 목 | F92: 착한공인 | G92: 010-5421-6101 | J92: 힐스테이트 가양더와이즈 | K92: 2024.09 | M92: =year(today())-K92+1 -> 2.91 | N92: 102동 41층 | P92: 49000 | Q92: 37000 | R92: =if(and(P92 <> "", Q92 <> ""), P92-Q92, "") -> 12000 | S92: =if(and(P92 <> "", O92 <> ""), P92/O92, "") | T92: =if(and(Q92 <> "", P92 <> ""), Q92/P92, "") -> 0.75510204 | V92: 친절 | X92: =if(OR(U92 <>"", V92<>"", W92 <> ""), TEXTJOIN("", TRUE, J91, " ", K92, " ", L92, "^", char(10), F92, " ", G92, char(10), O92, "p ",N92, " ", P92, " / ", Q92 , " ", CHAR(10),CHAR(10), U92, CHAR(10),CHAR(10), "<부동산 평가>",CHAR(10),CHAR(10), V92, CHAR(10),CHAR(10), "<얻은 정보>", CHAR(10),CHAR(10),W92), "") -> 스마트뷰 2024.09 ^ 착한공인 010-5421-6101 p 102동 41층 49,000 / 37,000 <부동산 평가> 친절 <얻은 정보>
B93: 88 | C93: 그늘 | D93: 2026.4.16 | E93: 목 | F93: 성보공인중개 | G93: 010-5628-3400 | H93: 31 | I93: 1 | J93: 한화꿈에그린 | K93: 2006.01. | L93: 641 | M93: =year(today())-K93+1 -> #VALUE! | R93: =if(and(P93 <> "", Q93 <> ""), P93-Q93, "") | S93: =if(and(P93 <> "", O93 <> ""), P93/O93, "") | T93: =if(and(Q93 <> "", P93 <> ""), Q93/P93, "") | U93: (세입자컨셉) 문의한 104동 11층 2억 2천만 원짜리 전세 매물은 이미 나갔다. 현재 전세 매물이 거의 없으며, 전세 가격은 더 오를 가능성이 있다.102동의 매매 매물은 2억 5천~6천만 원대이며, 106동 2억 7천만 원짜리 매물은 조망권이 좋고 신규 아파트로 이사 가는 주인이 나가서 공실이다. 둔산동 신축으로 이사가셨다고 함. | V93: 친절하심 | W93: 아파트 단지는 초등학교와 가깝고, 버스 정류장이 정문 옆에 있으며(10-15분 간격), 대동전철역까지 10분 정도 소요된다.아파트 단지는 주공 아파트보다 소득 수준이 높은 사람들이 살고, 대형 평수가 많으며, 대흥초등학교로 보내는 학부모들이 많이 거주한다.아파트 단지는 대전역과 고속터미널과 가깝고, 편의시설이 잘 갖춰져 있으며, 20년 된 아파트지만 튼튼하게 지어졌다. 600세대수로 특정 동이 더 좋다고 말하기는 어렵다. 초등학생있으면 101동으로 오솔길이 있어 도로 건너지 않고 간다. 주민 구성은 젊은 사람60%나이든 층이40% | X93: =if(OR(U93 <>"", V93<>"", W93 <> ""), TEXTJOIN("", TRUE, J93, " ", K93, " ", L93, "^", char(10), F93, " ", G93, char(10), O93, "p ",N93, " ", P93, " / ", Q93 , " ", CHAR(10),CHAR(10), U93, CHAR(10),CHAR(10), "<부동산 평가>",CHAR(10),CHAR(10), V93, CHAR(10),CHAR(10), "<얻은 정보>", CHAR(10),CHAR(10),W93), "") -> 한화꿈에그린 2006.01. 641^ 성보공인중개 010-5628-3400 p / (세입자컨셉) 문의한 104동 11층 2억 2천만 원짜리 전세 매물은 이미 나갔다. 현재 전세 매물이 거의 없으며, 전세 가격은 더 오를 가능성이 있다.102동의 매매 매물은 2억 5천~6천만 원대이며, 106동 2억 7천만 원짜리 매물은 조망권이 좋고 신규 아파트로 이사 가는 주인이 나가서 공실이다. 둔산동 신축으로 이사가셨다고 함. <부동산 평가> 친절하심 <얻은 정보> 아파트 단지는 초등학교와 가깝고, 버스 정류장이 정문 옆에 있으며(10-15분 간격), 대동전철역까지 10분 정도 소요된다.아파트 단지는 주공 아파트보다 소득 수준이 높은 사람들이 살고, 대형 평수가 많으며, 대흥초등학교로 보내는 학부모들이 많이 거주한다.아파트 단지는 대전역과 고속터미널과 가깝고, 편의시설이 잘 갖춰져 있으며, 20년 된 아파트지만 튼튼하게 지어졌다. 600세대수로 특정 동이 더 좋다고 말하기는 어렵다. 초등학생있으면 101동으로 오솔길이 있어 도로 건너지 않고 간다. 주민 구성은 젊은 사람60%나이든 층이40%
B94: 89 | C94: 그늘 | D94: 2026.4.16 | E94: 목 | F94: 편한세상공인중개 | G94: 010-344505600 | H94: 28 | I94: 0 | J94: E편한세상에코포레 | K94: 2020.11. | L94: 2267 | M94: =year(today())-K94+1 -> #VALUE! | N94: 109/10/남서 | O94: 25 | P94: 31000 | R94: =if(and(P94 <> "", Q94 <> ""), P94-Q94, "") | S94: =if(and(P94 <> "", O94 <> ""), P94/O94, "") -> 1240 | T94: =if(and(Q94 <> "", P94 <> ""), Q94/P94, "") | U94: 주인분 거주중. 방 2개 구조. | V94: 말이 아주 빠르심. | W94: 의료원 들어오는 것에 대한 기대가 있어보임. 방이 2개 구조에 대한 비선호가 있음. 109동 3.4억(조정가능, 방3개) 있음. 25평 로얄은 114동이고 3.4억 이상부터 시작함. 뷰가 좋음. 각자의 선호 차이는 있지만 20평대가 잘 나가고 선호가 있는 편임. | X94: =if(OR(U94 <>"", V94<>"", W94 <> ""), TEXTJOIN("", TRUE, J94, " ", K94, " ", L94, "^", char(10), F94, " ", G94, char(10), O94, "p ",N94, " ", P94, " / ", Q94 , " ", CHAR(10),CHAR(10), U94, CHAR(10),CHAR(10), "<부동산 평가>",CHAR(10),CHAR(10), V94, CHAR(10),CHAR(10), "<얻은 정보>", CHAR(10),CHAR(10),W94), "") -> E편한세상에코포레 2020.11. 2267^ 편한세상공인중개 010-344505600 25p 109/10/남서 31,000 / 주인분 거주중. 방 2개 구조. <부동산 평가> 말이 아주 빠르심. <얻은 정보> 의료원 들어오는 것에 대한 기대가 있어보임. 방이 2개 구조에 대한 비선호가 있음. 109동 3.4억(조정가능, 방3개) 있음. 25평 로얄은 114동이고 3.4억 이상부터 시작함. 뷰가 좋음. 각자의 선호 차이는 있지만 20평대가 잘 나가고 선호가 있는 편임.
B95: 90 | C95: 로에 | D95: 46128 | E95: 목 | F95: 둥지공인 | G95: 010-8321-6833 | J95: 스마트뷰 | K95: 2011.12 | M95: =year(today())-K95+1 -> 15.88 | N95: 106동 고층 | P95: 33000 | Q95: 27500 | R95: =if(and(P95 <> "", Q95 <> ""), P95-Q95, "") -> 5500 | S95: =if(and(P95 <> "", O95 <> ""), P95/O95, "") | T95: =if(and(Q95 <> "", P95 <> ""), Q95/P95, "") -> 0.83333333 | V95: 친절 | X95: =if(OR(U95 <>"", V95<>"", W95 <> ""), TEXTJOIN("", TRUE, J95, " ", K95, " ", L95, "^", char(10), F95, " ", G95, char(10), O95, "p ",N95, " ", P95, " / ", Q95 , " ", CHAR(10),CHAR(10), U95, CHAR(10),CHAR(10), "<부동산 평가>",CHAR(10),CHAR(10), V95, CHAR(10),CHAR(10), "<얻은 정보>", CHAR(10),CHAR(10),W95), "") -> 스마트뷰 2011.12 ^ 둥지공인 010-8321-6833 p 106동 고층 33,000 / 27,500 <부동산 평가> 친절 <얻은 정보>
B96: 91 | C96: 굿데이 | D96: 2026.4.17 | E96: 금 | F96: OK한숲공인 | G96: 010-2334-6244 | H96: 44 | I96: 1 | J96: 한숲 | K96: 1999.08 | L96: 1036 | M96: =year(today())-K96+1 -> 27.92 | N96: 115동 9층 | O96: 32 | P96: 33000 | Q96: 21000 | R96: =if(and(P96 <> "", Q96 <> ""), P96-Q96, "") -> 12000 | S96: =if(and(P96 <> "", O96 <> ""), P96/O96, "") -> 1031.25 | T96: =if(and(Q96 <> "", P96 <> ""), Q96/P96, "") -> 0.63636364 | U96: -단지: 용전동 한숲 ­-부동산: OK한숲공인 / 친절 하시고 잘 아심 -매매가 31평: 2.8~3.5억 / 남향은 3.3억 부터, 이하 가격은 다 동향 - 전세가 2.1억 가능 / 지금 2.2억 하나 있음 (매물이 오래전 수리 한건데도 전세 없어서 가능) - 31평에서 남향이 2동 (109, 115동) 밖에 없어서 귀함 - 로얄동: 110~113동 - 용전초 초코아, 단지 내 학원, 생활상권 있어서 편리 - 아이들 교육 시키고 싶으면 둔산동 많이 이사가고, 대덕구 송천동 쪽으로 간다고 함 - 누가사나요? 한남대 교직원, 학생들, 터미널 생기면서 관련 업종자들 (CJ지사, 네슬레 지점, 이마트 근무자, 교회가 많아서 교회 목사님들 사택, IC 가까워서 화물 하시는 분들) | V96: 친절도 보통 매물에 대해 잘 아심 | X96: =if(OR(U96 <>"", V96<>"", W96 <> ""), TEXTJOIN("", TRUE, J96, " ", K96, " ", L96, "^", char(10), F96, " ", G96, char(10), O96, "p ",N96, " ", P96, " / ", Q96 , " ", CHAR(10),CHAR(10), U96, CHAR(10),CHAR(10), "<부동산 평가>",CHAR(10),CHAR(10), V96, CHAR(10),CHAR(10), "<얻은 정보>", CHAR(10),CHAR(10),W96), "") -> 한숲 1999.08 1036^ OK한숲공인 010-2334-6244 32p 115동 9층 33,000 / 21,000 -단지: 용전동 한숲 ­-부동산: OK한숲공인 / 친절 하시고 잘 아심 -매매가 31평: 2.8~3.5억 / 남향은 3.3억 부터, 이하 가격은 다 동향 - 전세가 2.1억 가능 / 지금 2.2억 하나 있음 (매물이 오래전 수리 한건데도 전세 없어서 가능) - 31평에서 남향이 2동 (109, 115동) 밖에 없어서 귀함 - 로얄동: 110~113동 - 용전초 초코아, 단지 내 학원, 생활상권 있어서 편리 - 아이들 교육 시키고 싶으면 둔산동 많이 이사가고, 대덕구 송천동 쪽으로 간다고 함 - 누가사나요? 한남대 교직원, 학생들, 터미널 생기면서 관련 업종자들 (CJ지사, 네슬레 지점, 이마트 근무자, 교회가 많아서 교회 목사님들 사택, IC 가까워서 화물 하시는 분들) <부동산 평가> 친절도 보통 매물에 대해 잘 아심 <얻은 정보>
B97: 92 | C97: 가히 | D97: 46132 | E97: 월 | F97: 위드힐 탑 공인중개사사무소 | G97: 042-282-3349 | H97: 130 | I97: 3 | J97: 효동현대 현대(인동) | K97: 1998.09 1987.06 | L97: 1056 728 | M97: =year(today())-K97+1 -> #VALUE! | N97: 효동현대 107동15층 현대 109동고층 | O97: 32평 (방3화2) 31평 (방3화1) | P97: 25000 25500 | R97: =if(and(P97 <> "", Q97 <> ""), P97-Q97, "") | S97: =if(and(P97 <> "", O97 <> ""), P97/O97, "") -> #VALUE! | T97: =if(and(Q97 <> "", P97 <> ""), Q97/P97, "") | U97: 매물에 대해 잘 모르심 - 매물 엄청 많이 가지고 계신데, 살펴보니 아파트 뿐만 아니라 빌라, 다가구, 주택, 상가까지 이것저것 다 하시는 ... - 파트너로선 별로다 - 네부에는 위드힐탑공인으로, 전화하면 천동리더스시티 탑공인으로 뜸 (업체명 변경하신듯) 현대 109동 고층 남향 - 10층 물건 / 샷시 포함 올수리, 5년 전 수리 - 109동이 맨 앞동, RR - 효동현대와 마주보고 있는 쪽을 앞동이라 칭한다 | V97: 매물 잘 모름 ★거르기★ | X97: =if(OR(U97 <>"", V97<>"", W97 <> ""), TEXTJOIN("", TRUE, J97, " ", K97, " ", L97, "^", char(10), F97, " ", G97, char(10), O97, "p ",N97, " ", P97, " / ", Q97 , " ", CHAR(10),CHAR(10), U97, CHAR(10),CHAR(10), "<부동산 평가>",CHAR(10),CHAR(10), V97, CHAR(10),CHAR(10), "<얻은 정보>", CHAR(10),CHAR(10),W97), "") -> 효동현대 현대(인동) 1998.09 1987.06 1056 728^ 위드힐 탑 공인중개사사무소 042-282-3349 32평 (방3화2) 31평 (방3화1)p 효동현대 107동15층 현대 109동고층 25000 25500 / 매물에 대해 잘 모르심 - 매물 엄청 많이 가지고 계신데, 살펴보니 아파트 뿐만 아니라 빌라, 다가구, 주택, 상가까지 이것저것 다 하시는 ... - 파트너로선 별로다 - 네부에는 위드힐탑공인으로, 전화하면 천동리더스시티 탑공인으로 뜸 (업체명 변경하신듯) 현대 109동 고층 남향 - 10층 물건 / 샷시 포함 올수리, 5년 전 수리 - 109동이 맨 앞동, RR - 효동현대와 마주보고 있는 쪽을 앞동이라 칭한다 <부동산 평가> 매물 잘 모름 ★거르기★ <얻은 정보>
B98: 93 | C98: 가히 | D98: 46132 | E98: 월 | F98: 서울공인중개사사무소 | G98: 010-5451-9304 | H98: 47 | I98: 1 | J98: 효동현대 | K98: 1998.09 | L98: 1056 | M98: =year(today())-K98+1 -> 28.91 | N98: 107동 15층 | O98: 32 | P98: 25000 | Q98: 19000 | R98: =if(and(P98 <> "", Q98 <> ""), P98-Q98, "") -> 6000 | S98: =if(and(P98 <> "", O98 <> ""), P98/O98, "") -> 781.25 | T98: =if(and(Q98 <> "", P98 <> ""), Q98/P98, "") -> 0.76 | U98: [매물 정보] - 107동 15층 (2.55) : 기본집 / 수리안된 상태로 전세 1.9~2.0 정도에 뺄 수 있음, 도배는 해줘야함 [다른 물건 추천] - 107동 저/25층 (3층/ 2.57) : 싱크대/화장실 수리 - 104동 고/16층 (12층/ 2.80) : 올수리, RR / 2.7까지 가능할 듯, 현재 월세입자 거주중 (26.07.02 만기), 갱신 안썼지만 매도 되면 나간다고. >> 수리된거는 전세 2.0에서 잘하면 2.2까지도 가능 | V98: 남부사님 매물 상태/ 매도자 상황 잘알, 친절 차분 인상도 귀엽, 말투도 귀여우심 | W98: 87년식 인동현대 : 작년에 안전진단 받았는데 너무 튼튼하다고 불합격 받았다함ㅋㅋㅋㅋ [인동현대 vs 효동현대] - 인동 : 지하주차장 없음, 화장실 1개 - 효동 : 지하주차장 B2까지, 화장실 2개 | X98: =if(OR(U98 <>"", V98<>"", W98 <> ""), TEXTJOIN("", TRUE, J98, " ", K98, " ", L98, "^", char(10), F98, " ", G98, char(10), O98, "p ",N98, " ", P98, " / ", Q98 , " ", CHAR(10),CHAR(10), U98, CHAR(10),CHAR(10), "<부동산 평가>",CHAR(10),CHAR(10), V98, CHAR(10),CHAR(10), "<얻은 정보>", CHAR(10),CHAR(10),W98), "") -> 효동현대 1998.09 1056^ 서울공인중개사사무소 010-5451-9304 32p 107동 15층 25,000 / 19,000 [매물 정보] - 107동 15층 (2.55) : 기본집 / 수리안된 상태로 전세 1.9~2.0 정도에 뺄 수 있음, 도배는 해줘야함 [다른 물건 추천] - 107동 저/25층 (3층/ 2.57) : 싱크대/화장실 수리 - 104동 고/16층 (12층/ 2.80) : 올수리, RR / 2.7까지 가능할 듯, 현재 월세입자 거주중 (26.07.02 만기), 갱신 안썼지만 매도 되면 나간다고. >> 수리된거는 전세 2.0에서 잘하면 2.2까지도 가능 <부동산 평가> 남부사님 매물 상태/ 매도자 상황 잘알, 친절 차분 인상도 귀엽, 말투도 귀여우심 <얻은 정보> 87년식 인동현대 : 작년에 안전진단 받았는데 너무 튼튼하다고 불합격 받았다함ㅋㅋㅋㅋ [인동현대 vs 효동현대] - 인동 : 지하주차장 없음, 화장실 1개 - 효동 : 지하주차장 B2까지, 화장실 2개
B99: 94 | C99: 케빈 | D99: 46132 | E99: 월 | F99: 뉴중앙 | G99: 010-2402-5123 | J99: 청룡 | K99: 1979 | L99: 425 | M99: =year(today())-K99+1 -> 48 | N99: 10동 3층 | O99: 20 | P99: 13000 | Q99: 7000 | R99: =if(and(P99 <> "", Q99 <> ""), P99-Q99, "") -> 6000 | S99: =if(and(P99 <> "", O99 <> ""), P99/O99, "") -> 650 | T99: =if(and(Q99 <> "", P99 <> ""), Q99/P99, "") -> 0.53846154 | U99: 곧 있으면 관처날 듯 하다 가격은 나쁘지 않다 조합원 기준 평당 1550 예상 중 그렇게 계산해보면 된다 분담금 | V99: 남자 부사님 귀찮아 하심 그래도 친절하지만 의욕이 없으신 편 | W99: 재건축 전임 어렵다 | X99: =if(OR(U99 <>"", V99<>"", W99 <> ""), TEXTJOIN("", TRUE, J99, " ", K99, " ", L99, "^", char(10), F99, " ", G99, char(10), O99, "p ",N99, " ", P99, " / ", Q99 , " ", CHAR(10),CHAR(10), U99, CHAR(10),CHAR(10), "<부동산 평가>",CHAR(10),CHAR(10), V99, CHAR(10),CHAR(10), "<얻은 정보>", CHAR(10),CHAR(10),W99), "") -> 청룡 1979 425^ 뉴중앙 010-2402-5123 20p 10동 3층 13,000 / 7,000 곧 있으면 관처날 듯 하다 가격은 나쁘지 않다 조합원 기준 평당 1550 예상 중 그렇게 계산해보면 된다 분담금 <부동산 평가> 남자 부사님 귀찮아 하심 그래도 친절하지만 의욕이 없으신 편 <얻은 정보> 재건축 전임 어렵다
B100: 95 | C100: 라니 | D100: 46132 | E100: 월 | F100: 엘지공인 | G100: 010-5450-3301 | J100: 한밭자이 | M100: =year(today())-K100+1 -> 2027 | N100: 104동 25층 | P100: 35000 | Q100: 28000 | R100: =if(and(P100 <> "", Q100 <> ""), P100-Q100, "") -> 7000 | S100: =if(and(P100 <> "", O100 <> ""), P100/O100, "") | T100: =if(and(Q100 <> "", P100 <> ""), Q100/P100, "") -> 0.8 | U100: 이정도 가격차면 84하는게 낫다. 문의준물건은 3억에 세 2억/월세껴저있다. 나와있는 물건 중에서 집상태 괜찮은건 3.5-3.6 정도이다. 104동 25층 3.5 정도가 층수도 괜찮고 가격도 괜찮아보인다. 바닥 폴리싱타일 마감해놨다. | V100: 이 동네에 일잘러 부사님은 없는가 다른데 다시전화해보자 | W100: 전세 2.8이면 새들뫼 3억보다는 좀 떨어진다.. 집 잘 짓고 자이라서 짱짱한건 알겠는데 이젠 저물어가는듯 | X100: =if(OR(U100 <>"", V100<>"", W100 <> ""), TEXTJOIN("", TRUE, J100, " ", K100, " ", L100, "^", char(10), F100, " ", G100, char(10), O100, "p ",N100, " ", P100, " / ", Q100 , " ", CHAR(10),CHAR(10), U100, CHAR(10),CHAR(10), "<부동산 평가>",CHAR(10),CHAR(10), V100, CHAR(10),CHAR(10), "<얻은 정보>", CHAR(10),CHAR(10),W100), "") -> 한밭자이 ^ 엘지공인 010-5450-3301 p 104동 25층 35,000 / 28,000 이정도 가격차면 84하는게 낫다. 문의준물건은 3억에 세 2억/월세껴저있다. 나와있는 물건 중에서 집상태 괜찮은건 3.5-3.6 정도이다. 104동 25층 3.5 정도가 층수도 괜찮고 가격도 괜찮아보인다. 바닥 폴리싱타일 마감해놨다. <부동산 평가> 이 동네에 일잘러 부사님은 없는가 다른데 다시전화해보자 <얻은 정보> 전세 2.8이면 새들뫼 3억보다는 좀 떨어진다.. 집 잘 짓고 자이라서 짱짱한건 알겠는데 이젠 저물어가는듯
...

Sheet Step3-2. 우리들의 단지분석
B1: ▶함께쓰는 우리들의 단지분석 단지 물건의 상태,날짜는 전임시트에 적고 단지의 선호요인,특징, 가치만 기재해주세요! | D1: 단지 수 | E1: 52 | F1: 분석 완료 | G1: 0 | H1: 남은 단지 | I1: =E1-G1 -> 52 | J1: 단지분석 진행률 | L1: =G1/E1 -> 0 | O1: 전화임장내용 / 매물임장 내용 (RR, 생활권 선호도 등의 단지분석에 들어갈만 한 내용) | S1: 예시 : 107동이 로얄동, 뒷동도 15층 이상이 되면 한강뷰가 나온다. 아이 초등하교 배정때문에 이사를 오는 단지. 00초등학교를 특히 좋아함.
B2: 동 | C2: 단지 | D2: 연식 | E2: 나이 | F2: 전체 세대수 | G2: 타입 | H2: 공급 면적 | I2: 면적 세대수 | J2: 평형 | K2: 전용 면적 | L2: 계/복 | M2: 방 | N2: 화 | O2: 가히 | P2: 굿데이 | Q2: 케빈 | R2: 라니 | S2: MZ | T2: 그늘 | U2: 학생 | V2: 아르떼 | W2: 로에
B3: 가양동 | C3: 고운하이플러스 | D3: 2023.05 | E3: 4 | F3: 430 | G3: 73 | H3: 73 | I3: 42 | J3: 22 | K3: 53 | L3: 계단식 | M3: 2 | N3: 2 | O3: 32평은 101동 빼고는 다 괜찮. (101동 3호 라인 조망 막힘) 24평은 매물간 가격 경쟁 있는 편
B4: 가양동 | D4: 2023.05 | E4: 4 | F4: 430 | G4: 81 | H4: 81 | I4: 281 | J4: 25 | K4: 59 | L4: 계단식 | M4: 3 | N4: 2
B5: 가양동 | D5: 2023.05 | E5: 4 | F5: 430 | G5: 107 | H5: 107 | I5: 100 | J5: 32 | K5: 79 | L5: 계단식 | M5: 3 | N5: 2
B6: 가양동 | D6: 2023.05 | E6: 4 | F6: 430 | G6: 117C, 118B, 119A | H6: 117 | I6: 5 | J6: 35 | K6: 84 | L6: 계단식 | M6: 3 | N6: 2
B7: 가양동 | D7: 2023.05 | E7: 4 | F7: 430 | G7: 160 | H7: 160 | I7: 2 | J7: 48 | K7: 114 | L7: 계단식 | M7: 3 | N7: 2
B8: 가양동 | C8: 대주파크빌 | D8: 2006.01 | E8: 21 | F8: 670 | G8: 82B, 82A | H8: 82 | I8: 196 | J8: 25 | K8: 63 | L8: 계단식 | M8: 3 | N8: 2
B9: 가양동 | D9: 2006.01 | E9: 21 | F9: 670 | G9: 102C, 102A, 102B | H9: 102 | I9: 308 | J9: 31 | K9: 81 | L9: 계단식 | M9: 3 | N9: 2
B10: 가양동 | D10: 2006.01 | E10: 21 | F10: 670 | G10: 108A, 108B | H10: 108 | I10: 166 | J10: 33 | K10: 84 | L10: 계단식 | M10: 3 | N10: 2
B11: 가양동 | C11: 아침LH | D11: 2011.08 | E11: 16 | F11: 1025 | G11: 99A, 99B-1, 99B-2 | H11: 99 | I11: 55 | J11: 30 | K11: 74 | L11: 계단식 | M11: 3 | N11: 2 | W11: 안방 베란다 넓은 구조, 아침 LH는 모두 확장함, 지하주차장 1층, 114동 1-2라인, 116동 인기동 (뻥뷰, 앞동), 어르신들은 체육관 등 커뮤니티 가까운 앞동 선호
B12: 가양동 | D12: 2011.08 | E12: 16 | F12: 1025 | G12: 112A-3, 112A-1, 112A-2, 112C-2, 112A-4, 112B, 112C-1 | H12: 112 | I12: 868 | J12: 34 | K12: 84 | L12: 계단식 | M12: 3 | N12: 2
B13: 가양동 | D13: 2011.08 | E13: 16 | F13: 1025 | G13: 154A-2, 154B-2, 154A-1, 154B-1 | H13: 154 | I13: 102 | J13: 47 | K13: 118 | L13: 계단식 | M13: 4 | N13: 2
B14: 가양동 | C14: 힐스테이트가양더와이즈(주상복합) | D14: 2024.09 | E14: 3 | F14: 358 | G14: 113A, 113B | H14: 113 | I14: 156 | J14: 34 | K14: 84 | L14: 계단식 | M14: 3 | N14: 2 | W14: B타입보다 A타입 선호, 가격차이는 크게 없지만 A타입이 먼저 나감.
B15: 가양동 | D15: 2024.09 | E15: 3 | F15: 358 | G15: 141A, 142B | H15: 141 | I15: 115 | J15: 43 | K15: 105 | L15: 계단식 | M15: 3 | N15: 2
B16: 가양동 | D16: 2024.09 | E16: 3 | F16: 358 | G16: 146 | H16: 146 | I16: 85 | J16: 44 | K16: 108 | L16: 계단식 | M16: 4 | N16: 2
B17: 가양동 | D17: 2024.09 | E17: 3 | F17: 358 | G17: 210 | H17: 210 | I17: 2 | J17: 64 | K17: 155 | L17: 계단식 | M17: 3 | N17: 3
B18: 가오동 | C18: 은어송1단지풍림아이원 | D18: 2007.06 | E18: 20 | F18: 664 | G18: 109B, 110A, 114 | H18: 109 | I18: 664 | J18: 33 | K18: 84 | L18: 계단식 | M18: 3 | N18: 2 | T18: 7동 가장 선호동 막힘없는1동 3동 4동 5동 식장산 조망되는 동이 로얄. A구조 선호도 높음.
B19: 가오동 | C19: 은어송3단지아이파크 | D19: 2006.07 | E19: 21 | F19: 696 | G19: 119A, 121B | H19: 119 | I19: 414 | J19: 36 | K19: 84 | L19: 계단식 | M19: 3 | N19: 2
B20: 가오동 | D20: 2006.07 | E20: 21 | F20: 696 | G20: 140, 143 | H20: 140 | I20: 219 | J20: 42 | K20: 101 | L20: 계단식 | M20: 3 | N20: 2
B21: 가오동 | D21: 2006.07 | E21: 21 | F21: 696 | G21: 169 | H21: 169 | I21: 63 | J21: 51 | K21: 131 | L21: 계단식 | M21: 4 | N21: 2
B22: 가오동 | C22: 은어송5단지우미린 | D22: 2007.01 | E22: 20 | F22: 653 | G22: 89A, 89B, 95 | H22: 89 | I22: 653 | J22: 27 | K22: 59 | L22: 계단식 | M22: 3 | N22: 2
B23: 가오동 | C23: 은어송6단지풍림아이원 | D23: 2007.1 | E23: 20 | F23: 451 | G23: 114B, 114C, 115A | H23: 114 | I23: 451 | J23: 35 | K23: 84 | L23: 계단식 | M23: 3 | N23: 2
B24: 가오동 | C24: 주공(210) | D24: 1985.1 | E24: 42 | F24: 460 | G24: 47 | H24: 47 | I24: 27 | J24: 14 | K24: 42 | L24: 계단식 | M24: 2 | N24: 1
B25: 가오동 | D25: 1985.1 | E25: 42 | F25: 460 | G25: 54 | H25: 54 | I25: 203 | J25: 16 | K25: 49 | L25: 계단식 | M25: 2 | N25: 1
B26: 가오동 | D26: 1985.1 | E26: 42 | F26: 460 | G26: 63 | H26: 63 | I26: 1 | J26: 19 | K26: 57 | L26: 계단식 | M26: 2 | N26: 1
B27: 가오동 | D27: 1985.1 | E27: 42 | F27: 460 | G27: 65 | H27: 65 | I27: 229 | J27: 20 | K27: 59 | L27: 계단식 | M27: 3 | N27: 1
B28: 대성동 | C28: 은어송2단지코오롱하늘채 | D28: 2007.02 | E28: 20 | F28: 1241 | G28: 118C, 118A, 118B | H28: 118 | I28: 701 | J28: 36 | K28: 84 | L28: 계단식 | M28: 3 | N28: 2 | V28: A형, C형 있는데 A형 좋아함. | W28: 신혼부부 수요 거의 없음.
B29: 대성동 | D29: 2007.02 | E29: 20 | F29: 1241 | G29: 135 | H29: 135 | I29: 420 | J29: 41 | K29: 102 | L29: 계단식 | M29: 4 | N29: 2
B30: 대성동 | D30: 2007.02 | E30: 20 | F30: 1241 | G30: 155 | H30: 155 | I30: 120 | J30: 47 | K30: 121 | L30: 계단식 | M30: 4 | N30: 2
B31: 대성동 | C31: 은어송코오롱하늘채2차 | D31: 2016.09 | E31: 11 | F31: 408 | G31: 61 | H31: 61 | I31: 36 | J31: 18 | K31: 38 | L31: 계단식 | M31: 3 | N31: 2 | Q31: 103동 5-6호라인 선호 (117A타입 4베이) | T31: A형이 귀한 인기구조 이유는 4BAY라서, 하지만 조금 좁아보이는 경향이 있어 그건 와서 봐야 안다. 그리고 101,102동 상가쪽이 로얄동. 들어올 때 드레스룸 옵션이 있어서 드레스룸+방/방크게 두 스타일이있음. 각자 선호도 다름. | V31: 102동 선호 101동은 도로인접해서 소음 싫어하시는듯
B32: 대성동 | D32: 2016.09 | E32: 11 | F32: 408 | G32: 90 | H32: 90 | I32: 68 | J32: 27 | K32: 59 | L32: 계단식 | M32: 3 | N32: 2
B33: 대성동 | D33: 2016.09 | E33: 11 | F33: 408 | G33: 98B, 99A | H33: 98 | I33: 70 | J33: 30 | K33: 70 | L33: 계단식 | M33: 3 | N33: 2
B34: 대성동 | D34: 2016.09 | E34: 11 | F34: 408 | G34: 115B, 117A | H34: 115 | I34: 234 | J34: 35 | K34: 84 | L34: 계단식 | M34: 3 | N34: 2
B35: 대성동 | C35: 은어송하늘채리버뷰 | D35: 2024.07 | E35: 3 | F35: 934 | G35: 78A | H35: 78 | I35: 122 | J35: 24 | K35: 59 | L35: 계단식 | M35: 3 | N35: 2 | W35: 상권 접근성이 좋은 101~104동 선호,107-108동은 너무 끝이라 선호하지는 않음.
B36: 대성동 | D36: 2024.07 | E36: 3 | F36: 934 | G36: 99A | H36: 99 | I36: 30 | J36: 30 | K36: 76 | L36: 계단식 | M36: 3 | N36: 2
B37: 대성동 | D37: 2024.07 | E37: 3 | F37: 934 | G37: 109A, 109AT, 110B, 110BT, 111C | H37: 109 | I37: 782 | J37: 33 | K37: 84 | L37: 계단식 | M37: 3 | N37: 2
B38: 낭월동 | C38: 남대전e편한세상 | D38: 2011.09 | E38: 16 | F38: 713 | G38: 111A1, 111B1, 112A2, 112B2 | H38: 111 | I38: 488 | J38: 34 | K38: 84 | L38: 계단식 | M38: 3 | N38: 2
B39: 낭월동 | D39: 2011.09 | E39: 16 | F39: 713 | G39: 128 | H39: 128 | I39: 140 | J39: 39 | K39: 101 | L39: 계단식 | M39: 3 | N39: 2
B40: 낭월동 | D40: 2011.09 | E40: 16 | F40: 713 | G40: 139 | H40: 139 | I40: 9 | J40: 42 | K40: 105 | L40: 계단식 | M40: 4 | N40: 2
B41: 낭월동 | D41: 2011.09 | E41: 16 | F41: 713 | G41: 153 | H41: 153 | I41: 76 | J41: 46 | K41: 122 | L41: 계단식 | M41: 4 | N41: 2
B42: 낭월동 | C42: 오투그란데 | D42: 2008.08 | E42: 19 | F42: 877 | G42: 113, 115, 118 | H42: 113 | I42: 753 | J42: 34 | K42: 84 | L42: 계단식 | M42: 3 | N42: 2 | R42: 편의시설은 E편한에있는데 투자 소액으로 하려면 전세 회전율 때문에 오투그란데도 괜찮다. RR 110,111 뻥뷰
B43: 낭월동 | D43: 2008.08 | E43: 19 | F43: 877 | G43: 143 | H43: 143 | I43: 124 | J43: 43 | K43: 110 | L43: 계단식 | M43: 4 | N43: 2
B45: 신흥동 | C45: 신흥SK뷰 | D45: 2022.04 | E45: 5 | F45: 1588 | G45: 53 | H45: 53 | I45: 68 | J45: 16 | K45: 39 | L45: 계단식 | M45: 2 | N45: 1 | Q45: 천뷰 호가 6.0 RR 107-110 (보문산,천뷰 4층이어도 괜찮음) | T45: 20평대 선호도 높음 신혼부부 조합원 세대와 일반분양 세대가 있는데 조합원 선호가 있고, 109동이 제일 로얄동, 다음 109동이 좋고, 108, 109동은 남서향, 101동도 조합원동으로 남동향 6,7,8동이 학교가까워 좋아함. SK뷰는 다 지하주차장으로다님. 현전세가-59: 2.8억/75 3.2억/ 84: 3.5버겁다. (신흥SK사장님 굉장히 보수적이신 듯, 협조어려워보임) 101동106동이 30평 뷰가 나옴, 단지엽으로 육아지원센터생길거라고 하심 조합원동에 가전,엔지니어링스톤, 화장실타일 등 이점이 많았음. A타입이 훨~~씬 좋음
B46: 신흥동 | D46: 2022.04 | E46: 5 | F46: 1588 | G46: 68 | H46: 68 | I46: 21 | J46: 21 | K46: 51 | L46: 계단식 | M46: 2 | N46: 1
B47: 신흥동 | D47: 2022.04 | E47: 5 | F47: 1588 | G47: 80A, 81B | H47: 80 | I47: 808 | J47: 24 | K47: 59 | L47: 계단식 | M47: 3 | N47: 2
B48: 신흥동 | D48: 2022.04 | E48: 5 | F48: 1588 | G48: 100 | H48: 100 | I48: 297 | J48: 30 | K48: 74 | L48: 계단식 | M48: 3 | N48: 2
B49: 신흥동 | D49: 2022.04 | E49: 5 | F49: 1588 | G49: 113 | H49: 113 | I49: 394 | J49: 34 | K49: 84 | L49: 계단식 | M49: 3 | N49: 2
B50: 대동 | C50: 새들뫼휴먼시아1단지 | D50: 2010.1 | E50: 17 | F50: 897 | G50: 99, 99- | H50: 99, | I50: 25 | J50: #VALUE! | K50: 74 | L50: 계단식 | M50: 3 | N50: 2 | O50: 새들뫼 선호 이유 : 대동역 더블역세권 호재 기대, 대동역 3분컷 & 평수 넓게 잘빠짐 & 어진보다 괜찮은 연식 & 인식/선호도 높음 로얄동이 남향 109동 110동 / 101, 102, 103, 104동 남동향 전망 굿, 천변 조망 가능 / A타입을 더 선호 | T50: 30평은 106동 25세대만 있어서 실거주로 매매는 거의 나오지 않는다. 34평 타입은 거의 비슷하고 D타입만 주방으로 많이 들어가서 비선호. 102동 1234라인만 비확장이고 전체 나머지 확장 | U50: 로얄동이 남향 109동 110동 신축은 가고 싶은데 가격이 비싸고 대전역 이용하면서 넓은 평형 같이 쓰면서 신흥초 쓰고 싶어서 새들뫼 들어온다 101, 102, 103, 104동 남동향 전망 굿, 천변 조망 가능 A타입을 더 선호!
B51: 대동 | D51: 2010.1 | E51: 17 | F51: 897 | G51: 112E, 112C, 112C-, 113A, 113D, 113B, 113B-, 113A- | H51: 112 | I51: 788 | J51: 34 | K51: 84 | L51: 계단식 | M51: 3 | N51: 2
B52: 대동 | D52: 2010.1 | E52: 17 | F52: 897 | G52: 157, 157- | H52: 157 | I52: 84 | J52: 48 | K52: 118 | L52: 계단식 | M52: 4 | N52: 2
