Workbook

Sheet 임장지
B1: 상 | C1: 중
B2: 하
A3: 84 | B3: 선호도 | D3: 단지정보 (30평) | L3: 투자결과
B4: 생활권 | C4: 생활권 내 | D4: 단지명 | E4: 시기(년) | F4: 전세가율 80%이상인 기간 | G4: 평형 | H4: 매매가 | I4: 전세가 | J4: 전세가율 | K4: 투자금 | L4: 시기(년) | M4: 매매가 | N4: 수익금 | O4: 상승율 | P4: 수익율
A5: 생활권 | J5: =I5/H5 | K5: =H5-I5 | N5: =M5-H5 | O5: =1+(M5-H5)/H5 | P5: =N5/K5 | R5: 나만의 인싸이트 | Z5: 감사합니다 튜터님 ㅎㅎㅎ 정리하자면
A6: 생활권 | J6: =I6/H6 | K6: =H6-I6 | N6: =M6-H6 | O6: =1+(M6-H6)/H6 | P6: =N6/K6 | Z6: 1. 생활권 별 / 선호도 별 단지 추출 (상중하)
A7: 생활권 | J7: =I7/H7 | K7: =H7-I7 | N7: =M7-H7 | O7: =1+(M7-H7)/H7 | P7: =N7/K7 | Z7: 2. 각 단지들 투자하기 좋았던 시기 기록 (전세가율 80% 이상인 시기, 투자기회를 얼마나 주었는가?)
A8: 생활권 | J8: =I8/H8 | K8: =H8-I8 | N8: =M8-H8 | O8: =1+(M8-H8)/H8 | P8: =N8/K8 | Z8: 3. 그 단지들 전고점 시기 기록
A9: 생활권 | J9: =I9/H9 | K9: =H9-I9 | N9: =M9-H9 | O9: =1+(M9-H9)/H9 | P9: =N9/K9 | Z9: 4. [2번 시기]에 투자했을 때 [3번 시기] 기준 수익률 분석
A10: 생활권 | J10: =I10/H10 | K10: =H10-I10 | N10: =M10-H10 | O10: =1+(M10-H10)/H10 | P10: =N10/K10
A11: 생활권 | J11: =I11/H11 | K11: =H11-I11 | N11: =M11-H11 | O11: =1+(M11-H11)/H11 | P11: =N11/K11 | Z11: 선명한 앞마당을 만들어 줄 '찐' 수익률분석 [나알이]
A12: 생활권 | J12: =I12/H12 | K12: =H12-I12 | N12: =M12-H12 | O12: =1+(M12-H12)/H12 | P12: =N12/K12 | R12: 결론 | Z12: https://weolbu.com/s/MhxRTz9ZpG
A13: 생활권 | J13: =I13/H13 | K13: =H13-I13 | N13: =M13-H13 | O13: =1+(M13-H13)/H13 | P13: =N13/K13
A14: 생활권 | J14: =I14/H14 | K14: =H14-I14 | N14: =M14-H14 | O14: =1+(M14-H14)/H14 | P14: =N14/K14
A15: 생활권 | J15: =I15/H15 | K15: =H15-I15 | N15: =M15-H15 | O15: =1+(M15-H15)/H15 | P15: =N15/K15
A16: 생활권 | J16: =I16/H16 | K16: =H16-I16 | N16: =M16-H16 | O16: =1+(M16-H16)/H16 | P16: =N16/K16
A17: 생활권 | J17: =I17/H17 | K17: =H17-I17 | N17: =M17-H17 | O17: =1+(M17-H17)/H17 | P17: =N17/K17
A18: 생활권 | J18: =I18/H18 | K18: =H18-I18 | N18: =M18-H18 | O18: =1+(M18-H18)/H18 | P18: =N18/K18
A19: 생활권 | J19: =I19/H19 | K19: =H19-I19 | N19: =M19-H19 | O19: =1+(M19-H19)/H19 | P19: =N19/K19 | R19: 투자적용 및 질문
A20: 생활권 | J20: =I20/H20 | K20: =H20-I20 | N20: =M20-H20 | O20: =1+(M20-H20)/H20 | P20: =N20/K20
A21: 생활권 | J21: =I21/H21 | K21: =H21-I21 | N21: =M21-H21 | O21: =1+(M21-H21)/H21 | P21: =N21/K21
A22: 생활권 | J22: =I22/H22 | K22: =H22-I22 | N22: =M22-H22 | O22: =1+(M22-H22)/H22 | P22: =N22/K22
A23: 생활권 | J23: =I23/H23 | K23: =H23-I23 | N23: =M23-H23 | O23: =1+(M23-H23)/H23 | P23: =N23/K23
A24: 59 | B24: 선호도 | D24: 단지정보 (20평) | L24: 투자결과
B25: 생활권 | C25: 생활권 내 | D25: 단지명 | E25: 시기(년) | F25: 전세가율 80%이상인 기간 | G25: 평형 | H25: 매매가 | I25: 전세가 | J25: 전세가율 | K25: 투자금 | L25: 시기(년) | M25: 매매가 | N25: 수익금 | O25: 상승율 | P25: 수익율
A26: 생활권 | J26: =I26/H26 | K26: =H26-I26 | N26: =M26-H26 | O26: =1+(M26-H26)/H26 | P26: =N26/K26
A27: 생활권 | J27: =I27/H27 | K27: =H27-I27 | N27: =M27-H27 | O27: =1+(M27-H27)/H27 | P27: =N27/K27
A28: 생활권 | J28: =I28/H28 | K28: =H28-I28 | N28: =M28-H28 | O28: =1+(M28-H28)/H28 | P28: =N28/K28
A29: 생활권 | J29: =I29/H29 | K29: =H29-I29 | N29: =M29-H29 | O29: =1+(M29-H29)/H29 | P29: =N29/K29
A30: 생활권 | J30: =I30/H30 | K30: =H30-I30 | N30: =M30-H30 | O30: =1+(M30-H30)/H30 | P30: =N30/K30
A31: 생활권 | J31: =I31/H31 | K31: =H31-I31 | N31: =M31-H31 | O31: =1+(M31-H31)/H31 | P31: =N31/K31
A32: 생활권 | J32: =I32/H32 | K32: =H32-I32 | N32: =M32-H32 | O32: =1+(M32-H32)/H32 | P32: =N32/K32
A33: 생활권 | J33: =I33/H33 | K33: =H33-I33 | N33: =M33-H33 | O33: =1+(M33-H33)/H33 | P33: =N33/K33
A34: 생활권 | J34: =I34/H34 | K34: =H34-I34 | N34: =M34-H34 | O34: =1+(M34-H34)/H34 | P34: =N34/K34
A35: 생활권 | J35: =I35/H35 | K35: =H35-I35 | N35: =M35-H35 | O35: =1+(M35-H35)/H35 | P35: =N35/K35
A36: 생활권 | J36: =I36/H36 | K36: =H36-I36 | N36: =M36-H36 | O36: =1+(M36-H36)/H36 | P36: =N36/K36
A37: 생활권 | J37: =I37/H37 | K37: =H37-I37 | N37: =M37-H37 | O37: =1+(M37-H37)/H37 | P37: =N37/K37
... A45: 생활권 | J45: =I45/H45 | K45: =H45-I45 | N45: =M45-H45 | O45: =1+(M45-H45)/H45 | P45: =N45/K45
Z58: [공급 영향 심화 버전]
Z60: {=- 호갱노노 그래프}
Z62: {=- 단지 선택 : 생활권별 상중하 (or 모르겠으면 전부다)}
Z63: >>> 외곽신축, 외곽 애매준신축, 외곽 비선호구축 등으로 단지 특징 기재
Z65: {=- 그래프 캡쳐 대신 엑셀도 활용 가능}
Z67: {=- 엑셀에 값 입력 후 생각정리}
Z68: >>> 인사이트 (가격을 통해 찾은 내용)
Z69: >>> 결론 (찾은 내용을 바탕으로 기준 및 우선순위 정리)
Z70: >>> 투자 적용 및 질문 등으로 파트 나눠볼 수 있음
Z72: ★중요한 것은 스스로 생각해보고 결론 내어보고 매임까지 하면서 [검증]해 나가는 것

Sheet 대전동구
B1: 상 | C1: 중
B2: 하
A3: 84 | B3: 선호도 | D3: 단지정보 (30평) | AE3: 투자결과
B4: 생활권 | C4: 생활권 내 | D4: 단지명 | E4: 평형 | F4: 매 | G4: 전 | H4: 연식 | I4: 세대수 | J4: 나이 | K4: 공급면적 | L4: 전용면적 | M4: 평형 | N4: 매 | O4: 전 | P4: 차 | Q4: 전세가율 | R4: 전고 | S4: 전저 | T4: 계/복 | U4: 방 | V4: 화 | W4: 면적세대수 | X4: 시기(년) | Y4: (전세가율80%이상인)기간 | Z4: 평형 | AA4: 매매가 | AB4: 전세가 | AC4: 전세가율 | AD4: 투자금 | AE4: 시기(년) | AF4: 매매가 | AG4: 수익금 | AH4: 상승율 | AI4: 수익율
A5: 가양동 | B5: 하 | C5: 상 | D5: 힐스테가양더와이즈(주복) | E5: 34 | F5: 4.9 | G5: 3.5 | H5: 2024.09 | I5: 358 | J5: 2.91 | K5: 113A, 113B | L5: 84 | M5: 34 | N5: 50000 | O5: 35000 | P5: 14000 | Q5: 0.71428571 | R5: 57600 | S5: 52000 | T5: 계단식 | U5: 3 | V5: 2 | W5: 156 | Z5: 34 | AC5: #DIV/0! | AD5: 0 | AG5: 0 | AH5: #DIV/0! | AI5: #DIV/0!
A6: 가양동 | B6: 하 | C6: 상 | D6: 힐스테가양더와이즈(주복) | E6: 43 | F6: 0 | G6: 0 | H6: 2024.09 | I6: 358 | J6: 2.91 | K6: 141A, 142B | L6: 105 | M6: 43 | N6: 0 | O6: 0 | P6: 0 | Q6: #DIV/0! | R6: 0 | S6: 0 | T6: 계단식 | U6: 3 | V6: 2 | W6: 115 | Z6: 43 | AC6: #DIV/0! | AD6: 0 | AG6: 0 | AH6: #DIV/0! | AI6: #DIV/0!
A7: 가양동 | B7: 하 | C7: 상 | D7: 힐스테가양더와이즈(주복) | E7: 44 | F7: 0 | G7: 0 | H7: 2024.09 | I7: 358 | J7: 2.91 | K7: 146 | L7: 108 | M7: 44 | N7: 0 | O7: 0 | P7: 0 | Q7: #DIV/0! | R7: 0 | S7: 0 | T7: 계단식 | U7: 4 | V7: 2 | W7: 85 | Z7: 44 | AC7: #DIV/0! | AD7: 0 | AG7: 0 | AH7: #DIV/0! | AI7: #DIV/0!
A8: 가양동 | B8: 하 | C8: 상 | D8: 힐스테가양더와이즈(주복) | E8: 64 | F8: 0 | G8: 0 | H8: 2024.09 | I8: 358 | J8: 2.91 | K8: 210 | L8: 155 | M8: 64 | N8: 0 | O8: 0 | P8: 0 | Q8: #DIV/0! | R8: 0 | S8: 0 | T8: 계단식 | U8: 3 | V8: 3 | W8: 2 | Z8: 64 | AC8: #DIV/0! | AD8: 0 | AG8: 0 | AH8: #DIV/0! | AI8: #DIV/0! | AK8: 투자적용 및 질문
A9: 천동 | B9: 상 | C9: 하 | D9: 휴먼시아2단지 | E9: 34 | F9: 2.5 | G9: 2.3 | H9: 2008.11 | I9: 763 | J9: 18.89 | K9: 111C, 111B, 111A | L9: 84 | M9: 34 | N9: 25000 | O9: 23000 | P9: 2000 | Q9: 0.92 | R9: 39000 | S9: 25300 | T9: 계단식 | U9: 3 | V9: 2 | W9: 597 | X9: 2020.01 | Y9: 0.02 | Z9: 34 | AA9: 24175 | AB9: 20167 | AC9: #DIV/0! | AD9: 0
A10: 천동 | B10: 상 | C10: 하 | D10: 휴먼시아2단지 | E10: 30 | F10: 2.4 | G10: 2 | H10: 2008.11 | I10: 763 | J10: 18.89 | K10: 99 | L10: 75 | M10: 30 | N10: 24000 | O10: 20000 | P10: 4000 | Q10: 0.83333333 | R10: 31000 | S10: 23000 | T10: 계단식 | U10: 3 | V10: 2 | W10: 72 | X10: 2025.09 | Y10: 0.03 | Z10: 30 | AA10: 23250 | AB10: 20000 | AC10: #DIV/0! | AD10: 0
A11: 천동 | B11: 상 | C11: 하 | D11: 휴먼시아2단지 | E11: 43 | F11: 0 | G11: 0 | H11: 2008.11 | I11: 763 | J11: 18.89 | K11: 142 | L11: 108 | M11: 43 | N11: 0 | O11: 0 | P11: 0 | Q11: #DIV/0! | R11: 0 | S11: 0 | T11: 계단식 | U11: 4 | V11: 2 | W11: 94 | Z11: 43 | AC11: #DIV/0! | AD11: 0
A12: 성남동 | B12: 상 | C12: 하 | D12: 효촌마을 | E12: 33 | F12: 3.15 | G12: 2.5 | H12: 2003.04 | I12: 818 | J12: 23.96 | K12: 108A | L12: 84 | M12: 33 | N12: 31500 | O12: 25000 | P12: 6500 | Q12: 0.79365079 | R12: 40500 | S12: 29000 | T12: 계단식 | U12: 3 | V12: 2 | W12: 272 | Z12: 33 | AC12: #DIV/0! | AD12: 0
A13: 성남동 | B13: 상 | C13: 하 | D13: 효촌마을 | E13: 33 | F13: 2.8 | G13: 2.6 | H13: 2003.04 | I13: 818 | J13: 23.96 | K13: 109B | L13: 84 | M13: 33 | N13: 28000 | O13: 26000 | P13: 2000 | Q13: 0.92857143 | R13: 40500 | S13: 30000 | T13: 계단식 | U13: 4 | V13: 2 | W13: 100 | Z13: 33 | AC13: #DIV/0! | AD13: 0
A14: 성남동 | B14: 상 | C14: 하 | D14: 효촌마을 | E14: 24 | F14: 2.3 | G14: 2 | H14: 2003.04 | I14: 818 | J14: 23.96 | K14: 79A, 80B | L14: 59 | M14: 24 | N14: 23000 | O14: 20000 | P14: 3000 | Q14: 0.86956522 | R14: 31000 | S14: 22000 | T14: 계단식 | U14: 3 | V14: 1 | W14: 327 | Z14: 24 | AC14: #DIV/0! | AD14: 0
A15: 성남동 | B15: 상 | C15: 하 | D15: 효촌마을 | E15: 21 | F15: 1.9 | G15: 1.5 | H15: 2003.04 | I15: 818 | J15: 23.96 | K15: 69 | L15: 46 | M15: 21 | N15: 19000 | O15: 15000 | P15: 4000 | Q15: 0.78947368 | R15: 25000 | S15: 18000 | T15: 복도식 | U15: 2 | V15: 1 | W15: 119 | X15: 2020.06 | Y15: 0.01 | Z15: 21 | AA15: 17220 | AB15: 14000 | AC15: #DIV/0! | AD15: 0
A16: 효동 | B16: 상 | C16: 하 | D16: 효동현대 | E16: 49 | F16: 4 | G16: 1.8 | H16: 1998.09 | I16: 1056 | J16: 28.91 | K16: 161 | L16: 134 | M16: 49 | N16: 40000 | O16: 18000 | P16: 22000 | Q16: 0.45 | R16: 40000 | S16: 35000 | T16: 계단식 | U16: 4 | V16: 2 | W16: 30 | Z16: 49 | AC16: #DIV/0! | AD16: 0
A17: 효동 | B17: 상 | C17: 하 | D17: 효동현대 | E17: 37 | F17: 3.35 | G17: 2 | H17: 1998.09 | I17: 1056 | J17: 28.91 | K17: 123A, 125B, 128 | L17: 99 | M17: 37 | N17: 33500 | O17: 20000 | P17: 13500 | Q17: 0.59701493 | R17: 35000 | S17: 28000 | T17: 계단식 | U17: 3 | V17: 2 | W17: 126 | X17: 2020.11 | Y17: 0.06 | Z17: 37 | AA17: 25000 | AB17: 22000 | AC17: #DIV/0! | AD17: 0
A18: 효동 | B18: 상 | C18: 하 | D18: 효동현대 | E18: 32 | F18: 2.7 | G18: 2 | H18: 1998.09 | I18: 1056 | J18: 28.91 | K18: 107B, 112 | L18: 86 | M18: 32 | N18: 27000 | O18: 20000 | P18: 7000 | Q18: 0.74074074 | R18: 34000 | S18: 23000 | T18: 계단식 | U18: 3 | V18: 2 | W18: 6 | X18: 2020.01 | Y18: 0.01 | Z18: 32 | AA18: 17500 | AB18: 15500 | AC18: #DIV/0! | AD18: 0
A19: 효동 | B19: 상 | C19: 하 | D19: 효동현대 | E19: 31 | F19: 2.6 | G19: 2 | H19: 1998.09 | I19: 1056 | J19: 28.91 | K19: 103, 106A, 106B, 109A | L19: 84 | M19: 31 | N19: 26000 | O19: 20000 | P19: 6000 | Q19: 0.76923077 | R19: 32500 | S19: 23500 | T19: 계단식 | U19: 3 | V19: 2 | W19: 561 | X19: 2020.01 | Y19: 0.01 | Z19: 31 | AA19: 17500 | AB19: 15500 | AC19: #DIV/0! | AD19: 0
A20: 효동 | B20: 상 | C20: 하 | D20: 효동현대 | E20: 30 | F20: 2.35 | G20: 1.8 | H20: 1998.09 | I20: 1056 | J20: 28.91 | K20: 99 | L20: 76 | M20: 30 | N20: 23500 | O20: 18000 | P20: 5500 | Q20: 0.76595745 | R20: 28500 | S20: 22000 | T20: 계단식 | U20: 3 | V20: 2 | W20: 102 | X20: 2020.02 | Y20: 0.03 | Z20: 30 | AA20: 19250 | AB20: 16000 | AC20: #DIV/0! | AD20: 0
A21: 효동 | B21: 상 | C21: 하 | D21: 효동현대 | E21: 23 | F21: 2.2 | G21: 1.3 | H21: 1998.09 | I21: 1056 | J21: 28.91 | K21: 77A, 78B | L21: 59 | M21: 23 | N21: 22000 | O21: 13000 | P21: 9000 | Q21: 0.59090909 | R21: 25500 | S21: 18500 | T21: 계단식 | U21: 3 | V21: 1 | W21: 231 | Z21: 23 | AC21: #DIV/0! | AD21: 0
A22: 홍도동 | B22: 중 | C22: 하 | D22: 홍도서우 | E22: 35 | F22: 2.4 | G22: 1.2 | H22: 1996.1 | I22: 571 | J22: 30.9 | K22: 114 | L22: 84 | M22: 35 | N22: 24000 | O22: 12000 | P22: 12000 | Q22: 0.5 | R22: 18000 | S22: 19000 | T22: 복도식 | U22: 3 | V22: 2 | W22: 33 | Z22: 35 | AC22: #DIV/0! | AD22: 0
A23: 홍도동 | B23: 중 | C23: 하 | D23: 홍도서우 | E23: 24 | F23: 1.49 | G23: 1.3 | H23: 1996.1 | I23: 571 | J23: 30.9 | K23: 80 | L23: 59 | M23: 24 | N23: 14900 | O23: 13000 | P23: 1900 | Q23: 0.87248322 | R23: 16500 | S23: 13800 | T23: 복도식 | U23: 3 | V23: 1 | W23: 139 | X23: 2020.06 | Y23: 0.01 | Z23: 24 | AA23: 13300 | AB23: 11000 | AC23: #DIV/0! | AD23: 0
A24: 홍도동 | B24: 중 | C24: 하 | D24: 홍도서우 | E24: 17 | F24: 0.92 | G24: 0.72 | H24: 1996.1 | I24: 571 | J24: 30.9 | K24: 56 | L24: 42 | M24: 17 | N24: 9200 | O24: 7200 | P24: 2000 | Q24: 0.7826087 | R24: 12300 | S24: 9000 | T24: 복도식 | U24: 2 | V24: 1 | W24: 275 | X24: 2020.01 | Y24: 0.02 | Z24: 17 | AA24: 8400 | AB24: 7200 | AC24: #DIV/0! | AD24: 0
A25: 홍도동 | B25: 중 | C25: 하 | D25: 홍도서우 | E25: 18 | F25: 0.9 | G25: 0.85 | H25: 1996.1 | I25: 571 | J25: 30.9 | K25: 61 | L25: 45 | M25: 18 | N25: 9000 | O25: 8500 | P25: 500 | Q25: 0.94444444 | R25: 13500 | S25: 12000 | T25: 복도식 | U25: 2 | V25: 1 | W25: 124 | X25: 2020.05 | Y25: 0.05 | Z25: 18 | AA25: 9260 | AB25: 8125 | AC25: #DIV/0! | AD25: 0
A26: 홍도동 | B26: 중 | C26: 상 | D26: 홍도갤러리휴리움 | E26: 30 | F26: 3.5 | G26: 2.4 | H26: 2023.02 | I26: 419 | J26: 3.98 | K26: 98 | L26: 74 | M26: 30 | N26: 35000 | O26: 24000 | P26: 11000 | Q26: 0.68571429 | R26: 36000 | S26: 32500 | T26: 계단식 | U26: 3 | V26: 2 | W26: 85 | Z26: 30 | AC26: #DIV/0! | AD26: 0
A27: 홍도동 | B27: 중 | C27: 상 | D27: 홍도갤러리휴리움 | E27: 24 | F27: 2.9 | G27: 2.35 | H27: 2023.02 | I27: 419 | J27: 3.98 | K27: 80B, 82A, 87C | L27: 59 | M27: 24 | N27: 29000 | O27: 23500 | P27: 5500 | Q27: 0.81034483 | R27: 30000 | S27: 26500 | T27: 계단식 | U27: 3 | V27: 2 | W27: 206 | X27: 2024.06 | Y27: 0.02 | Z27: 24 | AA27: 27700 | AB27: 23000 | AC27: #DIV/0! | AD27: 0
A28: 홍도동 | B28: 중 | C28: 상 | D28: 홍도갤러리휴리움 | E28: 22 | F28: 2.5 | G28: 2 | H28: 2023.02 | I28: 419 | J28: 3.98 | K28: 71A, 72C, 74B | L28: 49 | M28: 22 | N28: 25000 | O28: 20000 | P28: 5000 | Q28: 0.8 | R28: 26800 | S28: 24500 | T28: 계단식 | U28: 2 | V28: 2 | W28: 128 | X28: 2025.12 | Y28: 0.01 | Z28: 22 | AA28: 25183 | AB28: 20300 | AC28: #DIV/0! | AD28: 0
A29: 인동 | B29: 중 | C29: 하 | D29: 현대 | E29: 29 | F29: 2.2 | G29: 1.3 | H29: 1987.06 | I29: 728 | J29: 39.94 | K29: 97 | L29: 79 | M29: 29 | N29: 22000 | O29: 13000 | P29: 9000 | Q29: 0.59090909 | R29: 25500 | S29: 19000 | T29: 계단식 | U29: 3 | V29: 1 | W29: 52 | X29: 2020.01 | Y29: 0.01 | Z29: 29 | AA29: 15000 | AB29: 12000 | AC29: #DIV/0! | AD29: 0
A30: 인동 | B30: 중 | C30: 하 | D30: 현대 | E30: 32 | F30: 2.2 | G30: 1.8 | H30: 1987.06 | I30: 728 | J30: 39.94 | K30: 104 | L30: 84 | M30: 32 | N30: 22000 | O30: 18000 | P30: 4000 | Q30: 0.81818182 | R30: 27800 | S30: 19000 | T30: 계단식 | U30: 3 | V30: 1 | W30: 312 | X30: 2022.1 | Y30: 0.01 | Z30: 32 | AA30: 21633 | AB30: 17333 | AC30: #DIV/0! | AD30: 0
A31: 인동 | B31: 중 | C31: 하 | D31: 현대 | E31: 26 | F31: 2.1 | G31: 1.6 | H31: 1987.06 | I31: 728 | J31: 39.94 | K31: 86 | L31: 70 | M31: 26 | N31: 21000 | O31: 16000 | P31: 5000 | Q31: 0.76190476 | R31: 25000 | S31: 17000 | T31: 계단식 | U31: 3 | V31: 1 | W31: 182 | X31: 2020.09 | Y31: 0.02 | Z31: 26 | AA31: 16838 | AB31: 14000 | AC31: #DIV/0! | AD31: 0
A32: 인동 | B32: 중 | C32: 하 | D32: 현대 | E32: 25 | F32: 1.8 | G32: 1.5 | H32: 1987.06 | I32: 728 | J32: 39.94 | K32: 81 | L32: 63 | M32: 25 | N32: 18000 | O32: 15000 | P32: 3000 | Q32: 0.83333333 | R32: 23900 | S32: 16500 | T32: 계단식 | U32: 3 | V32: 1 | W32: 130 | Z32: 25 | AC32: #DIV/0! | AD32: 0
A33: 인동 | B33: 중 | C33: 하 | D33: 현대 | E33: 21 | F33: 1.35 | G33: 1.4 | H33: 1987.06 | I33: 728 | J33: 39.94 | K33: 70 | L33: 52 | M33: 21 | N33: 13500 | O33: 14000 | P33: -500 | Q33: 1.037037 | R33: 20500 | S33: 14500 | T33: 계단식 | U33: 3 | V33: 1 | W33: 52 | X33: 2021.09 | Y33: 0.03 | Z33: 21 | AA33: 13500 | AB33: 12500 | AC33: #DIV/0! | AD33: 0
A34: 용운동 | B34: 하 | C34: 중 | D34: 한화꿈에그린 | E34: 34 | F34: 2.8 | G34: 2.1 | H34: 2006.01 | I34: 641 | J34: 20.99 | K34: 112 | L34: 84 | M34: 34 | N34: 28000 | O34: 21000 | P34: 7000 | Q34: 0.75 | R34: 34000 | S34: 26000 | T34: 계단식 | U34: 3 | V34: 2 | W34: 435 | X34: 2020.1 | Y34: 0.02 | Z34: 34 | AA34: 25574 | AB34: 21429 | AC34: #DIV/0! | AD34: 0
A35: 용운동 | B35: 하 | C35: 중 | D35: 한화꿈에그린 | E35: 37 | F35: 0 | G35: 0 | H35: 2006.01 | I35: 641 | J35: 20.99 | K35: 123 | L35: 93 | M35: 37 | N35: 0 | O35: 0 | P35: 0 | Q35: #DIV/0! | R35: 0 | S35: 0 | T35: 계단식 | U35: 3 | V35: 2 | W35: 30 | X35: 2020.11 | Y35: 0.02 | Z35: 37 | AA35: 28150 | AB35: 25000 | AC35: #DIV/0! | AD35: 0
A36: 용운동 | B36: 하 | C36: 중 | D36: 한화꿈에그린 | E36: 46 | F36: 0 | G36: 0 | H36: 2006.01 | I36: 641 | J36: 20.99 | K36: 151 | L36: 122 | M36: 46 | N36: 0 | O36: 0 | P36: 0 | Q36: #DIV/0! | R36: 0 | S36: 0 | T36: 계단식 | U36: 4 | V36: 2 | W36: 120 | X36: 2020.11 | Y36: 0.03 | Z36: 46 | AA36: 28733 | AB36: 27000 | AC36: #DIV/0! | AD36: 0
A37: 용운동 | B37: 하 | C37: 중 | D37: 한화꿈에그린 | E37: 52 | F37: 0 | G37: 0 | H37: 2006.01 | I37: 641 | J37: 20.99 | K37: 173 | L37: 140 | M37: 52 | N37: 0 | O37: 0 | P37: 0 | Q37: #DIV/0! | R37: 0 | S37: 0 | T37: 계단식 | U37: 4 | V37: 2 | W37: 56 | Z37: 52 | AC37: #DIV/0! | AD37: 0
A38: 용전동 | B38: 하 | C38: 하 | D38: 한숲 | E38: 32 | F38: 2.8 | G38: 2.2 | H38: 1999.08 | I38: 1036 | J38: 27.92 | K38: 104A, 107B | L38: 84 | M38: 32 | N38: 28000 | O38: 22000 | P38: 6000 | Q38: 0.78571429 | R38: 36000 | S38: 27500 | T38: 계단식 | U38: 3 | V38: 2 | W38: 528 | X38: 2020.09 | Y38: 0.01 | Z38: 32 | AA38: 24089 | AB38: 19333 | AC38: #DIV/0! | AD38: 0
A39: 용전동 | B39: 하 | C39: 하 | D39: 한숲 | E39: 24 | F39: 2.4 | G39: 2.1 | H39: 1999.08 | I39: 1036 | J39: 27.92 | K39: 78A, 80B | L39: 59 | M39: 24 | N39: 24000 | O39: 21000 | P39: 3000 | Q39: 0.875 | R39: 28500 | S39: 21500 | T39: 계단식 | U39: 3 | V39: 1 | W39: 276 | X39: 2020.09 | Y39: 0.01 | Z39: 24 | AA39: 20323 | AB39: 17500 | AC39: #DIV/0! | AD39: 0
A40: 용전동 | B40: 하 | C40: 하 | D40: 한숲 | E40: 37 | F40: 0 | G40: 0 | H40: 1999.08 | I40: 1036 | J40: 27.92 | K40: 123 | L40: 99 | M40: 37 | N40: 0 | O40: 0 | P40: 0 | Q40: #DIV/0! | R40: 0 | S40: 0 | T40: 계단식 | U40: 3 | V40: 2 | W40: 72 | X40: 2022.06 | Y40: 0.03 | Z40: 37 | AA40: 35000 | AB40: 30000 | AC40: #DIV/0! | AD40: 0
A41: 용전동 | B41: 하 | C41: 하 | D41: 한숲 | E41: 42 | F41: 0 | G41: 0 | H41: 1999.08 | I41: 1036 | J41: 27.92 | K41: 139 | L41: 114 | M41: 42 | N41: 0 | O41: 0 | P41: 0 | Q41: #DIV/0! | R41: 0 | S41: 0 | T41: 계단식 | U41: 4 | V41: 2 | W41: 160 | X41: 2021.06 | Y41: 0.02 | Z41: 42 | AA41: 33875 | AB41: 28000 | AC41: #DIV/0! | AD41: 0
A42: 삼성동 | B42: 하 | C42: 상 | D42: 한밭자이 | E42: 35 | F42: 3.5 | G42: 3.2 | H42: 2006.08 | I42: 1063 | J42: 20.92 | K42: 114, 117 | L42: 84 | M42: 35 | N42: 35000 | O42: 32000 | P42: 3000 | Q42: 0.91428571 | R42: 48000 | S42: 39000 | T42: 계단식 | U42: 3 | V42: 2 | W42: 739 | Z42: 35 | AC42: #DIV/0! | AD42: 0 | AS42: >>> 외곽신축, 외곽 애매준신축, 외곽 비선호구축 등으로 단지 특징 기재
A43: 삼성동 | B43: 하 | C43: 상 | D43: 한밭자이 | E43: 27 | F43: 2.9 | G43: 2.5 | H43: 2006.08 | I43: 1063 | J43: 20.92 | K43: 88 | L43: 59 | M43: 27 | N43: 29000 | O43: 25000 | P43: 4000 | Q43: 0.86206897 | R43: 38000 | S43: 31500 | T43: 계단식 | U43: 3 | V43: 2 | W43: 204 | X43: 2022.03 | Y43: 0.01 | Z43: 27 | AA43: 34800 | AB43: 28714 | AC43: #DIV/0! | AD43: 0 | AS43: #NAME?
A44: 삼성동 | B44: 하 | C44: 상 | D44: 한밭자이 | E44: 50 | F44: 0 | G44: 0 | H44: 2006.08 | I44: 1063 | J44: 20.92 | K44: 164 | L44: 134 | M44: 50 | N44: 0 | O44: 0 | P44: 0 | Q44: #DIV/0! | R44: 0 | S44: 0 | T44: 계단식 | U44: 4 | V44: 2 | W44: 120 | Z44: 50 | AC44: #DIV/0! | AD44: 0
A45: 대동 | B45: 상 | C45: 하 | D45: 펜타뷰 | E45: 34 | F45: 4 | G45: 2.6 | H45: 2011.1 | I45: 767 | J45: 15.9 | K45: 111D, 111E, 111B, 111C, 111A, 111B1, 111A1, 111D-1, 111E-1, 111A2, 111A3, 111F | L45: 84 | M45: 34 | N45: 40000 | O45: 26000 | P45: 14000 | Q45: 0.65 | R45: 54700 | S45: 3400 | T45: 계단식 | U45: 3 | V45: 2 | W45: 565 | Z45: 34 | AC45: #DIV/0! | AD45: 0 | AG45: 0 | AH45: #DIV/0! | AI45: #DIV/0!
A46: 대동 | B46: 상 | C46: 하 | D46: 펜타뷰 | E46: 25 | F46: 3.2 | G46: 2.2 | H46: 2011.1 | I46: 767 | J46: 15.9 | K46: 84A, 84B, 84C | L46: 59 | M46: 25 | N46: 32000 | O46: 22000 | P46: 10000 | Q46: 0.6875 | R46: 39000 | S46: 29000 | T46: 계단식 | U46: 3 | V46: 2 | W46: 126 | Z46: 25 | AC46: #DIV/0! | AD46: 0 | AG46: 0 | AH46: #DIV/0! | AI46: #DIV/0!
A47: 대동 | B47: 상 | C47: 하 | D47: 펜타뷰 | E47: 46 | F47: 0 | G47: 0 | H47: 2011.1 | I47: 767 | J47: 15.9 | K47: 153A, 153A-1, 153B | L47: 118 | M47: 46 | N47: 0 | O47: 0 | P47: 0 | Q47: #DIV/0! | R47: 0 | S47: 0 | T47: 계단식 | U47: 4 | V47: 2 | W47: 68 | Z47: 46 | AC47: #DIV/0! | AD47: 0
A48: 대동 | B48: 상 | C48: 하 | D48: 펜타뷰 | E48: 46 | F48: 0 | G48: 0 | H48: 2011.1 | I48: 767 | J48: 15.9 | K48: 153C, 153D | L48: 118 | M48: 46 | N48: 0 | O48: 0 | P48: 0 | Q48: #DIV/0! | R48: 0 | S48: 0 | T48: 계단식 | U48: 4 | V48: 3 | W48: 8 | Z48: 46 | AC48: #DIV/0! | AD48: 0
A49: 홍도동 | B49: 하 | C49: 하 | D49: 청룡 | E49: 22 | F49: 1.9 | G49: 1 | H49: 1979.04 | I49: 425 | J49: 47.96 | K49: 74 | L49: 72 | M49: 22 | N49: 19000 | O49: 10000 | P49: 9000 | Q49: 0.52631579 | R49: 18000 | S49: 14000 | T49: 계단식 | U49: 3 | V49: 1 | W49: 5 | Z49: 22 | AC49: #DIV/0! | AD49: 0
A50: 홍도동 | B50: 하 | C50: 하 | D50: 청룡 | E50: 21 | F50: 1.4 | G50: 0.5 | H50: 1979.04 | I50: 425 | J50: 47.96 | K50: 68 | L50: 68 | M50: 21 | N50: 14000 | O50: 5000 | P50: 9000 | Q50: 0.35714286 | R50: 15100 | S50: 12500 | T50: 계단식 | U50: 3 | V50: 1 | W50: 100 | Z50: 21 | AC50: #DIV/0! | AD50: 0
A51: 홍도동 | B51: 하 | C51: 하 | D51: 청룡 | E51: 20 | F51: 1.3 | G51: 0.45 | H51: 1979.04 | I51: 425 | J51: 47.96 | K51: 67 | L51: 65 | M51: 20 | N51: 13000 | O51: 4500 | P51: 8500 | Q51: 0.34615385 | R51: 17500 | S51: 14500 | T51: 계단식 | U51: 3 | V51: 1 | W51: 90 | Z51: 20 | AC51: #DIV/0! | AD51: 0
A52: 홍도동 | B52: 하 | C52: 하 | D52: 청룡 | E52: 19 | F52: 1.23 | G52: 0.6 | H52: 1979.04 | I52: 425 | J52: 47.96 | K52: 62A | L52: 60 | M52: 19 | N52: 12300 | O52: 6000 | P52: 6300 | Q52: 0.48780488 | R52: 16000 | S52: 10500 | T52: 계단식 | U52: 3 | V52: 1 | W52: 5 | Z52: 19 | AC52: #DIV/0! | AD52: 0
A53: 홍도동 | B53: 하 | C53: 하 | D53: 청룡 | E53: 17 | F53: 1.1 | G53: 0.8 | H53: 1979.04 | I53: 425 | J53: 47.96 | K53: 55A | L53: 54 | M53: 17 | N53: 11000 | O53: 8000 | P53: 3000 | Q53: 0.72727273 | R53: 16500 | S53: 10000 | T53: 계단식 | U53: 2 | V53: 1 | W53: 60 | Z53: 17 | AC53: #DIV/0! | AD53: 0
A54: 홍도동 | B54: 하 | C54: 하 | D54: 청룡 | E54: 18 | F54: 1 | G54: 0.6 | H54: 1979.04 | I54: 425 | J54: 47.96 | K54: 61B | L54: 61 | M54: 18 | N54: 10000 | O54: 6000 | P54: 4000 | Q54: 0.6 | R54: 10000 | S54: 10000 | T54: 계단식 | U54: 3 | V54: 1 | W54: 5 | Z54: 18 | AC54: #DIV/0! | AD54: 0
A55: 홍도동 | B55: 하 | C55: 하 | D55: 청룡 | E55: 17 | F55: 0.98 | G55: 0.8 | H55: 1979.04 | I55: 425 | J55: 47.96 | K55: 55B | L55: 55 | M55: 17 | N55: 9800 | O55: 8000 | P55: 1800 | Q55: 0.81632653 | R55: 15700 | S55: 8950 | T55: 계단식 | U55: 2 | V55: 1 | W55: 160 | Z55: 17 | AC55: #DIV/0! | AD55: 0
A56: 삼성동 | B56: 하 | C56: 하 | D56: 주공삼성타운 | E56: 35 | F56: 3 | G56: 1.95 | H56: 2007.09 | I56: 613 | J56: 19.91 | K56: 114 | L56: 84 | M56: 35 | N56: 30000 | O56: 19500 | P56: 10500 | Q56: 0.65 | R56: 34500 | S56: 27000 | T56: 계단식 | U56: 3 | V56: 2 | W56: 99 | X56: 2020.04 | Y56: 0.01 | Z56: 35 | AA56: 23450 | AB56: 19000 | AC56: #DIV/0! | AD56: 0
A57: 삼성동 | B57: 하 | C57: 하 | D57: 주공삼성타운 | E57: 24 | F57: 2.4 | G57: 2 | H57: 2007.09 | I57: 613 | J57: 19.91 | K57: 79 | L57: 59 | M57: 24 | N57: 24000 | O57: 20000 | P57: 4000 | Q57: 0.83333333 | R57: 30000 | S57: 27000 | T57: 계단식 | U57: 3 | V57: 2 | W57: 87 | Z57: 24 | AC57: #DIV/0! | AD57: 0 | AS57: #NAME?
A58: 판암동 | B58: 중 | C58: 하 | D58: 주공6차 | E58: 18 | F58: 0.83 | G58: 0.7 | H58: 1992.08 | I58: 720 | J58: 34.92 | K58: 58 | L58: 44 | M58: 18 | N58: 8300 | O58: 7000 | P58: 1300 | Q58: 0.84337349 | R58: 12200 | S58: 8400 | T58: 복도식 | U58: 2 | V58: 1 | W58: 240 | X58: 2020.04 | Y58: 0.01 | Z58: 18 | AA58: 6750 | AB58: 5500 | AC58: #DIV/0! | AD58: 0
A59: 판암동 | B59: 중 | C59: 하 | D59: 주공6차 | E59: 15 | F59: 0.7 | G59: 0.55 | H59: 1992.08 | I59: 720 | J59: 34.92 | K59: 50 | L59: 38 | M59: 15 | N59: 7000 | O59: 5500 | P59: 1500 | Q59: 0.78571429 | R59: 10000 | S59: 7000 | T59: 복도식 | U59: 2 | V59: 1 | W59: 480 | Z59: 15 | AC59: #DIV/0! | AD59: 0
A60: 판암동 | B60: 중 | C60: 하 | D60: 주공5차 | E60: 24 | F60: 1.4 | G60: 1.3 | H60: 1992.08 | I60: 1436 | J60: 34.92 | K60: 78 | L60: 58 | M60: 24 | N60: 14000 | O60: 13000 | P60: 1000 | Q60: 0.92857143 | R60: 19000 | S60: 15000 | T60: 복도식 | U60: 2 | V60: 1 | W60: 176 | X60: 2021.09 | Y60: 0.01 | Z60: 24 | AA60: 13425 | AB60: 11000 | AC60: #DIV/0! | AD60: 0
A61: 판암동 | B61: 중 | C61: 하 | D61: 주공5차 | E61: 20 | F61: 1.15 | G61: 1 | H61: 1992.08 | I61: 1436 | J61: 34.92 | K61: 66A | L61: 52 | M61: 20 | N61: 11500 | O61: 10000 | P61: 1500 | Q61: 0.86956522 | R61: 15000 | S61: 11000 | T61: 복도식 | U61: 2 | V61: 1 | W61: 353 | Z61: 20 | AC61: #DIV/0! | AD61: 0
A62: 판암동 | B62: 중 | C62: 하 | D62: 주공5차 | E62: 20 | F62: 1.05 | G62: 0.9 | H62: 1992.08 | I62: 1436 | J62: 34.92 | K62: 67B | L62: 52 | M62: 20 | N62: 10500 | O62: 9000 | P62: 1500 | Q62: 0.85714286 | R62: 14800 | S62: 14000 | T62: 계단식 | U62: 2 | V62: 1 | W62: 1 | Z62: 20 | AC62: #DIV/0! | AD62: 0
A63: 판암동 | B63: 중 | C63: 하 | D63: 주공5차 | E63: 17 | F63: 1 | G63: 0.7 | H63: 1992.08 | I63: 1436 | J63: 34.92 | K63: 55 | L63: 43 | M63: 17 | N63: 10000 | O63: 7000 | P63: 3000 | Q63: 0.7 | R63: 10200 | S63: 8500 | T63: 복도식 | U63: 2 | V63: 1 | W63: 6 | Z63: 17 | AC63: #DIV/0! | AD63: 0
A64: 판암동 | B64: 중 | C64: 하 | D64: 주공5차 | E64: 18 | F64: 0.85 | G64: 0.83 | H64: 1992.08 | I64: 1436 | J64: 34.92 | K64: 58A | L64: 44 | M64: 18 | N64: 8500 | O64: 8300 | P64: 200 | Q64: 0.97647059 | R64: 11500 | S64: 10500 | T64: 복도식 | U64: 2 | V64: 1 | W64: 240 | Z64: 18 | AC64: #DIV/0! | AD64: 0
A65: 판암동 | B65: 중 | C65: 하 | D65: 주공5차 | E65: 17 | F65: 0.8 | G65: 0.7 | H65: 1992.08 | I65: 1436 | J65: 34.92 | K65: 57B | L65: 45 | M65: 17 | N65: 8000 | O65: 7000 | P65: 1000 | Q65: 0.875 | R65: 10900 | S65: 9500 | T65: 계단식 | U65: 2 | V65: 1 | W65: 180 | Z65: 17 | AC65: #DIV/0! | AD65: 0
A66: 판암동 | B66: 중 | C66: 하 | D66: 주공5차 | E66: 15 | F66: 0.75 | G66: 0.7 | H66: 1992.08 | I66: 1436 | J66: 34.92 | K66: 50 | L66: 38 | M66: 15 | N66: 7500 | O66: 7000 | P66: 500 | Q66: 0.93333333 | R66: 10200 | S66: 7500 | T66: 복도식 | U66: 2 | V66: 1 | W66: 480 | Z66: 15 | AC66: #DIV/0! | AD66: 0
A67: 판암동 | B67: 중 | C67: 하 | D67: 주공2차 | E67: 32 | F67: 2.15 | G67: 1.5 | H67: 1990.1 | I67: 1130 | J67: 36.9 | K67: 105 | L67: 79 | M67: 32 | N67: 21500 | O67: 15000 | P67: 6500 | Q67: 0.69767442 | R67: 17000 | S67: 14000 | T67: 복도식 | U67: 3 | V67: 1 | W67: 240 | Z67: 32 | AC67: #DIV/0! | AD67: 0
A68: 판암동 | B68: 중 | C68: 하 | D68: 주공2차 | E68: 25 | F68: 1.5 | G68: 1.3 | H68: 1990.1 | I68: 1130 | J68: 36.9 | K68: 82 | L68: 59 | M68: 25 | N68: 15000 | O68: 13000 | P68: 2000 | Q68: 0.86666667 | R68: 16000 | S68: 13000 | T68: 복도식 | U68: 2 | V68: 1 | W68: 324 | Z68: 25 | AC68: #DIV/0! | AD68: 0
A69: 판암동 | B69: 중 | C69: 하 | D69: 주공2차 | E69: 25 | F69: 1.48 | G69: 1 | H69: 1990.1 | I69: 1130 | J69: 36.9 | K69: 81 | L69: 58 | M69: 25 | N69: 14800 | O69: 10000 | P69: 4800 | Q69: 0.67567568 | R69: 15500 | S69: 11000 | T69: 복도식 | U69: 2 | V69: 1 | W69: 350 | Z69: 25 | AC69: #DIV/0! | AD69: 0
A70: 판암동 | B70: 중 | C70: 하 | D70: 주공2차 | E70: 19 | F70: 1.09 | G70: 0.8 | H70: 1990.1 | I70: 1130 | J70: 36.9 | K70: 63 | L70: 45 | M70: 19 | N70: 10900 | O70: 8000 | P70: 2900 | Q70: 0.73394495 | R70: 10000 | S70: 7500 | T70: 복도식 | U70: 2 | V70: 1 | W70: 216 | Z70: 19 | AC70: #DIV/0! | AD70: 0
A71: 용운동 | B71: 중 | C71: 하 | D71: 주공2단지 | E71: 28 | F71: 1.7 | G71: 1.2 | H71: 1987.09 | I71: 840 | J71: 39.91 | K71: 94 | L71: 64 | M71: 28 | N71: 17000 | O71: 12000 | P71: 5000 | Q71: 0.70588235 | R71: 17800 | S71: 16700 | T71: 복도식 | U71: 3 | V71: 1 | W71: 60 | X71: 2022.01 | Y71: 0.01 | Z71: 28 | AA71: 15900 | AB71: 13333 | AC71: #DIV/0! | AD71: 0
A72: 용운동 | B72: 중 | C72: 하 | D72: 주공2단지 | E72: 24 | F72: 1.4 | G72: 1.1 | H72: 1987.09 | I72: 840 | J72: 39.91 | K72: 80 | L72: 54 | M72: 24 | N72: 14000 | O72: 11000 | P72: 3000 | Q72: 0.78571429 | R72: 13700 | S72: 12650 | T72: 복도식 | U72: 2 | V72: 1 | W72: 60 | Z72: 24 | AC72: #DIV/0! | AD72: 0
A73: 용운동 | B73: 중 | C73: 하 | D73: 주공2단지 | E73: 23 | F73: 1.05 | G73: 0.9 | H73: 1987.09 | I73: 840 | J73: 39.91 | K73: 75 | L73: 49 | M73: 23 | N73: 10500 | O73: 9000 | P73: 1500 | Q73: 0.85714286 | R73: 14400 | S73: 11000 | T73: 복도식 | U73: 2 | V73: 1 | W73: 145 | Z73: 23 | AC73: #DIV/0! | AD73: 0
A74: 용운동 | B74: 중 | C74: 하 | D74: 주공2단지 | E74: 19 | F74: 1 | G74: 0.75 | H74: 1987.09 | I74: 840 | J74: 39.91 | K74: 62A, 62B, 64A, 64B | L74: 41 | M74: 19 | N74: 10000 | O74: 7500 | P74: 2500 | Q74: 0.75 | R74: 12000 | S74: 8800 | T74: 복도식 | U74: 2 | V74: 1 | W74: 358 | Z74: 19 | AC74: #DIV/0! | AD74: 0
A75: 용운동 | B75: 중 | C75: 하 | D75: 주공2단지 | E75: 15 | F75: 0.73 | G75: 0.5 | H75: 1987.09 | I75: 840 | J75: 39.91 | K75: 50 | L75: 32 | M75: 15 | N75: 7300 | O75: 5000 | P75: 2300 | Q75: 0.68493151 | R75: 8200 | S75: 6800 | T75: 복도식 | U75: 1 | V75: 1 | W75: 216 | Z75: 15 | AC75: #DIV/0! | AD75: 0
A76: 용운동 | B76: 중 | C76: 하 | D76: 주공2단지 | E76: 15 | F76: 0.73 | G76: 0.5 | H76: 1987.09 | I76: 840 | J76: 39.91 | K76: 50 | L76: 32 | M76: 15 | N76: 7300 | O76: 5000 | P76: 2300 | Q76: 0.68493151 | R76: 8500 | S76: 6800 | T76: 복도식 | U76: 2 | V76: 1 | W76: 1 | Z76: 15 | AC76: #DIV/0! | AD76: 0
A77: 판암동 | B77: 중 | C77: 하 | D77: 주공1차 | E77: 32 | F77: 1.7 | G77: 1.5 | H77: 1990.03 | I77: 1016 | J77: 36.97 | K77: 105 | L77: 79 | M77: 32 | N77: 17000 | O77: 15000 | P77: 2000 | Q77: 0.88235294 | R77: 24000 | S77: 17000 | T77: 계단식 | U77: 3 | V77: 1 | W77: 240 | X77: 2025.02 | Y77: 0.01 | Z77: 32 | AA77: 19000 | AB77: 16000 | AC77: #DIV/0! | AD77: 0
A78: 판암동 | B78: 중 | C78: 하 | D78: 주공1차 | E78: 25 | F78: 1.5 | G78: 1.4 | H78: 1990.03 | I78: 1016 | J78: 36.97 | K78: 82 | L78: 59 | M78: 25 | N78: 15000 | O78: 14000 | P78: 1000 | Q78: 0.93333333 | R78: 19000 | S78: 16000 | T78: 계단식 | U78: 2 | V78: 1 | W78: 360 | Z78: 25 | AC78: #DIV/0! | AD78: 0
A79: 판암동 | B79: 중 | C79: 하 | D79: 주공1차 | E79: 24 | F79: 1.45 | G79: 1.3 | H79: 1990.03 | I79: 1016 | J79: 36.97 | K79: 80 | L79: 58 | M79: 24 | N79: 14500 | O79: 13000 | P79: 1500 | Q79: 0.89655172 | R79: 19500 | S79: 16000 | T79: 계단식 | U79: 2 | V79: 1 | W79: 176 | Z79: 24 | AC79: #DIV/0! | AD79: 0
A80: 판암동 | B80: 중 | C80: 하 | D80: 주공1차 | E80: 19 | F80: 0.95 | G80: 0.75 | H80: 1990.03 | I80: 1016 | J80: 36.97 | K80: 63 | L80: 45 | M80: 19 | N80: 9500 | O80: 7500 | P80: 2000 | Q80: 0.78947368 | R80: 15000 | S80: 8000 | T80: 계단식 | U80: 1 | V80: 1 | W80: 240 | Z80: 19 | AC80: #DIV/0! | AD80: 0
A81: 가오동 | B81: 중 | C81: 하 | D81: 주공(210) | E81: 19 | F81: 1.6 | G81: 0.5 | H81: 1985.1 | I81: 460 | J81: 41.9 | K81: 63 | L81: 57 | M81: 19 | N81: 16000 | O81: 5000 | P81: 11000 | Q81: 0.3125 | R81: 24500 | S81: 20500 | T81: 계단식 | U81: 2 | V81: 1 | W81: 1 | Z81: 19 | AC81: #DIV/0! | AD81: 0 | AG81: 0 | AH81: #DIV/0! | AI81: #DIV/0!
A82: 가오동 | B82: 중 | C82: 하 | D82: 주공(210) | E82: 20 | F82: 1.6 | G82: 0.6 | H82: 1985.1 | I82: 460 | J82: 41.9 | K82: 65 | L82: 59 | M82: 20 | N82: 16000 | O82: 6000 | P82: 10000 | Q82: 0.375 | R82: 23500 | S82: 17700 | T82: 계단식 | U82: 3 | V82: 1 | W82: 229 | Z82: 20 | AC82: #DIV/0! | AD82: 0 | AG82: 0 | AH82: #DIV/0! | AI82: #DIV/0!
A83: 가오동 | B83: 중 | C83: 하 | D83: 주공(210) | E83: 14 | F83: 1.4 | G83: 0.8 | H83: 1985.1 | I83: 460 | J83: 41.9 | K83: 47 | L83: 42 | M83: 14 | N83: 14000 | O83: 8000 | P83: 6000 | Q83: 0.57142857 | R83: 18000 | S83: 13000 | T83: 계단식 | U83: 2 | V83: 1 | W83: 27 | Z83: 14 | AC83: #DIV/0! | AD83: 0 | AG83: 0 | AH83: #DIV/0! | AI83: #DIV/0!
A84: 가오동 | B84: 중 | C84: 하 | D84: 주공(210) | E84: 16 | F84: 1 | G84: 0.6 | H84: 1985.1 | I84: 460 | J84: 41.9 | K84: 54 | L84: 49 | M84: 16 | N84: 10000 | O84: 6000 | P84: 4000 | Q84: 0.6 | R84: 21500 | S84: 13100 | T84: 계단식 | U84: 2 | V84: 1 | W84: 203 | Z84: 16 | AC84: #DIV/0! | AD84: 0 | AG84: 0 | AH84: #DIV/0! | AI84: #DIV/0!
A85: 신흥동 | B85: 상 | C85: 중 | D85: 이스트시티2단지 | E85: 31 | F85: 4 | G85: 3 | H85: 2018.1 | I85: 636 | J85: 8.9 | K85: 102A, 102A-2, 102C | L85: 74 | M85: 31 | N85: 40000 | O85: 30000 | P85: 10000 | Q85: 0.75 | R85: 53000 | S85: 35000 | T85: 계단식 | U85: 3 | V85: 2 | W85: 228 | Z85: 31 | AC85: #DIV/0! | AD85: 0
A86: 신흥동 | B86: 상 | C86: 중 | D86: 이스트시티2단지 | E86: 25 | F86: 3.3 | G86: 2.3 | H86: 2018.1 | I86: 636 | J86: 8.9 | K86: 83A | L86: 59 | M86: 25 | N86: 33000 | O86: 23000 | P86: 10000 | Q86: 0.6969697 | R86: 32000 | S86: 22000 | T86: 계단식 | U86: 3 | V86: 2 | W86: 31 | X86: 2024.1 | Y86: 0.02 | Z86: 25 | AA86: 30000 | AB86: 24000 | AC86: #DIV/0! | AD86: 0
A87: 신흥동 | B87: 상 | C87: 중 | D87: 이스트시티2단지 | E87: 22 | F87: 2.25 | G87: 1.75 | H87: 2018.1 | I87: 636 | J87: 8.9 | K87: 73A | L87: 46 | M87: 22 | N87: 22500 | O87: 17500 | P87: 5000 | Q87: 0.77777778 | R87: 22000 | S87: 20000 | T87: 계단식 | U87: 3 | V87: 2 | W87: 165 | Z87: 22 | AC87: #DIV/0! | AD87: 0
A88: 신흥동 | B88: 상 | C88: 중 | D88: 이스트시티2단지 | E88: 19 | F88: 2 | G88: 1.5 | H88: 2018.1 | I88: 636 | J88: 8.9 | K88: 64A | L88: 39 | M88: 19 | N88: 20000 | O88: 15000 | P88: 5000 | Q88: 0.75 | R88: 19000 | S88: 16000 | T88: 복도식 | U88: 3 | V88: 2 | W88: 35 | X88: 2024.06 | Y88: 0.04 | Z88: 19 | AA88: 16000 | AB88: 15000 | AC88: #DIV/0! | AD88: 0
A89: 대동 | B89: 상 | C89: 상 | D89: 이스트시티1단지 | E89: 34 | F89: 4.95 | G89: 4.5 | H89: 2018.11 | I89: 1345 | J89: 8.89 | K89: 113A-1, 113A, 113B | L89: 84 | M89: 34 | N89: 50000 | O89: 45000 | P89: 4500 | Q89: 0.90909091 | R89: 71000 | S89: 46600 | T89: 계단식 | U89: 3 | V89: 2 | W89: 777 | Z89: 34 | AC89: #DIV/0! | AD89: 0 | AG89: 0 | AH89: #DIV/0! | AI89: #DIV/0!
A90: 대동 | B90: 상 | C90: 상 | D90: 이스트시티1단지 | E90: 30 | F90: 4.2 | G90: 2.8 | H90: 2018.11 | I90: 1345 | J90: 8.89 | K90: 100B, 101A | L90: 74 | M90: 30 | N90: 42000 | O90: 28000 | P90: 14000 | Q90: 0.66666667 | R90: 59800 | S90: 40000 | T90: 계단식 | U90: 3 | V90: 2 | W90: 336 | Z90: 30 | AC90: #DIV/0! | AD90: 0 | AG90: 0 | AH90: #DIV/0! | AI90: #DIV/0!
A91: 대동 | B91: 상 | C91: 상 | D91: 이스트시티1단지 | E91: 26 | F91: 3.7 | G91: 2.6 | H91: 2018.11 | I91: 1345 | J91: 8.89 | K91: 86A | L91: 59 | M91: 26 | N91: 37000 | O91: 26000 | P91: 11000 | Q91: 0.7027027 | R91: 50000 | S91: 33000 | T91: 계단식 | U91: 3 | V91: 2 | W91: 232 | Z91: 26 | AC91: #DIV/0! | AD91: 0 | AG91: 0 | AH91: #DIV/0! | AI91: #DIV/0!
A92: 대성동 | B92: 중 | C92: 상 | D92: 은어송하늘채리버뷰 | E92: 33 | F92: 4.7 | G92: 3.5 | H92: 2024.07 | I92: 934 | J92: 2.93 | K92: 109A, 109AT, 110B, 110BT, 111C | L92: 84 | M92: 33 | N92: 47000 | O92: 35000 | P92: 12000 | Q92: 0.74468085 | R92: 45000 | S92: 42500 | T92: 계단식 | U92: 3 | V92: 2 | W92: 782 | Z92: 33 | AC92: #DIV/0! | AD92: 0
A93: 대성동 | B93: 중 | C93: 상 | D93: 은어송하늘채리버뷰 | E93: 30 | F93: 4.3 | G93: 2.4 | H93: 2024.07 | I93: 934 | J93: 2.93 | K93: 99A | L93: 76 | M93: 30 | N93: 43000 | O93: 24000 | P93: 19000 | Q93: 0.55813953 | R93: 40300 | S93: 39720 | T93: 계단식 | U93: 3 | V93: 2 | W93: 30 | Z93: 30 | AC93: #DIV/0! | AD93: 0 | AS93: [공급 영향 심화 버전]
A94: 대성동 | B94: 중 | C94: 상 | D94: 은어송하늘채리버뷰 | E94: 24 | F94: 3.57 | G94: 1.5 | H94: 2024.07 | I94: 934 | J94: 2.93 | K94: 78A | L94: 59 | M94: 24 | N94: 35700 | O94: 15000 | P94: 20700 | Q94: 0.42016807 | R94: 32000 | S94: 32000 | T94: 계단식 | U94: 3 | V94: 2 | W94: 122 | Z94: 24 | AC94: #DIV/0! | AD94: 0
A95: 대성동 | B95: 중 | C95: 상 | D95: 은어송코오롱하늘채2차 | E95: 35 | F95: 3.9 | G95: 2.8 | H95: 2016.09 | I95: 408 | J95: 10.91 | K95: 115B, 117A | L95: 84 | M95: 35 | N95: 35500 | O95: 28000 | P95: 11000 | Q95: 0.71794872 | R95: 44000 | S95: 31000 | T95: 계단식 | U95: 3 | V95: 2 | W95: 234 | X95: 2020.07 | Y95: 0.03 | Z95: 35 | AA95: 31454 | AB95: 27000 | AC95: #DIV/0! | AD95: 0
A96: 대성동 | B96: 중 | C96: 상 | D96: 은어송코오롱하늘채2차 | E96: 30 | F96: 3 | G96: 2.2 | H96: 2016.09 | I96: 408 | J96: 10.91 | K96: 98B, 99A | L96: 70 | M96: 30 | N96: 30000 | O96: 22000 | P96: 8000 | Q96: 0.73333333 | R96: 36500 | S96: 32000 | T96: 계단식 | U96: 3 | V96: 2 | W96: 70 | Z96: 30 | AC96: #DIV/0! | AD96: 0
A97: 대성동 | B97: 중 | C97: 상 | D97: 은어송코오롱하늘채2차 | E97: 27 | F97: 2.7 | G97: 2 | H97: 2016.09 | I97: 408 | J97: 10.91 | K97: 90 | L97: 59 | M97: 27 | N97: 27000 | O97: 20000 | P97: 7000 | Q97: 0.74074074 | R97: 31000 | S97: 28500 | T97: 계단식 | U97: 3 | V97: 2 | W97: 68 | X97: 2020.07 | Y97: 0.09 | Z97: 27 | AA97: 24229 | AB97: 21500 | AC97: #DIV/0! | AD97: 0
A98: 대성동 | B98: 중 | C98: 상 | D98: 은어송코오롱하늘채2차 | E98: 18 | F98: 1.93 | G98: 1 | H98: 2016.09 | I98: 408 | J98: 10.91 | K98: 61 | L98: 38 | M98: 18 | N98: 19300 | O98: 10000 | P98: 9300 | Q98: 0.51813472 | R98: 18000 | S98: 16500 | T98: 계단식 | U98: 3 | V98: 2 | W98: 36 | Z98: 18 | AC98: #DIV/0! | AD98: 0
A99: 가오동 | B99: 중 | C99: 중 | D99: 은어송6단지풍림아이원 | E99: 35 | F99: 2.9 | G99: 2.5 | H99: 2007.1 | I99: 451 | J99: 19.9 | K99: 114B, 114C, 115A | L99: 84 | M99: 35 | N99: 29000 | O99: 25000 | P99: 4000 | Q99: 0.86206897 | R99: 39500 | S99: 28000 | T99: 계단식 | U99: 3 | V99: 2 | W99: 451 | X99: 2021.02 | Y99: 0.04 | Z99: 35 | AA99: 34019 | AB99: 28889 | AC99: #DIV/0! | AD99: 0 | AG99: 0 | AH99: #DIV/0! | AI99: #DIV/0!
A100: 가오동 | B100: 중 | C100: 하 | D100: 은어송5단지우미린 | E100: 27 | F100: 2.9 | G100: 2.1 | H100: 2007.01 | I100: 653 | J100: 19.99 | K100: 89A, 89B, 95 | L100: 59 | M100: 27 | N100: 29000 | O100: 21000 | P100: 8000 | Q100: 0.72413793 | R100: 31500 | S100: 24500 | T100: 계단식 | U100: 3 | V100: 2 | W100: 653 | X100: 2020.01 | Y100: 0.03 | Z100: 27 | AA100: 23825 | AB100: 21000 | AC100: #DIV/0! | AD100: 0 | AG100: 0 | AH100: #DIV/0! | AI100: #DIV/0!
...

Sheet 천안동남구
B1: 상 | C1: 중
B2: 하
A3: 84 | B3: 선호도 | E3: 단지정보 (30평) | AH3: 투자결과
B4: 생활권 | C4: 생활권 내 | D4: 단지코드 | E4: 단지명 | F4: 사용승인일 | G4: 총세대수 | H4: 나이 | I4: 타입 | J4: 공급면적 | K4: 전용면적 | L4: 평형 | M4: 구조 | N4: 방수 | O4: 욕실수 | P4: 평형별 세대수 | Q4: 매 | R4: 전 | S4: 차 | T4: 전세가율 | U4: 전고 | V4: 전저 | W4: 계/복 | X4: 방 | Y4: 화 | Z4: 면적세대수 | AA4: 시기(년) | AB4: (전세가율80%이상인)기간 | AC4: 평형 | AD4: 매매가 | AE4: 전세가 | AF4: 전세가율 | AG4: 투자금 | AH4: 시기(년) | AI4: 매매가 | AJ4: 수익금 | AK4: 상승율 | AL4: 수익율
A5: 신부동 | D5: 143063 | E5: 포레나천안신부 | F5: 2023.12 | G5: 602 | H5: =2026-F5+1 | I5: 110A, 111B | J5: 110 | K5: 84 | L5: 33 | M5: 계단식 | N5: 3 | O5: 2 | P5: 222 | Q5: 47000 | R5: 32000 | S5: =Q5-R5 | T5: =R5/Q5 | W5: 계단식 | X5: 3 | Y5: 2 | Z5: 222 | AA5: 2025.01 | AB5: 0.01 | AC5: =L5 | AD5: 36000 | AE5: 34000 | AF5: =AE5/AD5 | AG5: =AD5-AE5 | AH5: 2026.04 | AI5: 47000 | AJ5: =AI5-AD5 | AK5: =(AI5-AD5)/AD5 | AL5: =AJ5/AG5
A6: 청당동 | D6: 151758 | E6: 천안롯데캐슬더청당 | F6: 2025.08 | G6: 1199 | H6: =2026-F6+1 | I6: 113A, 114B, 114C | J6: 113 | K6: 84 | L6: 34 | M6: 계단식 | N6: 3 | O6: 2 | P6: 942 | Q6: 47000 | R6: 35000 | S6: =Q6-R6 | T6: =R6/Q6 | W6: 계단식 | X6: 3 | Y6: 2 | Z6: 942 | AC6: =L6 | AF6: =AE6/AD6 | AG6: =AD6-AE6 | AH6: 2026.04 | AI6: 47000 | AJ6: =AI6-AD6 | AK6: =(AI6-AD6)/AD6 | AL6: =AJ6/AG6
A7: 봉명동 | D7: 137226 | E7: 봉명역센트럴시티 | F7: 2025.01 | G7: 816 | H7: =2026-F7+1 | I7: 114A, 114B | J7: 114 | K7: 84 | L7: 34 | M7: 계단식 | N7: 3 | O7: 2 | P7: 146 | Q7: 43800 | R7: 30000 | S7: =Q7-R7 | T7: =R7/Q7 | W7: 계단식 | X7: 3 | Y7: 2 | Z7: 146 | AC7: =L7 | AF7: =AE7/AD7 | AG7: =AD7-AE7 | AH7: 2026.04 | AI7: 43800 | AJ7: =AI7-AD7 | AK7: =(AI7-AD7)/AD7 | AL7: =AJ7/AG7 | AV7: ★중요한 것은 스스로 생각해보고 결론 내어보고 매임까지 하면서 [검증]해 나가는 것
A8: 문화동 | D8: 121930 | E8: 힐스테이트천안(주상복합) | F8: 2021.03 | G8: 451 | H8: =2026-F8+1 | I8: 120 | J8: 120 | K8: 84 | L8: 36 | M8: 계단식 | N8: 3 | O8: 2 | P8: 164 | Q8: 42000 | R8: 28000 | S8: =Q8-R8 | T8: =R8/Q8 | U8: 45000 | V8: 39000 | W8: 계단식 | X8: 3 | Y8: 2 | Z8: 164 | AC8: =L8 | AF8: =AE8/AD8 | AG8: =AD8-AE8 | AH8: 2026.04 | AI8: 42000 | AJ8: =AI8-AD8 | AK8: =(AI8-AD8)/AD8 | AL8: =AJ8/AG8
A9: 삼룡동 | D9: 146718 | E9: 호반써밋포레센트 | F9: 2023.12 | G9: 594 | H9: =2026-F9+1 | I9: 109C, 109B, 111A | J9: 109 | K9: 84 | L9: 33 | M9: 계단식 | N9: 3 | O9: 2 | P9: 430 | Q9: 42000 | R9: 30000 | S9: =Q9-R9 | T9: =R9/Q9 | W9: 계단식 | X9: 3 | Y9: 2 | Z9: 430 | AC9: =L9 | AF9: =AE9/AD9 | AG9: =AD9-AE9 | AH9: 2026.04 | AI9: 42000 | AJ9: =AI9-AD9 | AK9: =(AI9-AD9)/AD9 | AL9: =AJ9/AG9
A10: 신부동 | D10: 143063 | E10: 포레나천안신부 | F10: 2023.12 | G10: 602 | H10: =2026-F10+1 | I10: 101 | J10: 101 | K10: 76 | L10: 31 | M10: 계단식 | N10: 3 | O10: 2 | P10: 123 | Q10: 42000 | R10: 32000 | S10: =Q10-R10 | T10: =R10/Q10 | W10: 계단식 | X10: 3 | Y10: 2 | Z10: 123 | AA10: 2024.03 | AB10: 0.06 | AC10: =L10 | AD10: 33000 | AE10: 28429 | AF10: =AE10/AD10 | AG10: =AD10-AE10 | AH10: 2026.04 | AI10: 42000 | AJ10: =AI10-AD10 | AK10: =(AI10-AD10)/AD10 | AL10: =AJ10/AG10
A11: 용곡동 | D11: 186759 | E11: 천안용곡두산위브 | F11: 2025.1 | G11: 409 | H11: =2026-F11+1 | I11: 109C | J11: 109 | K11: 84 | L11: 33 | M11: 계단식 | N11: 4 | O11: 2 | P11: 3 | Q11: 42000 | R11: 25000 | S11: =Q11-R11 | T11: =R11/Q11 | W11: 계단식 | X11: 4 | Y11: 2 | Z11: 3 | AC11: =L11 | AF11: =AE11/AD11 | AG11: =AD11-AE11 | AH11: 2026.04 | AI11: 42000 | AJ11: =AI11-AD11 | AK11: =(AI11-AD11)/AD11 | AL11: =AJ11/AG11
A12: 신부동 | D12: 152942 | E12: 더샵신부센트라 | F12: 2025.06 | G12: 592 | H12: =2026-F12+1 | I12: 110A, 112B, 112C | J12: 110 | K12: 84 | L12: 33 | M12: 계단식 | N12: 3 | O12: 2 | P12: 446 | Q12: 41760 | R12: 33000 | S12: =Q12-R12 | T12: =R12/Q12 | W12: 계단식 | X12: 3 | Y12: 2 | Z12: 446 | AC12: =L12 | AF12: =AE12/AD12 | AG12: =AD12-AE12 | AH12: 2026.04 | AI12: 41760 | AJ12: =AI12-AD12 | AK12: =(AI12-AD12)/AD12 | AL12: =AJ12/AG12
A13: 용곡동 | D13: 153265 | E13: 호반써밋센트럴파크Ⅰ | F13: 2025.12 | G13: 453 | H13: =2026-F13+1 | I13: 108B | J13: 108 | K13: 84 | L13: 33 | M13: 계단식 | N13: 3 | O13: 2 | P13: 85 | Q13: 41000 | R13: 28000 | S13: =Q13-R13 | T13: =R13/Q13 | W13: 계단식 | X13: 3 | Y13: 2 | Z13: 85 | AC13: =L13 | AF13: =AE13/AD13 | AG13: =AD13-AE13 | AH13: 2026.04 | AI13: 41000 | AJ13: =AI13-AD13 | AK13: =(AI13-AD13)/AD13 | AL13: =AJ13/AG13
A14: 청당동 | D14: 134767 | E14: 행정타운센트럴두산위브 | F14: 2023.02 | G14: 655 | H14: =2026-F14+1 | I14: 111A, 111D, 111C, 111B, 113F, 114E, 114G | J14: 111 | K14: 84 | L14: 34 | M14: 계단식 | N14: 3 | O14: 2 | P14: 399 | Q14: 40500 | R14: 33000 | S14: =Q14-R14 | T14: =R14/Q14 | V14: 37500 | W14: 계단식 | X14: 3 | Y14: 2 | Z14: 399 | AC14: =L14 | AF14: =AE14/AD14 | AG14: =AD14-AE14 | AH14: 2026.04 | AI14: 40500 | AJ14: =AI14-AD14 | AK14: =(AI14-AD14)/AD14 | AL14: =AJ14/AG14
A15: 삼룡동 | D15: 146718 | E15: 호반써밋포레센트 | F15: 2023.12 | G15: 594 | H15: =2026-F15+1 | I15: 100C, 101B, 102A | J15: 100 | K15: 76 | L15: 30 | M15: 계단식 | N15: 3 | O15: 2 | P15: 160 | Q15: 40000 | R15: 22000 | S15: =Q15-R15 | T15: =R15/Q15 | W15: 계단식 | X15: 3 | Y15: 2 | Z15: 160 | AC15: =L15 | AF15: =AE15/AD15 | AG15: =AD15-AE15 | AH15: 2026.04 | AI15: 40000 | AJ15: =AI15-AD15 | AK15: =(AI15-AD15)/AD15 | AL15: =AJ15/AG15
A16: 용곡동 | D16: 186759 | E16: 천안용곡두산위브 | F16: 2025.1 | G16: 409 | H16: =2026-F16+1 | I16: 109A, 110B | J16: 109 | K16: 84 | L16: 33 | M16: 계단식 | N16: 3 | O16: 2 | P16: 34 | Q16: 39500 | R16: 25000 | S16: =Q16-R16 | T16: =R16/Q16 | W16: 계단식 | X16: 3 | Y16: 2 | Z16: 34 | AC16: =L16 | AF16: =AE16/AD16 | AG16: =AD16-AE16 | AH16: 2026.04 | AI16: 39500 | AJ16: =AI16-AD16 | AK16: =(AI16-AD16)/AD16 | AL16: =AJ16/AG16
A17: 문화동 | D17: 126749 | E17: 천안역필하우스에듀시티1단지 | F17: 2022.04 | G17: 1532 | H17: =2026-F17+1 | I17: 112A, 113B, 114C, 114D | J17: 112 | K17: 84 | L17: 34 | M17: 계단식 | N17: 3 | O17: 2 | P17: 913 | Q17: 38800 | R17: 29000 | S17: =Q17-R17 | T17: =R17/Q17 | U17: 35500 | V17: 30000 | W17: 계단식 | X17: 3 | Y17: 2 | Z17: 913 | AC17: =L17 | AF17: =AE17/AD17 | AG17: =AD17-AE17 | AH17: 2026.04 | AI17: 38800 | AJ17: =AI17-AD17 | AK17: =(AI17-AD17)/AD17 | AL17: =AJ17/AG17
A18: 신부동 | D18: 110256 | E18: 힐스테이트천안신부 | F18: 2017.08 | G18: 984 | H18: =2026-F18+1 | I18: 113 | J18: 113 | K18: 84 | L18: 34 | M18: 계단식 | N18: 3 | O18: 2 | P18: 262 | Q18: 37800 | R18: 31000 | S18: =Q18-R18 | T18: =R18/Q18 | U18: 56000 | V18: 36600 | W18: 계단식 | X18: 3 | Y18: 2 | Z18: 262 | AC18: =L18 | AF18: =AE18/AD18 | AG18: =AD18-AE18 | AH18: 2026.04 | AI18: 37800 | AJ18: =AI18-AD18 | AK18: =(AI18-AD18)/AD18 | AL18: =AJ18/AG18
A19: 다가동 | D19: 145699 | E19: 천안극동스타클래스더퍼스트 | F19: 2025.01 | G19: 1225 | H19: =2026-F19+1 | I19: 112A, 113B | J19: 112 | K19: 84 | L19: 34 | M19: 계단식 | N19: 3 | O19: 2 | P19: 123 | Q19: 37000 | R19: 24000 | S19: =Q19-R19 | T19: =R19/Q19 | W19: 계단식 | X19: 3 | Y19: 2 | Z19: 123 | AC19: =L19 | AF19: =AE19/AD19 | AG19: =AD19-AE19 | AH19: 2026.04 | AI19: 37000 | AJ19: =AI19-AD19 | AK19: =(AI19-AD19)/AD19 | AL19: =AJ19/AG19
A20: 문화동 | D20: 121930 | E20: 힐스테이트천안(주상복합) | F20: 2021.03 | G20: 451 | H20: =2026-F20+1 | I20: 106 | J20: 106 | K20: 74 | L20: 32 | M20: 계단식 | N20: 3 | O20: 2 | P20: 123 | Q20: 37000 | R20: 25000 | S20: =Q20-R20 | T20: =R20/Q20 | U20: 41800 | V20: 39000 | W20: 계단식 | X20: 3 | Y20: 2 | Z20: 123 | AC20: =L20 | AF20: =AE20/AD20 | AG20: =AD20-AE20 | AH20: 2026.04 | AI20: 37000 | AJ20: =AI20-AD20 | AK20: =(AI20-AD20)/AD20 | AL20: =AJ20/AG20
A21: 봉명동 | D21: 124679 | E21: e편한세상봉명아너리움 | F21: 2020.06 | G21: 459 | H21: =2026-F21+1 | I21: 113 | J21: 113 | K21: 84 | L21: 34 | M21: 계단식 | N21: 3 | O21: 2 | P21: 98 | Q21: 37000 | R21: 30000 | S21: =Q21-R21 | T21: =R21/Q21 | V21: 34400 | W21: 계단식 | X21: 3 | Y21: 2 | Z21: 98 | AC21: =L21 | AF21: =AE21/AD21 | AG21: =AD21-AE21 | AH21: 2026.04 | AI21: 37000 | AJ21: =AI21-AD21 | AK21: =(AI21-AD21)/AD21 | AL21: =AJ21/AG21 | AV21: >>> 인사이트 (가격을 통해 찾은 내용)
A22: 신부동 | D22: 109735 | E22: 신부디이스트 | F22: 2018.05 | G22: 2144 | H22: =2026-F22+1 | I22: 113A, 114B | J22: 113 | K22: 84 | L22: 34 | M22: 계단식 | N22: 3 | O22: 2 | P22: 448 | Q22: 37000 | R22: 32000 | S22: =Q22-R22 | T22: =R22/Q22 | U22: 56800 | V22: 37500 | W22: 계단식 | X22: 3 | Y22: 2 | Z22: 448 | AA22: 2020.01 | AB22: 0.01 | AC22: =L22 | AD22: 33525 | AE22: 27167 | AF22: =AE22/AD22 | AG22: =AD22-AE22 | AH22: 2026.04 | AI22: 37000 | AJ22: =AI22-AD22 | AK22: =(AI22-AD22)/AD22 | AL22: =AJ22/AG22
A23: 청당동 | D23: 129755 | E23: 청당서희스타힐스 | F23: 2022.12 | G23: 741 | H23: =2026-F23+1 | I23: 111 | J23: 111 | K23: 84 | L23: 34 | M23: 계단식 | N23: 3 | O23: 2 | P23: 227 | Q23: 37000 | R23: 32000 | S23: =Q23-R23 | T23: =R23/Q23 | U23: 33020 | V23: 32500 | W23: 계단식 | X23: 3 | Y23: 2 | Z23: 227 | AC23: =L23 | AF23: =AE23/AD23 | AG23: =AD23-AE23 | AH23: 2026.04 | AI23: 37000 | AJ23: =AI23-AD23 | AK23: =(AI23-AD23)/AD23 | AL23: =AJ23/AG23
A24: 청당동 | D24: 134767 | E24: 행정타운센트럴두산위브 | F24: 2023.02 | G24: 655 | H24: =2026-F24+1 | I24: 98A, 98B | J24: 98 | K24: 74 | L24: 30 | M24: 계단식 | N24: 3 | O24: 2 | P24: 256 | Q24: 37000 | R24: 25000 | S24: =Q24-R24 | T24: =R24/Q24 | V24: 30300 | W24: 계단식 | X24: 3 | Y24: 2 | Z24: 256 | AC24: =L24 | AF24: =AE24/AD24 | AG24: =AD24-AE24 | AH24: 2026.04 | AI24: 37000 | AJ24: =AI24-AD24 | AK24: =(AI24-AD24)/AD24 | AL24: =AJ24/AG24
A25: 청당동 | D25: 107332 | E25: 청수포레나 | F25: 2015.07 | G25: 468 | H25: =2026-F25+1 | I25: 112B, 113A, 113C | J25: 112 | K25: 86 | L25: 34 | M25: 계단식 | N25: 3 | O25: 2 | P25: 416 | Q25: 36000 | R25: 25000 | S25: =Q25-R25 | T25: =R25/Q25 | U25: 52500 | V25: 33000 | W25: 계단식 | X25: 3 | Y25: 2 | Z25: 416 | AA25: 2020.01 | AB25: 0.01 | AC25: =L25 | AD25: 31900 | AE25: 27000 | AF25: =AE25/AD25 | AG25: =AD25-AE25 | AH25: 2026.04 | AI25: 36000 | AJ25: =AI25-AD25 | AK25: =(AI25-AD25)/AD25 | AL25: =AJ25/AG25
A26: 청수동 | D26: 133523 | E26: 청수행정타운금호어울림 | F26: 2023.01 | G26: 584 | H26: =2026-F26+1 | I26: 109 | J26: 109 | K26: 84 | L26: 33 | M26: 계단식 | N26: 3 | O26: 2 | P26: 102 | Q26: 36000 | R26: 23000 | S26: =Q26-R26 | T26: =R26/Q26 | V26: 30790 | W26: 계단식 | X26: 3 | Y26: 2 | Z26: 102 | AC26: =L26 | AF26: =AE26/AD26 | AG26: =AD26-AE26 | AH26: 2026.04 | AI26: 36000 | AJ26: =AI26-AD26 | AK26: =(AI26-AD26)/AD26 | AL26: =AJ26/AG26
A27: 봉명동 | D27: 113728 | E27: 봉서산아이파크 | F27: 2018.1 | G27: 665 | H27: =2026-F27+1 | I27: 114A, 114B, 115C | J27: 114 | K27: 84 | L27: 34 | M27: 계단식 | N27: 3 | O27: 2 | P27: 431 | Q27: 35000 | R27: 32000 | S27: =Q27-R27 | T27: =R27/Q27 | U27: 46800 | V27: 36000 | W27: 계단식 | X27: 3 | Y27: 2 | Z27: 431 | AC27: =L27 | AF27: =AE27/AD27 | AG27: =AD27-AE27 | AH27: 2026.04 | AI27: 35000 | AJ27: =AI27-AD27 | AK27: =(AI27-AD27)/AD27 | AL27: =AJ27/AG27
A28: 신방동 | D28: 135648 | E28: 천안신방삼부르네상스 | F28: 2023.05 | G28: 830 | H28: =2026-F28+1 | I28: 111A | J28: 111 | K28: 84 | L28: 34 | M28: 계단식 | N28: 3 | O28: 2 | P28: 94 | Q28: 35000 | R28: 30000 | S28: =Q28-R28 | T28: =R28/Q28 | V28: 32230 | W28: 계단식 | X28: 3 | Y28: 2 | Z28: 94 | AC28: =L28 | AF28: =AE28/AD28 | AG28: =AD28-AE28 | AH28: 2026.04 | AI28: 35000 | AJ28: =AI28-AD28 | AK28: =(AI28-AD28)/AD28 | AL28: =AJ28/AG28
A29: 청당동 | D29: 116435 | E29: 청당코오롱하늘채 | F29: 2019.12 | G29: 1534 | H29: =2026-F29+1 | I29: 111 | J29: 111 | K29: 84 | L29: 34 | M29: 계단식 | N29: 3 | O29: 2 | P29: 354 | Q29: 35000 | R29: 28000 | S29: =Q29-R29 | T29: =R29/Q29 | U29: 50200 | V29: 33800 | W29: 계단식 | X29: 3 | Y29: 2 | Z29: 354 | AA29: 2020.09 | AB29: 0.04 | AC29: =L29 | AD29: 30112 | AE29: 25857 | AF29: =AE29/AD29 | AG29: =AD29-AE29 | AH29: 2026.04 | AI29: 35000 | AJ29: =AI29-AD29 | AK29: =(AI29-AD29)/AD29 | AL29: =AJ29/AG29
A30: 문화동 | D30: 126749 | E30: 천안역필하우스에듀시티1단지 | F30: 2022.04 | G30: 1532 | H30: =2026-F30+1 | I30: 98A, 102C | J30: 98 | K30: 73 | L30: 30 | M30: 계단식 | N30: 3 | O30: 2 | P30: 401 | Q30: 34000 | R30: 27500 | S30: =Q30-R30 | T30: =R30/Q30 | U30: 32000 | V30: 30000 | W30: 계단식 | X30: 3 | Y30: 2 | Z30: 401 | AC30: =L30 | AF30: =AE30/AD30 | AG30: =AD30-AE30 | AH30: 2026.04 | AI30: 34000 | AJ30: =AI30-AD30 | AK30: =(AI30-AD30)/AD30 | AL30: =AJ30/AG30
A31: 봉명동 | D31: 137226 | E31: 봉명역센트럴시티 | F31: 2025.01 | G31: 816 | H31: =2026-F31+1 | I31: 101B, 101A | J31: 101 | K31: 74 | L31: 31 | M31: 계단식 | N31: 3 | O31: 2 | P31: 288 | Q31: 34000 | R31: 27000 | S31: =Q31-R31 | T31: =R31/Q31 | W31: 계단식 | X31: 3 | Y31: 2 | Z31: 288 | AC31: =L31 | AF31: =AE31/AD31 | AG31: =AD31-AE31 | AH31: 2026.04 | AI31: 34000 | AJ31: =AI31-AD31 | AK31: =(AI31-AD31)/AD31 | AL31: =AJ31/AG31
A32: 신부동 | D32: 109735 | E32: 신부디이스트 | F32: 2018.05 | G32: 2144 | H32: =2026-F32+1 | I32: 100A1, 100B1, 100C | J32: 100 | K32: 74 | L32: 30 | M32: 계단식 | N32: 3 | O32: 2 | P32: 633 | Q32: 34000 | R32: 30000 | S32: =Q32-R32 | T32: =R32/Q32 | U32: 48000 | V32: 29250 | W32: 계단식 | X32: 3 | Y32: 2 | Z32: 633 | AA32: 2020.01 | AB32: 0.02 | AC32: =L32 | AD32: 27623 | AE32: 23750 | AF32: =AE32/AD32 | AG32: =AD32-AE32 | AH32: 2026.04 | AI32: 34000 | AJ32: =AI32-AD32 | AK32: =(AI32-AD32)/AD32 | AL32: =AJ32/AG32
A33: 청당동 | D33: 129755 | E33: 청당서희스타힐스 | F33: 2022.12 | G33: 741 | H33: =2026-F33+1 | I33: 98A, 98B | J33: 98 | K33: 74 | L33: 30 | M33: 계단식 | N33: 3 | O33: 2 | P33: 389 | Q33: 34000 | R33: 27000 | S33: =Q33-R33 | T33: =R33/Q33 | U33: 35500 | V33: 27150 | W33: 계단식 | X33: 3 | Y33: 2 | Z33: 389 | AC33: =L33 | AF33: =AE33/AD33 | AG33: =AD33-AE33 | AH33: 2026.04 | AI33: 34000 | AJ33: =AI33-AD33 | AK33: =(AI33-AD33)/AD33 | AL33: =AJ33/AG33
A34: 청당동 | D34: 151758 | E34: 천안롯데캐슬더청당 | F34: 2025.08 | G34: 1199 | H34: =2026-F34+1 | I34: 82A, 82B | J34: 82 | K34: 59 | L34: 25 | M34: 계단식 | N34: 3 | O34: 2 | P34: 145 | Q34: 34000 | R34: 23000 | S34: =Q34-R34 | T34: =R34/Q34 | W34: 계단식 | X34: 3 | Y34: 2 | Z34: 145 | AC34: =L34 | AF34: =AE34/AD34 | AG34: =AD34-AE34 | AH34: 2026.04 | AI34: 34000 | AJ34: =AI34-AD34 | AK34: =(AI34-AD34)/AD34 | AL34: =AJ34/AG34
A35: 청당동 | D35: 111627 | E35: 청당한양수자인블루시티 | F35: 2018.03 | G35: 999 | H35: =2026-F35+1 | I35: 113A, 114B | J35: 113 | K35: 84 | L35: 34 | M35: 계단식 | N35: 3 | O35: 2 | P35: 622 | Q35: 33000 | R35: 28000 | S35: =Q35-R35 | T35: =R35/Q35 | U35: 50000 | V35: 29000 | W35: 계단식 | X35: 3 | Y35: 2 | Z35: 622 | AC35: =L35 | AF35: =AE35/AD35 | AG35: =AD35-AE35 | AH35: 2026.04 | AI35: 33000 | AJ35: =AI35-AD35 | AK35: =(AI35-AD35)/AD35 | AL35: =AJ35/AG35
A36: 봉명동 | D36: 124679 | E36: e편한세상봉명아너리움 | F36: 2020.06 | G36: 459 | H36: =2026-F36+1 | I36: 109 | J36: 109 | K36: 79 | L36: 33 | M36: 계단식 | N36: 3 | O36: 2 | P36: 80 | Q36: 32500 | R36: 27000 | S36: =Q36-R36 | T36: =R36/Q36 | U36: 37500 | V36: 32000 | W36: 계단식 | X36: 3 | Y36: 2 | Z36: 80 | AA36: 2024.06 | AB36: 0.01 | AC36: =L36 | AD36: 34100 | AE36: 28000 | AF36: =AE36/AD36 | AG36: =AD36-AE36 | AH36: 2026.04 | AI36: 32500 | AJ36: =AI36-AD36 | AK36: =(AI36-AD36)/AD36 | AL36: =AJ36/AG36 | AV36: {=- 엑셀에 값 입력 후 생각정리}
A37: 신부동 | D37: 110256 | E37: 힐스테이트천안신부 | F37: 2017.08 | G37: 984 | H37: =2026-F37+1 | I37: 100 | J37: 100 | K37: 74 | L37: 30 | M37: 계단식 | N37: 3 | O37: 2 | P37: 337 | Q37: 32500 | R37: 26000 | S37: =Q37-R37 | T37: =R37/Q37 | U37: 44300 | V37: 30000 | W37: 계단식 | X37: 3 | Y37: 2 | Z37: 337 | AA37: 2020.02 | AB37: 0.01 | AC37: =L37 | AD37: 29512 | AE37: 23750 | AF37: =AE37/AD37 | AG37: =AD37-AE37 | AH37: 2026.04 | AI37: 32500 | AJ37: =AI37-AD37 | AK37: =(AI37-AD37)/AD37 | AL37: =AJ37/AG37
A38: 문화동 | D38: 126749 | E38: 천안역필하우스에듀시티1단지 | F38: 2022.04 | G38: 1532 | H38: =2026-F38+1 | I38: 83A, 84B | J38: 83 | K38: 59 | L38: 25 | M38: 계단식 | N38: 3 | O38: 2 | P38: 144 | Q38: 32000 | R38: 25000 | S38: =Q38-R38 | T38: =R38/Q38 | V38: 26000 | W38: 계단식 | X38: 3 | Y38: 2 | Z38: 144 | AC38: =L38 | AF38: =AE38/AD38 | AG38: =AD38-AE38 | AH38: 2026.04 | AI38: 32000 | AJ38: =AI38-AD38 | AK38: =(AI38-AD38)/AD38 | AL38: =AJ38/AG38
A39: 신부동 | D39: 152942 | E39: 더샵신부센트라 | F39: 2025.06 | G39: 592 | H39: =2026-F39+1 | I39: 82B, 85A | J39: 82 | K39: 59 | L39: 25 | M39: 계단식 | N39: 3 | O39: 2 | P39: 102 | Q39: 32000 | R39: - | S39: =Q39-R39 | T39: =R39/Q39 | W39: 계단식 | X39: 3 | Y39: 2 | Z39: 102 | AC39: =L39 | AF39: =AE39/AD39 | AG39: =AD39-AE39 | AH39: 2026.04 | AI39: 32000 | AJ39: =AI39-AD39 | AK39: =(AI39-AD39)/AD39 | AL39: =AJ39/AG39
A40: 신부동 | D40: 26534 | E40: 휴먼시아 | F40: 2009.09 | G40: 497 | H40: =2026-F40+1 | I40: 112A, 112B, 113C, 113D | J40: 112 | K40: 84 | L40: 34 | M40: 계단식 | N40: 3 | O40: 2 | P40: 351 | Q40: 32000 | R40: 28000 | S40: =Q40-R40 | T40: =R40/Q40 | U40: 42700 | V40: 30200 | W40: 계단식 | X40: 3 | Y40: 2 | Z40: 351 | AA40: 2021.09 | AB40: 0.01 | AC40: =L40 | AD40: 35275 | AE40: 30667 | AF40: =AE40/AD40 | AG40: =AD40-AE40 | AH40: 2026.04 | AI40: 32000 | AJ40: =AI40-AD40 | AK40: =(AI40-AD40)/AD40 | AL40: =AJ40/AG40
A41: 용곡동 | D41: 26258 | E41: 용곡한라비발디 | F41: 2010.06 | G41: 1163 | H41: =2026-F41+1 | I41: 115B, 115A, 120 | J41: 115 | K41: 84 | L41: 35 | M41: 계단식 | N41: 3 | O41: 2 | P41: 605 | Q41: 32000 | R41: 25000 | S41: =Q41-R41 | T41: =R41/Q41 | U41: 40000 | V41: 32000 | W41: 계단식 | X41: 3 | Y41: 2 | Z41: 605 | AA41: 2021.02 | AB41: 0.01 | AC41: =L41 | AD41: 31647 | AE41: 29500 | AF41: =AE41/AD41 | AG41: =AD41-AE41 | AH41: 2026.04 | AI41: 32000 | AJ41: =AI41-AD41 | AK41: =(AI41-AD41)/AD41 | AL41: =AJ41/AG41
A42: 봉명동 | D42: 113728 | E42: 봉서산아이파크 | F42: 2018.1 | G42: 665 | H42: =2026-F42+1 | I42: 86 | J42: 86 | K42: 59 | L42: 26 | M42: 계단식 | N42: 3 | O42: 2 | P42: 110 | Q42: 31000 | R42: 24000 | S42: =Q42-R42 | T42: =R42/Q42 | U42: 36900 | V42: 26000 | W42: 계단식 | X42: 3 | Y42: 2 | Z42: 110 | AC42: =L42 | AF42: =AE42/AD42 | AG42: =AD42-AE42 | AH42: 2026.04 | AI42: 31000 | AJ42: =AI42-AD42 | AK42: =(AI42-AD42)/AD42 | AL42: =AJ42/AG42
A43: 신부동 | D43: 109735 | E43: 신부디이스트 | F43: 2018.05 | G43: 2144 | H43: =2026-F43+1 | I43: 99A, 99B | J43: 99 | K43: 72 | L43: 30 | M43: 계단식 | N43: 3 | O43: 2 | P43: 437 | Q43: 31000 | R43: 25000 | S43: =Q43-R43 | T43: =R43/Q43 | U43: 40000 | V43: 29250 | W43: 계단식 | X43: 3 | Y43: 2 | Z43: 437 | AA43: 2020.01 | AB43: 0.01 | AC43: =L43 | AD43: 26850 | AE43: 23000 | AF43: =AE43/AD43 | AG43: =AD43-AE43 | AH43: 2026.04 | AI43: 31000 | AJ43: =AI43-AD43 | AK43: =(AI43-AD43)/AD43 | AL43: =AJ43/AG43
A44: 청당동 | D44: 110995 | E44: 행정타운두산위브더파크 | F44: 2018.05 | G44: 1105 | H44: =2026-F44+1 | I44: 112A, 112C, 112B | J44: 112 | K44: 84 | L44: 34 | M44: 계단식 | N44: 3 | O44: 2 | P44: 942 | Q44: 31000 | R44: 27000 | S44: =Q44-R44 | T44: =R44/Q44 | U44: 50000 | V44: 29000 | W44: 계단식 | X44: 3 | Y44: 2 | Z44: 942 | AC44: =L44 | AF44: =AE44/AD44 | AG44: =AD44-AE44 | AH44: 2026.04 | AI44: 31000 | AJ44: =AI44-AD44 | AK44: =(AI44-AD44)/AD44 | AL44: =AJ44/AG44
A45: 청당동 | D45: 116435 | E45: 청당코오롱하늘채 | F45: 2019.12 | G45: 1534 | H45: =2026-F45+1 | I45: 94 | J45: 94 | K45: 71 | L45: 28 | M45: 계단식 | N45: 3 | O45: 2 | P45: 588 | Q45: 31000 | R45: 26000 | S45: =Q45-R45 | T45: =R45/Q45 | U45: 42800 | V45: 26000 | W45: 계단식 | X45: 3 | Y45: 2 | Z45: 588 | AA45: 2021.04 | AB45: 0.05 | AC45: =L45 | AD45: 34080 | AE45: 32167 | AF45: =AE45/AD45 | AG45: =AD45-AE45 | AH45: 2026.04 | AI45: 31000 | AJ45: =AI45-AD45 | AK45: =(AI45-AD45)/AD45 | AL45: =AJ45/AG45
A46: 청수동 | D46: 133523 | E46: 청수행정타운금호어울림 | F46: 2023.01 | G46: 584 | H46: =2026-F46+1 | I46: 96 | J46: 96 | K46: 72 | L46: 29 | M46: 계단식 | N46: 3 | O46: 2 | P46: 224 | Q46: 30500 | R46: 21500 | S46: =Q46-R46 | T46: =R46/Q46 | V46: 27000 | W46: 계단식 | X46: 3 | Y46: 2 | Z46: 224 | AC46: =L46 | AF46: =AE46/AD46 | AG46: =AD46-AE46 | AH46: 2026.04 | AI46: 30500 | AJ46: =AI46-AD46 | AK46: =(AI46-AD46)/AD46 | AL46: =AJ46/AG46
A47: 문화동 | D47: 121930 | E47: 힐스테이트천안(주상복합) | F47: 2021.03 | G47: 451 | H47: =2026-F47+1 | I47: 86 | J47: 86 | K47: 59 | L47: 26 | M47: 계단식 | N47: 3 | O47: 2 | P47: 164 | Q47: 30000 | R47: 26000 | S47: =Q47-R47 | T47: =R47/Q47 | U47: 39000 | V47: 28700 | W47: 계단식 | X47: 3 | Y47: 2 | Z47: 164 | AC47: =L47 | AF47: =AE47/AD47 | AG47: =AD47-AE47 | AH47: 2026.04 | AI47: 30000 | AJ47: =AI47-AD47 | AK47: =(AI47-AD47)/AD47 | AL47: =AJ47/AG47
A48: 봉명동 | D48: 137226 | E48: 봉명역센트럴시티 | F48: 2025.01 | G48: 816 | H48: =2026-F48+1 | I48: 88B, 88A | J48: 88 | K48: 64 | L48: 27 | M48: 계단식 | N48: 3 | O48: 2 | P48: 122 | Q48: 29000 | R48: 24000 | S48: =Q48-R48 | T48: =R48/Q48 | W48: 계단식 | X48: 3 | Y48: 2 | Z48: 122 | AC48: =L48 | AF48: =AE48/AD48 | AG48: =AD48-AE48 | AH48: 2026.04 | AI48: 29000 | AJ48: =AI48-AD48 | AK48: =(AI48-AD48)/AD48 | AL48: =AJ48/AG48 | AV48: >>> 투자 적용 및 질문 등으로 파트 나눠볼 수 있음
A49: 청당동 | D49: 26891 | E49: 천안청수한양수자인 | F49: 2011.01 | G49: 1020 | H49: =2026-F49+1 | I49: 110A, 110B, 110C, 111D, 112E | J49: 110 | K49: 84 | L49: 33 | M49: 계단식 | N49: 3 | O49: 2 | P49: 1020 | Q49: 29000 | R49: 30000 | S49: =Q49-R49 | T49: =R49/Q49 | U49: 50000 | V49: 20000 | W49: 계단식 | X49: 3 | Y49: 2 | Z49: 1020 | AC49: =L49 | AF49: =AE49/AD49 | AG49: =AD49-AE49 | AH49: 2026.04 | AI49: 29000 | AJ49: =AI49-AD49 | AK49: =(AI49-AD49)/AD49 | AL49: =AJ49/AG49
A50: 청당동 | D50: 129755 | E50: 청당서희스타힐스 | F50: 2022.12 | G50: 741 | H50: =2026-F50+1 | I50: 78A, 81B | J50: 78 | K50: 59 | L50: 24 | M50: 계단식 | N50: 3 | O50: 2 | P50: 125 | Q50: 29000 | R50: 26000 | S50: =Q50-R50 | T50: =R50/Q50 | U50: 24470 | V50: 23500 | W50: 계단식 | X50: 3 | Y50: 2 | Z50: 125 | AA50: 2023.09 | AB50: 0.02 | AC50: =L50 | AD50: 24750 | AE50: 20850 | AF50: =AE50/AD50 | AG50: =AD50-AE50 | AH50: 2026.04 | AI50: 29000 | AJ50: =AI50-AD50 | AK50: =(AI50-AD50)/AD50 | AL50: =AJ50/AG50
A51: 청당동 | D51: 110995 | E51: 행정타운두산위브더파크 | F51: 2018.05 | G51: 1105 | H51: =2026-F51+1 | I51: 98A, 99B | J51: 98 | K51: 72 | L51: 30 | M51: 계단식 | N51: 3 | O51: 2 | P51: 163 | Q51: 29000 | R51: 22000 | S51: =Q51-R51 | T51: =R51/Q51 | U51: 38500 | V51: 29500 | W51: 계단식 | X51: 3 | Y51: 2 | Z51: 163 | AA51: 2019.12 | AB51: 0.01 | AC51: =L51 | AD51: 24968 | AE51: 20000 | AF51: =AE51/AD51 | AG51: =AD51-AE51 | AH51: 2026.04 | AI51: 29000 | AJ51: =AI51-AD51 | AK51: =(AI51-AD51)/AD51 | AL51: =AJ51/AG51
A52: 신부동 | D52: 110256 | E52: 힐스테이트천안신부 | F52: 2017.08 | G52: 984 | H52: =2026-F52+1 | I52: 80 | J52: 80 | K52: 59 | L52: 24 | M52: 계단식 | N52: 3 | O52: 2 | P52: 385 | Q52: 28500 | R52: 24000 | S52: =Q52-R52 | T52: =R52/Q52 | U52: 38500 | V52: 25000 | W52: 계단식 | X52: 3 | Y52: 2 | Z52: 385 | AC52: =L52 | AF52: =AE52/AD52 | AG52: =AD52-AE52 | AH52: 2026.04 | AI52: 28500 | AJ52: =AI52-AD52 | AK52: =(AI52-AD52)/AD52 | AL52: =AJ52/AG52
A53: 청당동 | D53: 111627 | E53: 청당한양수자인블루시티 | F53: 2018.03 | G53: 999 | H53: =2026-F53+1 | I53: 99B, 99A | J53: 99 | K53: 73 | L53: 30 | M53: 계단식 | N53: 3 | O53: 2 | P53: 377 | Q53: 28500 | R53: 25000 | S53: =Q53-R53 | T53: =R53/Q53 | U53: 42000 | V53: 25000 | W53: 계단식 | X53: 3 | Y53: 2 | Z53: 377 | AC53: =L53 | AF53: =AE53/AD53 | AG53: =AD53-AE53 | AH53: 2026.04 | AI53: 28500 | AJ53: =AI53-AD53 | AK53: =(AI53-AD53)/AD53 | AL53: =AJ53/AG53
A54: 봉명동 | D54: 124679 | E54: e편한세상봉명아너리움 | F54: 2020.06 | G54: 459 | H54: =2026-F54+1 | I54: 84 | J54: 84 | K54: 59 | L54: 25 | M54: 계단식 | N54: 3 | O54: 2 | P54: 281 | Q54: 28000 | R54: 22000 | S54: =Q54-R54 | T54: =R54/Q54 | U54: 33000 | V54: 25500 | W54: 계단식 | X54: 3 | Y54: 2 | Z54: 281 | AC54: =L54 | AF54: =AE54/AD54 | AG54: =AD54-AE54 | AH54: 2026.04 | AI54: 28000 | AJ54: =AI54-AD54 | AK54: =(AI54-AD54)/AD54 | AL54: =AJ54/AG54
A55: 봉명동 | D55: 137226 | E55: 봉명역센트럴시티 | F55: 2025.01 | G55: 816 | H55: =2026-F55+1 | I55: 82 | J55: 82 | K55: 59 | L55: 25 | M55: 계단식 | N55: 3 | O55: 2 | P55: 210 | Q55: 28000 | R55: 22000 | S55: =Q55-R55 | T55: =R55/Q55 | W55: 계단식 | X55: 3 | Y55: 2 | Z55: 210 | AC55: =L55 | AF55: =AE55/AD55 | AG55: =AD55-AE55 | AH55: 2026.04 | AI55: 28000 | AJ55: =AI55-AD55 | AK55: =(AI55-AD55)/AD55 | AL55: =AJ55/AG55 | AV55: >>> 결론 (찾은 내용을 바탕으로 기준 및 우선순위 정리)
A56: 신부동 | D56: 109735 | E56: 신부디이스트 | F56: 2018.05 | G56: 2144 | H56: =2026-F56+1 | I56: 81B, 81C, 82A | J56: 81 | K56: 59 | L56: 25 | M56: 계단식 | N56: 3 | O56: 2 | P56: 626 | Q56: 27000 | R56: 24000 | S56: =Q56-R56 | T56: =R56/Q56 | U56: 35900 | V56: 26000 | W56: 계단식 | X56: 3 | Y56: 2 | Z56: 626 | AC56: =L56 | AF56: =AE56/AD56 | AG56: =AD56-AE56 | AH56: 2026.04 | AI56: 27000 | AJ56: =AI56-AD56 | AK56: =(AI56-AD56)/AD56 | AL56: =AJ56/AG56
A57: 용곡동 | D57: 107116 | E57: 용곡동일하이빌하이씨티4단지 | F57: 2015.08 | G57: 379 | H57: =2026-F57+1 | I57: 111 | J57: 111 | K57: 84 | L57: 34 | M57: 계단식 | N57: 3 | O57: 2 | P57: 265 | Q57: 27000 | R57: 22000 | S57: =Q57-R57 | T57: =R57/Q57 | U57: 36500 | V57: 30000 | W57: 계단식 | X57: 3 | Y57: 2 | Z57: 265 | AA57: 2025.08 | AB57: 0.01 | AC57: =L57 | AD57: 28900 | AE57: 23200 | AF57: =AE57/AD57 | AG57: =AD57-AE57 | AH57: 2026.04 | AI57: 27000 | AJ57: =AI57-AD57 | AK57: =(AI57-AD57)/AD57 | AL57: =AJ57/AG57
A58: 다가동 | D58: 110996 | E58: 일봉산해피트리 | F58: 2017.12 | G58: 546 | H58: =2026-F58+1 | I58: 114C, 115A, 115B | J58: 114 | K58: 84 | L58: 34 | M58: 계단식 | N58: 3 | O58: 2 | P58: 546 | Q58: 26000 | R58: 21000 | S58: =Q58-R58 | T58: =R58/Q58 | U58: 34000 | V58: 22000 | W58: 계단식 | X58: 3 | Y58: 2 | Z58: 546 | AA58: 2021.02 | AB58: 0.04 | AC58: =L58 | AD58: 26893 | AE58: 23278 | AF58: =AE58/AD58 | AG58: =AD58-AE58 | AH58: 2026.04 | AI58: 26000 | AJ58: =AI58-AD58 | AK58: =(AI58-AD58)/AD58 | AL58: =AJ58/AG58
A59: 청수동 | D59: 133523 | E59: 청수행정타운금호어울림 | F59: 2023.01 | G59: 584 | H59: =2026-F59+1 | I59: 80 | J59: 80 | K59: 59 | L59: 24 | M59: 계단식 | N59: 3 | O59: 2 | P59: 258 | Q59: 26000 | R59: 22000 | S59: =Q59-R59 | T59: =R59/Q59 | V59: 20500 | W59: 계단식 | X59: 3 | Y59: 2 | Z59: 258 | AC59: =L59 | AF59: =AE59/AD59 | AG59: =AD59-AE59 | AH59: 2026.04 | AI59: 26000 | AJ59: =AI59-AD59 | AK59: =(AI59-AD59)/AD59 | AL59: =AJ59/AG59
A60: 신부동 | D60: 26534 | E60: 휴먼시아 | F60: 2009.09 | G60: 497 | H60: =2026-F60+1 | I60: 79A, 79B | J60: 79 | K60: 59 | L60: 24 | M60: 계단식 | N60: 3 | O60: 2 | P60: 82 | Q60: 25700 | R60: 22000 | S60: =Q60-R60 | T60: =R60/Q60 | U60: 27000 | V60: 23800 | W60: 계단식 | X60: 3 | Y60: 2 | Z60: 82 | AA60: 2019.05 | AB60: 0.01 | AC60: =L60 | AD60: 21625 | AE60: 17583 | AF60: =AE60/AD60 | AG60: =AD60-AE60 | AH60: 2026.04 | AI60: 25700 | AJ60: =AI60-AD60 | AK60: =(AI60-AD60)/AD60 | AL60: =AJ60/AG60 | AV60: {=- 호갱노노 그래프}
A61: 다가동 | D61: 145699 | E61: 천안극동스타클래스더퍼스트 | F61: 2025.01 | G61: 1225 | H61: =2026-F61+1 | I61: 80A, 81B | J61: 80 | K61: 59 | L61: 24 | M61: 계단식 | N61: 3 | O61: 2 | P61: 664 | Q61: 25500 | R61: 22000 | S61: =Q61-R61 | T61: =R61/Q61 | W61: 계단식 | X61: 3 | Y61: 2 | Z61: 664 | AC61: =L61 | AF61: =AE61/AD61 | AG61: =AD61-AE61 | AH61: 2026.04 | AI61: 25500 | AJ61: =AI61-AD61 | AK61: =(AI61-AD61)/AD61 | AL61: =AJ61/AG61
A62: 신방동 | D62: 100359 | E62: 신방한성필하우스 | F62: 2010.06 | G62: 1049 | H62: =2026-F62+1 | I62: 111C, 111A, 111B | J62: 111 | K62: 84 | L62: 34 | M62: 계단식 | N62: 3 | O62: 2 | P62: 515 | Q62: 25500 | R62: 23000 | S62: =Q62-R62 | T62: =R62/Q62 | U62: 39900 | V62: 27000 | W62: 계단식 | X62: 3 | Y62: 2 | Z62: 515 | AA62: 2026.04 | AB62: 0.03 | AC62: =L62 | AD62: 25529 | AE62: 22000 | AF62: =AE62/AD62 | AG62: =AD62-AE62 | AH62: 2026.04 | AI62: 25500 | AJ62: =AI62-AD62 | AK62: =(AI62-AD62)/AD62 | AL62: =AJ62/AG62
A63: 용곡동 | D63: 26813 | E63: 용곡우림필유 | F63: 2009.1 | G63: 499 | H63: =2026-F63+1 | I63: 117B, 118A | J63: 117 | K63: 84 | L63: 35 | M63: 계단식 | N63: 3 | O63: 2 | P63: 323 | Q63: 25500 | R63: 22000 | S63: =Q63-R63 | T63: =R63/Q63 | U63: 33000 | V63: 24000 | W63: 계단식 | X63: 3 | Y63: 2 | Z63: 323 | AA63: 2020.03 | AB63: 0.01 | AC63: =L63 | AD63: 23000 | AE63: 19833 | AF63: =AE63/AD63 | AG63: =AD63-AE63 | AH63: 2026.04 | AI63: 25500 | AJ63: =AI63-AD63 | AK63: =(AI63-AD63)/AD63 | AL63: =AJ63/AG63
A64: 청당동 | D64: 116435 | E64: 청당코오롱하늘채 | F64: 2019.12 | G64: 1534 | H64: =2026-F64+1 | I64: 79A, 80C, 80B | J64: 79 | K64: 59 | L64: 24 | M64: 계단식 | N64: 3 | O64: 2 | P64: 592 | Q64: 25000 | R64: 23000 | S64: =Q64-R64 | T64: =R64/Q64 | U64: 33000 | V64: 22000 | W64: 계단식 | X64: 3 | Y64: 2 | Z64: 592 | AC64: =L64 | AF64: =AE64/AD64 | AG64: =AD64-AE64 | AH64: 2026.04 | AI64: 25000 | AJ64: =AI64-AD64 | AK64: =(AI64-AD64)/AD64 | AL64: =AJ64/AG64
A65: 청당동 | D65: 110018 | E65: 중흥에스클래스산운마을 | F65: 2009.12 | G65: 504 | H65: =2026-F65+1 | I65: 109B, 110A | J65: 109 | K65: 84 | L65: 33 | M65: 계단식 | N65: 3 | O65: 2 | P65: 499 | Q65: 25000 | R65: 23000 | S65: =Q65-R65 | T65: =R65/Q65 | U65: 33900 | V65: 19000 | W65: 계단식 | X65: 3 | Y65: 2 | Z65: 499 | AA65: 2024.12 | AB65: 0.01 | AC65: =L65 | AD65: 26962 | AE65: 22000 | AF65: =AE65/AD65 | AG65: =AD65-AE65 | AH65: 2026.04 | AI65: 25000 | AJ65: =AI65-AD65 | AK65: =(AI65-AD65)/AD65 | AL65: =AJ65/AG65
A66: 구성동 | D66: 26577 | E66: 휴먼시아 | F66: 2010.07 | G66: 473 | H66: =2026-F66+1 | I66: 113A | J66: 113 | K66: 84 | L66: 34 | M66: 복합식 | N66: 3 | O66: 2 | P66: 214 | Q66: 24000 | R66: 19000 | S66: =Q66-R66 | T66: =R66/Q66 | U66: 30000 | V66: 22900 | W66: 복합식 | X66: 3 | Y66: 2 | Z66: 214 | AA66: 2026.02 | AB66: 0.05 | AC66: =L66 | AD66: 20575 | AE66: 18333 | AF66: =AE66/AD66 | AG66: =AD66-AE66 | AH66: 2026.04 | AI66: 24000 | AJ66: =AI66-AD66 | AK66: =(AI66-AD66)/AD66 | AL66: =AJ66/AG66 | AV66: 1. 생활권 별 / 선호도 별 단지 추출 (상중하)
A67: 풍세면 | D67: 140850 | E67: 천안한양수자인에코시티 | F67: 2023.12 | G67: 3200 | H67: =2026-F67+1 | I67: 96 | J67: 96 | K67: 75 | L67: 29 | M67: 계단식 | N67: 3 | O67: 2 | P67: 524 | Q67: 24000 | R67: 17000 | S67: =Q67-R67 | T67: =R67/Q67 | W67: 계단식 | X67: 3 | Y67: 2 | Z67: 524 | AC67: =L67 | AF67: =AE67/AD67 | AG67: =AD67-AE67 | AH67: 2026.04 | AI67: 24000 | AJ67: =AI67-AD67 | AK67: =(AI67-AD67)/AD67 | AL67: =AJ67/AG67
B68: 하 | C68: 상 | F68: 2020.11 | G68: 2267 | H68: =2026-F68+1 | I68: 64 | J68: 64 | K68: 43 | L68: 19 | Q68: 23500 | R68: 20000 | S68: =Q68-R68 | T68: =R68/Q68 | U68: 30000 | V68: 23000 | W68: 계단식 | X68: 2 | Y68: 1 | Z68: 100 | AC68: =L68 | AF68: =AE68/AD68 | AG68: =AD68-AE68
A69: 신방동 | D69: 26517 | E69: 천안신방푸르지오 | F69: 2009.01 | G69: 417 | H69: =2026-F69+1 | I69: 105C, 106A, 106B | J69: 105 | K69: 84 | L69: 32 | M69: 계단식 | N69: 3 | O69: 2 | P69: 417 | Q69: 22500 | R69: 23000 | S69: =Q69-R69 | T69: =R69/Q69 | U69: 30500 | V69: 18000 | W69: 계단식 | X69: 3 | Y69: 2 | Z69: 417 | AA69: 2020.02 | AB69: 0.02 | AC69: =L69 | AD69: 19196 | AE69: 15972 | AF69: =AE69/AD69 | AG69: =AD69-AE69 | AH69: 2026.04 | AI69: 22500 | AJ69: =AI69-AD69 | AK69: =(AI69-AD69)/AD69 | AL69: =AJ69/AG69
A70: 청당동 | D70: 114402 | E70: 청당포레스트더힐 | F70: 2011.09 | G70: 449 | H70: =2026-F70+1 | I70: 112 | J70: 112 | K70: 84 | L70: 34 | M70: 계단식 | N70: 3 | O70: 2 | P70: 449 | Q70: 22500 | R70: 20000 | S70: =Q70-R70 | T70: =R70/Q70 | U70: 50000 | V70: 20000 | W70: 계단식 | X70: 3 | Y70: 2 | Z70: 449 | AC70: =L70 | AF70: =AE70/AD70 | AG70: =AD70-AE70 | AH70: 2026.04 | AI70: 22500 | AJ70: =AI70-AD70 | AK70: =(AI70-AD70)/AD70 | AL70: =AJ70/AG70
A71: 청당동 | D71: 24363 | E71: 청당마을벽산블루밍 | F71: 2007.09 | G71: 1647 | H71: =2026-F71+1 | I71: 106A, 107C, 107B | J71: 106 | K71: 84 | L71: 32 | M71: 계단식 | N71: 3 | O71: 2 | P71: 907 | Q71: 22300 | R71: 20000 | S71: =Q71-R71 | T71: =R71/Q71 | U71: 33000 | V71: 22600 | W71: 계단식 | X71: 3 | Y71: 2 | Z71: 907 | AA71: 2022.06 | AB71: 0.02 | AC71: =L71 | AD71: 29136 | AE71: 24987 | AF71: =AE71/AD71 | AG71: =AD71-AE71 | AH71: 2026.04 | AI71: 22300 | AJ71: =AI71-AD71 | AK71: =(AI71-AD71)/AD71 | AL71: =AJ71/AG71
A72: 신방동 | D72: 135648 | E72: 천안신방삼부르네상스 | F72: 2023.05 | G72: 830 | H72: =2026-F72+1 | I72: 81A, 82B | J72: 81 | K72: 59 | L72: 25 | M72: 계단식 | N72: 3 | O72: 2 | P72: 516 | Q72: 22000 | R72: 20000 | S72: =Q72-R72 | T72: =R72/Q72 | V72: 22330 | W72: 계단식 | X72: 3 | Y72: 2 | Z72: 516 | AC72: =L72 | AF72: =AE72/AD72 | AG72: =AD72-AE72 | AH72: 2026.04 | AI72: 22000 | AJ72: =AI72-AD72 | AK72: =(AI72-AD72)/AD72 | AL72: =AJ72/AG72
A73: 신부동 | D73: 7421 | E73: 경남아너스빌 | F73: 2000.03 | G73: 619 | H73: =2026-F73+1 | I73: 107 | J73: 107 | K73: 84 | L73: 32 | M73: 계단식 | N73: 3 | O73: 2 | P73: 376 | Q73: 22000 | R73: 17000 | S73: =Q73-R73 | T73: =R73/Q73 | U73: 23000 | V73: 17000 | W73: 계단식 | X73: 3 | Y73: 2 | Z73: 376 | AA73: 2023.02 | AB73: 0.01 | AC73: =L73 | AD73: 20360 | AE73: 16500 | AF73: =AE73/AD73 | AG73: =AD73-AE73 | AH73: 2026.04 | AI73: 22000 | AJ73: =AI73-AD73 | AK73: =(AI73-AD73)/AD73 | AL73: =AJ73/AG73
A74: 신부동 | D74: 7416 | E74: 대림한숲 | F74: 1995.1 | G74: 451 | H74: =2026-F74+1 | I74: 106 | J74: 106 | K74: 84 | L74: 32 | M74: 계단식 | N74: 3 | O74: 2 | P74: 347 | Q74: 22000 | R74: 18000 | S74: =Q74-R74 | T74: =R74/Q74 | U74: 23500 | V74: 18700 | W74: 계단식 | X74: 3 | Y74: 2 | Z74: 347 | AA74: 2021.08 | AB74: 0.01 | AC74: =L74 | AD74: 20988 | AE74: 17050 | AF74: =AE74/AD74 | AG74: =AD74-AE74 | AH74: 2026.04 | AI74: 22000 | AJ74: =AI74-AD74 | AK74: =(AI74-AD74)/AD74 | AL74: =AJ74/AG74
A75: 청당동 | D75: 24363 | E75: 청당마을벽산블루밍 | F75: 2007.09 | G75: 1647 | H75: =2026-F75+1 | I75: 95 | J75: 95 | K75: 72 | L75: 29 | M75: 계단식 | N75: 3 | O75: 2 | P75: 82 | Q75: 22000 | R75: 16000 | S75: =Q75-R75 | T75: =R75/Q75 | U75: 26500 | V75: 22500 | W75: 계단식 | X75: 3 | Y75: 2 | Z75: 82 | AA75: 2019.04 | AB75: 0.03 | AC75: =L75 | AD75: 17325 | AE75: 15500 | AF75: =AE75/AD75 | AG75: =AD75-AE75 | AH75: 2026.04 | AI75: 22000 | AJ75: =AI75-AD75 | AK75: =(AI75-AD75)/AD75 | AL75: =AJ75/AG75
A76: 청수동 | D76: 7572 | E76: 청솔LG,SK | F76: 1999.02 | G76: 898 | H76: =2026-F76+1 | I76: 107 | J76: 107 | K76: 84 | L76: 32 | M76: 계단식 | N76: 3 | O76: 2 | P76: 238 | Q76: 22000 | R76: 20000 | S76: =Q76-R76 | T76: =R76/Q76 | U76: 24000 | V76: 20800 | W76: 계단식 | X76: 3 | Y76: 2 | Z76: 238 | AA76: 2019.08 | AB76: 0.02 | AC76: =L76 | AD76: 17100 | AE76: 14500 | AF76: =AE76/AD76 | AG76: =AD76-AE76 | AH76: 2026.04 | AI76: 22000 | AJ76: =AI76-AD76 | AK76: =(AI76-AD76)/AD76 | AL76: =AJ76/AG76
A77: 용곡동 | D77: 15430 | E77: 용곡마을동일하이빌1단지 | F77: 2005.12 | G77: 706 | H77: =2026-F77+1 | I77: 111 | J77: 111 | K77: 84 | L77: 34 | M77: 계단식 | N77: 3 | O77: 2 | P77: 323 | Q77: 21800 | R77: 21000 | S77: =Q77-R77 | T77: =R77/Q77 | U77: 29600 | V77: 21700 | W77: 계단식 | X77: 3 | Y77: 2 | Z77: 323 | AA77: 2019.09 | AB77: 0.02 | AC77: =L77 | AD77: 20450 | AE77: 17000 | AF77: =AE77/AD77 | AG77: =AD77-AE77 | AH77: 2026.04 | AI77: 21800 | AJ77: =AI77-AD77 | AK77: =(AI77-AD77)/AD77 | AL77: =AJ77/AG77
A78: 신방동 | D78: 27682 | E78: 신방한라비발디 | F78: 2009.09 | G78: 764 | H78: =2026-F78+1 | I78: 107, 110B, 112A | J78: 107 | K78: 84 | L78: 32 | M78: 계단식 | N78: 3 | O78: 2 | P78: 664 | Q78: 21500 | R78: 23000 | S78: =Q78-R78 | T78: =R78/Q78 | U78: 36000 | V78: 21500 | W78: 계단식 | X78: 3 | Y78: 2 | Z78: 664 | AA78: 2018.01 | AB78: 0.03 | AC78: =L78 | AD78: 20500 | AE78: 17050 | AF78: =AE78/AD78 | AG78: =AD78-AE78 | AH78: 2026.04 | AI78: 21500 | AJ78: =AI78-AD78 | AK78: =(AI78-AD78)/AD78 | AL78: =AJ78/AG78
A79: 안서동 | D79: 27431 | E79: 안서금호어울림 | F79: 2009.08 | G79: 498 | H79: =2026-F79+1 | I79: 114A, 114B, 114B-1 | J79: 114 | K79: 84 | L79: 34 | M79: 계단식 | N79: 3 | O79: 2 | P79: 342 | Q79: 21500 | R79: 21500 | S79: =Q79-R79 | T79: =R79/Q79 | U79: 26900 | V79: 21900 | W79: 계단식 | X79: 3 | Y79: 2 | Z79: 342 | AA79: 2019.09 | AB79: 0.03 | AC79: =L79 | AD79: 17920 | AE79: 15542 | AF79: =AE79/AD79 | AG79: =AD79-AE79 | AH79: 2026.04 | AI79: 21500 | AJ79: =AI79-AD79 | AK79: =(AI79-AD79)/AD79 | AL79: =AJ79/AG79
A80: 신부동 | D80: 7416 | E80: 대림한숲 | F80: 1995.1 | G80: 451 | H80: =2026-F80+1 | I80: 90 | J80: 90 | K80: 70 | L80: 27 | M80: 계단식 | N80: 3 | O80: 1 | P80: 104 | Q80: 21000 | R80: 17000 | S80: =Q80-R80 | T80: =R80/Q80 | U80: 21000 | V80: 18200 | W80: 계단식 | X80: 3 | Y80: 1 | Z80: 104 | AA80: 2019.01 | AB80: 1.04 | AC80: =L80 | AD80: 15200 | AE80: 13000 | AF80: =AE80/AD80 | AG80: =AD80-AE80 | AH80: 2026.04 | AI80: 21000 | AJ80: =AI80-AD80 | AK80: =(AI80-AD80)/AD80 | AL80: =AJ80/AG80
A81: 용곡동 | D81: 26157 | E81: 용곡마을세광엔리치타워2차 | F81: 2007.1 | G81: 897 | H81: =2026-F81+1 | I81: 115 | J81: 115 | K81: 84 | L81: 35 | M81: 계단식 | N81: 3 | O81: 2 | P81: 427 | Q81: 21000 | R81: 16000 | S81: =Q81-R81 | T81: =R81/Q81 | U81: 28500 | V81: 20000 | W81: 계단식 | X81: 3 | Y81: 2 | Z81: 427 | AC81: =L81 | AF81: =AE81/AD81 | AG81: =AD81-AE81 | AH81: 2026.04 | AI81: 21000 | AJ81: =AI81-AD81 | AK81: =(AI81-AD81)/AD81 | AL81: =AJ81/AG81
A82: 용곡동 | D82: 19242 | E82: 용곡마을아이파크 | F82: 2006.09 | G82: 403 | H82: =2026-F82+1 | I82: 114 | J82: 114 | K82: 84 | L82: 34 | M82: 계단식 | N82: 3 | O82: 2 | P82: 232 | Q82: 21000 | R82: 15000 | S82: =Q82-R82 | T82: =R82/Q82 | U82: 30500 | V82: 20500 | W82: 계단식 | X82: 3 | Y82: 2 | Z82: 232 | AA82: 2021.08 | AB82: 0.03 | AC82: =L82 | AD82: 22844 | AE82: 21000 | AF82: =AE82/AD82 | AG82: =AD82-AE82 | AH82: 2026.04 | AI82: 21000 | AJ82: =AI82-AD82 | AK82: =(AI82-AD82)/AD82 | AL82: =AJ82/AG82
A83: 다가동 | D83: 145699 | E83: 천안극동스타클래스더퍼스트 | F83: 2025.01 | G83: 1225 | H83: =2026-F83+1 | I83: 100B, 100A | J83: 100 | K83: 74 | L83: 30 | M83: 계단식 | N83: 3 | O83: 2 | P83: 438 | Q83: 20500 | R83: 21000 | S83: =Q83-R83 | T83: =R83/Q83 | W83: 계단식 | X83: 3 | Y83: 2 | Z83: 438 | AC83: =L83 | AF83: =AE83/AD83 | AG83: =AD83-AE83 | AH83: 2026.04 | AI83: 20500 | AJ83: =AI83-AD83 | AK83: =(AI83-AD83)/AD83 | AL83: =AJ83/AG83
A84: 신방동 | D84: 135648 | E84: 천안신방삼부르네상스 | F84: 2023.05 | G84: 830 | H84: =2026-F84+1 | I84: 98A | J84: 98 | K84: 75 | L84: 30 | M84: 계단식 | N84: 3 | O84: 2 | P84: 220 | Q84: 20500 | R84: 24000 | S84: =Q84-R84 | T84: =R84/Q84 | V84: 30700 | W84: 계단식 | X84: 3 | Y84: 2 | Z84: 220 | AC84: =L84 | AF84: =AE84/AD84 | AG84: =AD84-AE84 | AH84: 2026.04 | AI84: 20500 | AJ84: =AI84-AD84 | AK84: =(AI84-AD84)/AD84 | AL84: =AJ84/AG84
A85: 구성동 | D85: 26577 | E85: 휴먼시아1 | F85: 2010.07 | G85: 473 | H85: =2026-F85+1 | I85: 83 | J85: 83 | K85: 59 | L85: 25 | M85: 계단식 | N85: 3 | O85: 1 | P85: 103 | Q85: 20000 | R85: 14000 | S85: =Q85-R85 | T85: =R85/Q85 | U85: 20000 | V85: 17200 | W85: 계단식 | X85: 3 | Y85: 1 | Z85: 103 | AA85: 2019.11 | AB85: 0.06 | AC85: =L85 | AD85: 16508 | AE85: 14500 | AF85: =AE85/AD85 | AG85: =AD85-AE85 | AH85: 2026.04 | AI85: 20000 | AJ85: =AI85-AD85 | AK85: =(AI85-AD85)/AD85 | AL85: =AJ85/AG85 | AN85: 나만의 인싸이트 | AV85: 감사합니다 튜터님 ㅎㅎㅎ 정리하자면
A86: 원성동 | D86: 7558 | E86: 극동 | F86: 1995.1 | G86: 341 | H86: =2026-F86+1 | I86: 106 | J86: 106 | K86: 84 | L86: 32 | M86: 복도식 | N86: 3 | O86: 2 | P86: 74 | Q86: 20000 | R86: 14000 | S86: =Q86-R86 | T86: =R86/Q86 | U86: 17250 | V86: 14400 | W86: 복도식 | X86: 3 | Y86: 2 | Z86: 74 | AA86: 2022.05 | AB86: 0.06 | AC86: =L86 | AD86: 14400 | AE86: 14500 | AF86: =AE86/AD86 | AG86: =AD86-AE86 | AH86: 2026.04 | AI86: 20000 | AJ86: =AI86-AD86 | AK86: =(AI86-AD86)/AD86 | AL86: =AJ86/AG86
A87: 풍세면 | D87: 140850 | E87: 천안한양수자인에코시티 | F87: 2023.12 | G87: 3200 | H87: =2026-F87+1 | I87: 77 | J87: 77 | K87: 59 | L87: 23 | M87: 계단식 | N87: 3 | O87: 2 | P87: 554 | Q87: 19500 | R87: 16000 | S87: =Q87-R87 | T87: =R87/Q87 | W87: 계단식 | X87: 3 | Y87: 2 | Z87: 554 | AC87: =L87 | AF87: =AE87/AD87 | AG87: =AD87-AE87 | AH87: 2026.04 | AI87: 19500 | AJ87: =AI87-AD87 | AK87: =(AI87-AD87)/AD87 | AL87: =AJ87/AG87
A88: 청수동 | D88: 7572 | E88: 청솔LG,SK | F88: 1999.02 | G88: 898 | H88: =2026-F88+1 | I88: 92 | J88: 92 | K88: 73 | L88: 28 | M88: 계단식 | N88: 3 | O88: 2 | P88: 120 | Q88: 19000 | R88: 16800 | S88: =Q88-R88 | T88: =R88/Q88 | U88: 20500 | V88: 15200 | W88: 계단식 | X88: 3 | Y88: 2 | Z88: 120 | AA88: 2019.01 | AB88: 0.06 | AC88: =L88 | AD88: 14500 | AE88: 13375 | AF88: =AE88/AD88 | AG88: =AD88-AE88 | AH88: 2026.04 | AI88: 19000 | AJ88: =AI88-AD88 | AK88: =(AI88-AD88)/AD88 | AL88: =AJ88/AG88
A89: 신방동 | D89: 7395 | E89: 한라동백2차 | F89: 1998.09 | G89: 1139 | H89: =2026-F89+1 | I89: 108 | J89: 108 | K89: 84 | L89: 33 | M89: 계단식 | N89: 3 | O89: 2 | P89: 403 | Q89: 18000 | R89: 17000 | S89: =Q89-R89 | T89: =R89/Q89 | U89: 23000 | V89: 16500 | W89: 계단식 | X89: 3 | Y89: 2 | Z89: 403 | AA89: 2019.07 | AB89: 0.01 | AC89: =L89 | AD89: 15838 | AE89: 14143 | AF89: =AE89/AD89 | AG89: =AD89-AE89 | AH89: 2026.04 | AI89: 18000 | AJ89: =AI89-AD89 | AK89: =(AI89-AD89)/AD89 | AL89: =AJ89/AG89
A90: 신방동 | D90: 7400 | E90: 향촌현대 | F90: 1997.12 | G90: 998 | H90: =2026-F90+1 | I90: 107 | J90: 107 | K90: 84 | L90: 32 | M90: 계단식 | N90: 3 | O90: 2 | P90: 484 | Q90: 18000 | R90: 16000 | S90: =Q90-R90 | T90: =R90/Q90 | U90: 23000 | V90: 18000 | W90: 계단식 | X90: 3 | Y90: 2 | Z90: 484 | AA90: 2019.06 | AB90: 0.09 | AC90: =L90 | AD90: 16223 | AE90: 14300 | AF90: =AE90/AD90 | AG90: =AD90-AE90 | AH90: 2026.04 | AI90: 18000 | AJ90: =AI90-AD90 | AK90: =(AI90-AD90)/AD90 | AL90: =AJ90/AG90
A91: 용곡동 | D91: 15420 | E91: 용곡세광엔리치타워1차 | F91: 2005.08 | G91: 575 | H91: =2026-F91+1 | I91: 104 | J91: 104 | K91: 84 | L91: 31 | M91: 계단식 | N91: 3 | O91: 2 | P91: 240 | Q91: 18000 | R91: 16500 | S91: =Q91-R91 | T91: =R91/Q91 | U91: 29600 | V91: 21700 | W91: 계단식 | X91: 3 | Y91: 2 | Z91: 240 | AA91: 2022.06 | AB91: 0.02 | AC91: =L91 | AD91: 24950 | AE91: 22000 | AF91: =AE91/AD91 | AG91: =AD91-AE91 | AH91: 2026.04 | AI91: 18000 | AJ91: =AI91-AD91 | AK91: =(AI91-AD91)/AD91 | AL91: =AJ91/AG91
A92: 청수동 | D92: 7572 | E92: 청솔LG,SK | F92: 1999.02 | G92: 898 | H92: =2026-F92+1 | I92: 79 | J92: 79 | K92: 59 | L92: 24 | M92: 계단식 | N92: 3 | O92: 1 | P92: 120 | Q92: 18000 | R92: - | S92: =Q92-R92 | T92: =R92/Q92 | U92: 17300 | V92: 13700 | W92: 계단식 | X92: 3 | Y92: 1 | Z92: 120 | AA92: 2019.05 | AB92: 0.04 | AC92: =L92 | AD92: 13500 | AE92: 11000 | AF92: =AE92/AD92 | AG92: =AD92-AE92 | AH92: 2026.04 | AI92: 18000 | AJ92: =AI92-AD92 | AK92: =(AI92-AD92)/AD92 | AL92: =AJ92/AG92
A93: 청수동 | D93: 7569 | E93: 현대 | F93: 1996.1 | G93: 520 | H93: =2026-F93+1 | I93: 105 | J93: 105 | K93: 84 | L93: 32 | M93: 계단식 | N93: 3 | O93: 2 | P93: 242 | Q93: 18000 | R93: - | S93: =Q93-R93 | T93: =R93/Q93 | U93: 20900 | V93: 15500 | W93: 계단식 | X93: 3 | Y93: 2 | Z93: 242 | AA93: 2019.08 | AB93: 1.04 | AC93: =L93 | AD93: 14050 | AE93: 13000 | AF93: =AE93/AD93 | AG93: =AD93-AE93 | AH93: 2026.04 | AI93: 18000 | AJ93: =AI93-AD93 | AK93: =(AI93-AD93)/AD93 | AL93: =AJ93/AG93
A94: 신부동 | D94: 7421 | E94: 경남아너스빌 | F94: 2000.03 | G94: 619 | H94: =2026-F94+1 | I94: 77 | J94: 77 | K94: 59 | L94: 23 | M94: 계단식 | N94: 2 | O94: 1 | P94: 17 | Q94: 17700 | R94: 18000 | S94: =Q94-R94 | T94: =R94/Q94 | U94: 19300 | V94: 15000 | W94: 계단식 | X94: 2 | Y94: 1 | Z94: 17 | AA94: 2023.12 | AB94: 0.04 | AC94: =L94 | AD94: 15000 | AE94: 14000 | AF94: =AE94/AD94 | AG94: =AD94-AE94 | AH94: 2026.04 | AI94: 17700 | AJ94: =AI94-AD94 | AK94: =(AI94-AD94)/AD94 | AL94: =AJ94/AG94
A95: 신부동 | D95: 7421 | E95: 경남아너스빌 | F95: 2000.03 | G95: 619 | H95: =2026-F95+1 | I95: 79 | J95: 79 | K95: 59 | L95: 24 | M95: 계단식 | N95: 3 | O95: 1 | P95: 128 | Q95: 17700 | R95: 18000 | S95: =Q95-R95 | T95: =R95/Q95 | U95: 19300 | V95: 15000 | W95: 계단식 | X95: 3 | Y95: 1 | Z95: 128 | AA95: 2023.12 | AB95: 0.04 | AC95: =L95 | AD95: 15000 | AE95: 14000 | AF95: =AE95/AD95 | AG95: =AD95-AE95 | AH95: 2026.04 | AI95: 17700 | AJ95: =AI95-AD95 | AK95: =(AI95-AD95)/AD95 | AL95: =AJ95/AG95
A96: 신방동 | D96: 7387 | E96: 두레현대1차 | F96: 1997.06 | G96: 676 | H96: =2026-F96+1 | I96: 105 | J96: 105 | K96: 84 | L96: 32 | M96: 계단식 | N96: 3 | O96: 2 | P96: 154 | Q96: 17500 | R96: 15000 | S96: =Q96-R96 | T96: =R96/Q96 | U96: 22250 | V96: 20000 | W96: 계단식 | X96: 3 | Y96: 2 | Z96: 154 | AA96: 2018.11 | AB96: 0.07 | AC96: =L96 | AD96: 14500 | AE96: 14500 | AF96: =AE96/AD96 | AG96: =AD96-AE96 | AH96: 2026.04 | AI96: 17500 | AJ96: =AI96-AD96 | AK96: =(AI96-AD96)/AD96 | AL96: =AJ96/AG96
A97: 신부동 | D97: 7414 | E97: 대림한내 | F97: 1995.1 | G97: 556 | H97: =2026-F97+1 | I97: 76 | J97: 76 | K97: 59 | L97: 23 | M97: 계단식 | N97: 3 | O97: 1 | P97: 556 | Q97: 17500 | R97: 15000 | S97: =Q97-R97 | T97: =R97/Q97 | U97: 19200 | V97: 13900 | W97: 계단식 | X97: 3 | Y97: 1 | Z97: 556 | AA97: 2020.01 | AB97: 0.01 | AC97: =L97 | AD97: 14367 | AE97: 14000 | AF97: =AE97/AD97 | AG97: =AD97-AE97 | AH97: 2026.04 | AI97: 17500 | AJ97: =AI97-AD97 | AK97: =(AI97-AD97)/AD97 | AL97: =AJ97/AG97
A98: 신방동 | D98: 7392 | E98: 성지새말2단지 | F98: 1997.03 | G98: 840 | H98: =2026-F98+1 | I98: 107 | J98: 107 | K98: 84 | L98: 32 | M98: 계단식 | N98: 3 | O98: 2 | P98: 164 | Q98: 17000 | R98: 16000 | S98: =Q98-R98 | T98: =R98/Q98 | U98: 20880 | V98: 18100 | W98: 계단식 | X98: 3 | Y98: 2 | Z98: 164 | AA98: 2019.11 | AB98: 0.04 | AC98: =L98 | AD98: 14625 | AE98: 13667 | AF98: =AE98/AD98 | AG98: =AD98-AE98 | AH98: 2026.04 | AI98: 17000 | AJ98: =AI98-AD98 | AK98: =(AI98-AD98)/AD98 | AL98: =AJ98/AG98
A99: 신방동 | D99: 7400 | E99: 향촌현대 | F99: 1997.12 | G99: 998 | H99: =2026-F99+1 | I99: 95 | J99: 95 | K99: 74 | L99: 29 | M99: 계단식 | N99: 3 | O99: 1 | P99: 274 | Q99: 17000 | R99: 16000 | S99: =Q99-R99 | T99: =R99/Q99 | U99: 20500 | V99: 16000 | W99: 계단식 | X99: 3 | Y99: 1 | Z99: 274 | AA99: 2019.02 | AB99: 0.02 | AC99: =L99 | AD99: 15488 | AE99: 12786 | AF99: =AE99/AD99 | AG99: =AD99-AE99 | AH99: 2026.04 | AI99: 17000 | AJ99: =AI99-AD99 | AK99: =(AI99-AD99)/AD99 | AL99: =AJ99/AG99
A100: 신방동 | D100: 17300 | E100: 두레현대2차 | F100: 1997.06 | G100: 740 | H100: =2026-F100+1 | I100: 104 | J100: 104 | K100: 84 | L100: 31 | M100: 복도식 | N100: 3 | O100: 2 | P100: 260 | Q100: 17000 | R100: - | S100: =Q100-R100 | T100: =R100/Q100 | U100: 24900 | V100: 14500 | W100: 복도식 | X100: 3 | Y100: 2 | Z100: 260 | AA100: 2018.01 | AB100: 0.02 | AC100: =L100 | AD100: 15500 | AE100: 15000 | AF100: =AE100/AD100 | AG100: =AD100-AE100 | AH100: 2026.04 | AI100: 17000 | AJ100: =AI100-AD100 | AK100: =(AI100-AD100)/AD100 | AL100: =AJ100/AG100
...

Sheet 부산 남구
B1: 상 | C1: 중
B2: 하
A3: 84 | B3: 선호도 | E3: 단지정보 (30평) | AH3: 투자결과
B4: 생활권 | C4: 생활권 내 | D4: 단지코드 | E4: 단지명 | F4: 사용승인일 | G4: 총세대수 | H4: 나이 | I4: 타입 | J4: 공급면적 | K4: 전용면적 | L4: 평형 | M4: 구조 | N4: 방수 | O4: 욕실수 | P4: 평형별 세대수 | Q4: 매 | R4: 전 | S4: 차 | T4: 전세가율 | U4: 전고 | V4: 전저 | W4: 계/복 | X4: 방 | Y4: 화 | Z4: 면적세대수 | AA4: 시기(년) | AB4: (전세가율80%이상인)기간 | AC4: 평형 | AD4: 매매가 | AE4: 전세가 | AF4: 전세가율 | AG4: 투자금 | AH4: 시기(년) | AI4: 매매가 | AJ4: 수익금 | AK4: 상승율 | AL4: 수익율
A5: 대연동 | D5: 4526 | E5: 대우그린1차 | F5: 1997.09 | G5: 691 | H5: =2026-F5+1 | J5: 83 | K5: 59 | L5: 25 | M5: 복도식 | N5: 3 | O5: 1 | P5: 263 | Q5: 145000 | S5: =Q5-R5 | T5: =R5/Q5 | U5: 19250 | V5: 17300
A6: 대연동 | D6: 161501 | E6: 더비치푸르지오써밋 | F6: 2025.05 | G6: 1384 | H6: =2026-F6+1 | K6: 84 | M6: 계단식 | N6: 3 | O6: 2 | P6: 438 | Q6: 145000 | R6: 79000 | S6: =Q6-R6 | T6: =R6/Q6
A7: 대연동 | D7: 161501 | E7: 더비치푸르지오써밋 | F7: 2025.05 | G7: 1384 | H7: =2026-F7+1 | J7: 101 | K7: 76 | L7: 31 | M7: 계단식 | N7: 3 | O7: 2 | P7: 156 | Q7: 130000 | R7: 65000 | S7: =Q7-R7 | T7: =R7/Q7
A8: 대연동 | D8: 161501 | E8: 더비치푸르지오써밋 | F8: 2025.05 | G8: 1384 | H8: =2026-F8+1 | K8: 59 | M8: 계단식 | N8: 3 | O8: 2 | P8: 556 | Q8: 105000 | R8: 50000 | S8: =Q8-R8 | T8: =R8/Q8
A9: 대연동 | D9: 105323 | E9: 대연힐스테이트푸르지오 | F9: 2013.05 | G9: 2100 | H9: =2026-F9+1 | K9: 84 | M9: 계단식 | N9: 3 | O9: 2 | P9: 1060 | Q9: 95000 | R9: 55000 | S9: =Q9-R9 | T9: =R9/Q9 | U9: 111000 | V9: 61500
A10: 대연동 | D10: 110738 | E10: 대연SK뷰힐스 | F10: 2018.07 | G10: 994 | H10: =2026-F10+1 | K10: 84 | M10: 계단식 | N10: 3 | O10: 2 | P10: 614 | Q10: 92000 | R10: 50000 | S10: =Q10-R10 | T10: =R10/Q10 | U10: 96000 | V10: 43600
A11: 대연동 | D11: 113686 | E11: 대연자이 | F11: 2019.03 | G11: 965 | H11: =2026-F11+1 | K11: 84 | M11: 계단식 | N11: 4 | O11: 2 | P11: 160 | Q11: 90000 | R11: 43500 | S11: =Q11-R11 | T11: =R11/Q11 | U11: 107200 | V11: 73500
A12: 용호동 | D12: 22443 | E12: GS하이츠자이 | F12: 2008.04 | G12: 1149 | H12: =2026-F12+1 | K12: 84 | M12: 계단식 | N12: 3 | O12: 2 | P12: 290 | Q12: 87000 | R12: 50000 | S12: =Q12-R12 | T12: =R12/Q12 | U12: 99000 | V12: 70000
A13: 대연동 | D13: 110738 | E13: 대연SK뷰힐스 | F13: 2018.07 | G13: 994 | H13: =2026-F13+1 | J13: 98 | K13: 74 | L13: 30 | M13: 계단식 | N13: 3 | O13: 2 | P13: 72 | Q13: 84000 | R13: 45000 | S13: =Q13-R13 | T13: =R13/Q13 | U13: 72700 | V13: 39000
A14: 대연동 | D14: 145347 | E14: 힐스테이트대연센트럴 | F14: 2024.05 | G14: 449 | H14: =2026-F14+1 | K14: 84 | M14: 계단식 | N14: 3 | O14: 2 | P14: 109 | Q14: 82500 | R14: 52500 | S14: =Q14-R14 | T14: =R14/Q14
A15: 대연동 | D15: 113686 | E15: 대연자이 | F15: 2019.03 | G15: 965 | H15: =2026-F15+1 | J15: 95 | K15: 72 | L15: 29 | M15: 계단식 | N15: 3 | O15: 2 | P15: 54 | Q15: 82000 | R15: 43000 | S15: =Q15-R15 | T15: =R15/Q15 | U15: 90500 | V15: 65000
A16: 대연동 | D16: 105323 | E16: 대연힐스테이트푸르지오 | F16: 2013.05 | G16: 2100 | H16: =2026-F16+1 | J16: 80 | K16: 59 | L16: 24 | M16: 계단식 | N16: 3 | O16: 2 | P16: 93 | Q16: 79000 | R16: 39000 | S16: =Q16-R16 | T16: =R16/Q16 | U16: 75100 | V16: 58000
A17: 대연동 | D17: 145347 | E17: 힐스테이트대연센트럴 | F17: 2024.05 | G17: 449 | H17: =2026-F17+1 | K17: 74 | M17: 계단식 | N17: 3 | O17: 2 | P17: 177 | Q17: 77000 | R17: 42000 | S17: =Q17-R17 | T17: =R17/Q17
A18: 문현동 | D18: 114815 | E18: 문현경동리인1단지 | F18: 2020.07 | G18: 469 | H18: =2026-F18+1 | K18: 84 | M18: 계단식 | N18: 3 | O18: 2 | P18: 182 | Q18: 75000 | R18: 34000 | S18: =Q18-R18 | T18: =R18/Q18 | U18: 69300 | V18: 42700
A19: 대연동 | D19: 110738 | E19: 대연SK뷰힐스 | F19: 2018.07 | G19: 994 | H19: =2026-F19+1 | K19: 59 | M19: 계단식 | N19: 3 | O19: 2 | P19: 226 | Q19: 73000 | R19: 38000 | S19: =Q19-R19 | T19: =R19/Q19 | U19: 71900 | V19: 44000
A20: 대연동 | D20: 133976 | E20: 대연푸르지오클라센트 | F20: 2024.08 | G20: 1057 | H20: =2026-F20+1 | K20: 84 | M20: 계단식 | N20: 4 | O20: 2 | P20: 175 | Q20: 72000 | R20: 45000 | S20: =Q20-R20 | T20: =R20/Q20
A21: 대연동 | D21: 109359 | E21: 대연롯데캐슬레전드 | F21: 2018.02 | G21: 3149 | H21: =2026-F21+1 | K21: 84 | M21: 계단식 | N21: 3 | O21: 2 | P21: 1634 | Q21: 71000 | R21: 48000 | S21: =Q21-R21 | T21: =R21/Q21 | U21: 96000 | V21: 43600
A22: 대연동 | D22: 9861 | E22: 대연푸르지오 | F22: 2005.01 | G22: 678 | H22: =2026-F22+1 | J22: 107 | K22: 84 | L22: 32 | M22: 계단식 | N22: 3 | O22: 2 | P22: 100 | Q22: 71000 | R22: 40000 | S22: =Q22-R22 | T22: =R22/Q22 | U22: 43500 | V22: 28000
A23: 대연동 | D23: 104716 | E23: 대연롯데캐슬 | F23: 2015.01 | G23: 564 | H23: =2026-F23+1 | K23: 84 | M23: 계단식 | N23: 3 | O23: 2 | P23: 300 | Q23: 69000 | R23: 55000 | S23: =Q23-R23 | T23: =R23/Q23 | U23: 86000 | V23: 58000
A24: 대연동 | D24: 145347 | E24: 힐스테이트대연센트럴 | F24: 2024.05 | G24: 449 | H24: =2026-F24+1 | J24: 82 | K24: 59 | L24: 25 | M24: 계단식 | N24: 3 | O24: 2 | P24: 163 | Q24: 69000 | R24: 37000 | S24: =Q24-R24 | T24: =R24/Q24 | V24: 42945
A25: 대연동 | D25: 113686 | E25: 대연자이 | F25: 2019.03 | G25: 965 | H25: =2026-F25+1 | K25: 59 | M25: 계단식 | N25: 3 | O25: 2 | P25: 509 | Q25: 67000 | R25: 38000 | S25: =Q25-R25 | T25: =R25/Q25 | U25: 80000 | V25: 47500
A26: 대연동 | D26: 104716 | E26: 대연롯데캐슬 | F26: 2015.01 | G26: 564 | H26: =2026-F26+1 | J26: 84 | K26: 59 | L26: 25 | M26: 계단식 | N26: 3 | O26: 2 | P26: 42 | Q26: 64800 | R26: 34000 | S26: =Q26-R26 | T26: =R26/Q26 | U26: 70000 | V26: 47800
A27: 대연동 | D27: 109359 | E27: 대연롯데캐슬레전드 | F27: 2018.02 | G27: 3149 | H27: =2026-F27+1 | K27: 59 | M27: 계단식 | N27: 3 | O27: 2 | P27: 516 | Q27: 64000 | R27: 40000 | S27: =Q27-R27 | T27: =R27/Q27 | U27: 71900 | V27: 44000
A28: 대연동 | D28: 133976 | E28: 대연푸르지오클라센트 | F28: 2024.08 | G28: 1057 | H28: =2026-F28+1 | K28: 74 | M28: 계단식 | N28: 3 | O28: 2 | P28: 379 | Q28: 62000 | R28: 38000 | S28: =Q28-R28 | T28: =R28/Q28
A29: 대연동 | D29: 10107 | E29: 대연동원로얄듀크2차 | F29: 2005.02 | G29: 417 | H29: =2026-F29+1 | J29: 109 | K29: 84 | L29: 33 | M29: 계단식 | N29: 3 | O29: 2 | P29: 177 | Q29: 61000 | R29: 31000 | S29: =Q29-R29 | T29: =R29/Q29 | U29: 70500 | V29: 48500
A30: 문현동 | D30: 112774 | E30: 국제금융시티문현베스티움 | F30: 2019.04 | G30: 743 | H30: =2026-F30+1 | K30: 84 | M30: 계단식 | N30: 3 | O30: 2 | P30: 252 | Q30: 60000 | R30: 39000 | S30: =Q30-R30 | T30: =R30/Q30 | U30: 80000 | V30: 48500
A31: 문현동 | D31: 125376 | E31: 대연양우내안애퍼스트 | F31: 2022.02 | G31: 560 | H31: =2026-F31+1 | K31: 84 | M31: 계단식 | N31: 3 | O31: 2 | P31: 391 | Q31: 60000 | R31: 45000 | S31: =Q31-R31 | T31: =R31/Q31 | U31: 55908 | V31: 40000
A32: 대연동 | D32: 9861 | E32: 대연푸르지오 | F32: 2005.01 | G32: 678 | H32: =2026-F32+1 | J32: 93 | K32: 73 | L32: 28 | M32: 계단식 | N32: 3 | O32: 2 | P32: 98 | Q32: 58000 | R32: 42000 | S32: =Q32-R32 | T32: =R32/Q32 | U32: 72500 | V32: 53000
A33: 대연동 | D33: 133976 | E33: 대연푸르지오클라센트 | F33: 2024.08 | G33: 1057 | H33: =2026-F33+1 | K33: 59 | M33: 계단식 | N33: 3 | O33: 2 | P33: 270 | Q33: 56000 | R33: 36000 | S33: =Q33-R33 | T33: =R33/Q33 | V33: 42945
A34: 용호동 | D34: 9709 | E34: LG메트로시티4-1차 | F34: 2003.08 | G34: 1391 | H34: =2026-F34+1 | K34: 84 | M34: 계단식 | N34: 3 | O34: 2 | P34: 134 | Q34: 56000 | R34: 35000 | S34: =Q34-R34 | T34: =R34/Q34 | U34: 77000 | V34: 35000
A35: 문현동 | D35: 125376 | E35: 대연양우내안애퍼스트 | F35: 2022.02 | G35: 560 | H35: =2026-F35+1 | K35: 59 | M35: 계단식 | N35: 3 | O35: 2 | P35: 169 | Q35: 55000 | R35: 37000 | S35: =Q35-R35 | T35: =R35/Q35 | U35: 37000 | V35: 32000
A36: 용호동 | D36: 9708 | E36: LG메트로시티3차 | F36: 2002.11 | G36: 922 | H36: =2026-F36+1 | J36: 108 | K36: 84 | L36: 33 | M36: 계단식 | N36: 3 | O36: 2 | P36: 150 | Q36: 55000 | R36: 35000 | S36: =Q36-R36 | T36: =R36/Q36 | U36: 77900 | V36: 47300
A37: 용호동 | D37: 9710 | E37: LG메트로시티4-2차 | F37: 2003.08 | G37: 1258 | H37: =2026-F37+1 | K37: 84 | M37: 계단식 | N37: 3 | O37: 2 | P37: 198 | Q37: 55000 | R37: 35000 | S37: =Q37-R37 | T37: =R37/Q37 | U37: 77000 | V37: 35000
A38: 용호동 | D38: 127894 | E38: 데시앙해링턴플레이스파크시티 | F38: 2023.05 | G38: 1725 | H38: =2026-F38+1 | K38: 84 | M38: 계단식 | N38: 3 | O38: 2 | P38: 309 | Q38: 55000 | R38: 39000 | S38: =Q38-R38 | T38: =R38/Q38 | V38: 51000
A39: 용호동 | D39: 9710 | E39: LG메트로시티4-2차 | F39: 2003.08 | G39: 1258 | H39: =2026-F39+1 | K39: 85 | M39: 계단식 | N39: 3 | O39: 2 | P39: 200 | Q39: 53000 | R39: 35000 | S39: =Q39-R39 | T39: =R39/Q39 | U39: 77000 | V39: 35000
A40: 대연동 | D40: 110440 | E40: 대연파크푸르지오 | F40: 2018.06 | G40: 1422 | H40: =2026-F40+1 | K40: 84 | M40: 계단식 | N40: 3 | O40: 2 | P40: 668 | Q40: 52000 | R40: 38000 | S40: =Q40-R40 | T40: =R40/Q40 | U40: 80000 | V40: 45200
A41: 용호동 | D41: 9706 | E41: LG메트로시티2차 | F41: 2002.01 | G41: 362 | H41: =2026-F41+1 | K41: 84 | M41: 계단식 | N41: 3 | O41: 2 | P41: 266 | Q41: 52000 | R41: 39000 | S41: =Q41-R41 | T41: =R41/Q41 | U41: 77900 | V41: 47300
A42: 용호동 | D42: 9709 | E42: LG메트로시티4-1차 | F42: 2003.08 | G42: 1391 | H42: =2026-F42+1 | K42: 85 | M42: 계단식 | N42: 3 | O42: 2 | P42: 138 | Q42: 51000 | R42: 32000 | S42: =Q42-R42 | T42: =R42/Q42 | U42: 77000 | V42: 35000
A43: 우암동 | D43: 161277 | E43: 두산위브더제니스오션시티 | F43: 2026.01 | G43: 3048 | H43: =2026-F43+1 | K43: 75 | M43: 계단식 | N43: 3 | O43: 2 | P43: 1165 | Q43: 51000 | R43: 38000 | S43: =Q43-R43 | T43: =R43/Q43
A44: 문현동 | D44: 112774 | E44: 국제금융시티문현베스티움 | F44: 2019.04 | G44: 743 | H44: =2026-F44+1 | K44: 59 | M44: 계단식 | N44: 3 | O44: 2 | P44: 415 | Q44: 50000 | R44: 33000 | S44: =Q44-R44 | T44: =R44/Q44 | U44: 61500 | V44: 40000
A45: 용호동 | D45: 8039 | E45: LG메트로시티1차 | F45: 2001.06 | G45: 2637 | H45: =2026-F45+1 | K45: 84 | M45: 계단식 | N45: 3 | O45: 2 | P45: 662 | Q45: 50000 | R45: 36000 | S45: =Q45-R45 | T45: =R45/Q45 | U45: 83000 | V45: 43000
A46: 용호동 | D46: 9711 | E46: LG메트로시티5차 | F46: 2004.1 | G46: 804 | H46: =2026-F46+1 | J46: 108 | K46: 84 | L46: 33 | M46: 계단식 | N46: 3 | O46: 2 | P46: 380 | Q46: 50000 | R46: 35000 | S46: =Q46-R46 | T46: =R46/Q46 | U46: 79700 | V46: 35000
A47: 용호동 | D47: 127894 | E47: 데시앙해링턴플레이스파크시티 | F47: 2023.05 | G47: 1725 | H47: =2026-F47+1 | K47: 73 | M47: 계단식 | N47: 3 | O47: 2 | P47: 336 | Q47: 50000 | R47: 32000 | S47: =Q47-R47 | T47: =R47/Q47 | V47: 42700
A48: 대연동 | D48: 110440 | E48: 대연파크푸르지오 | F48: 2018.06 | G48: 1422 | H48: =2026-F48+1 | J48: 98 | K48: 74 | L48: 30 | M48: 계단식 | N48: 3 | O48: 2 | P48: 289 | Q48: 49000 | R48: 37000 | S48: =Q48-R48 | T48: =R48/Q48 | U48: 72700 | V48: 39000
A49: 대연동 | D49: 129153 | E49: 대연삼정그린코아더베스트 | F49: 2022.08 | G49: 337 | H49: =2026-F49+1 | J49: 98 | K49: 71 | L49: 30 | M49: 계단식 | N49: 3 | O49: 2 | P49: 115 | Q49: 48700 | R49: 38000 | S49: =Q49-R49 | T49: =R49/Q49
A50: 대연동 | D50: 110440 | E50: 대연파크푸르지오 | F50: 2018.06 | G50: 1422 | H50: =2026-F50+1 | K50: 59 | M50: 계단식 | N50: 3 | O50: 2 | P50: 262 | Q50: 48000 | R50: 31000 | S50: =Q50-R50 | T50: =R50/Q50 | U50: 63000 | V50: 38000
A51: 용호동 | D51: 8039 | E51: LG메트로시티1차 | F51: 2001.06 | G51: 2637 | H51: =2026-F51+1 | K51: 85 | M51: 계단식 | N51: 3 | O51: 2 | P51: 276 | Q51: 48000 | R51: 35000 | S51: =Q51-R51 | T51: =R51/Q51 | U51: 83000 | V51: 43000
A52: 용호동 | D52: 22444 | E52: 오륙도SK뷰 | F52: 2008.1 | G52: 3000 | H52: =2026-F52+1 | K52: 84 | M52: 계단식 | N52: 3 | O52: 2 | P52: 914 | Q52: 46000 | R52: 29500 | S52: =Q52-R52 | T52: =R52/Q52 | U52: 73000 | V52: 36000
A53: 용호동 | D53: 4649 | E53: 현대비치 | F53: 1997.11 | G53: 648 | H53: =2026-F53+1 | J53: 105 | K53: 84 | L53: 32 | M53: 계단식 | N53: 3 | O53: 2 | P53: 46 | Q53: 45000 | R53: 34000 | S53: =Q53-R53 | T53: =R53/Q53
A54: 우암동 | D54: 161277 | E54: 두산위브더제니스오션시티 | F54: 2026.01 | G54: 3048 | H54: =2026-F54+1 | K54: 59 | M54: 계단식 | N54: 3 | O54: 2 | P54: 547 | Q54: 44000 | R54: 30000 | S54: =Q54-R54 | T54: =R54/Q54
A55: 문현동 | D55: 114815 | E55: 문현경동리인1단지 | F55: 2020.07 | G55: 469 | H55: =2026-F55+1 | K55: 79 | M55: 계단식 | N55: 3 | O55: 2 | P55: 208 | Q55: 42000 | R55: 32000 | S55: =Q55-R55 | T55: =R55/Q55 | U55: 59700 | V55: 39800
A56: 문현동 | D56: 125851 | E56: 오션파라곤 | F56: 2022.11 | G56: 662 | H56: =2026-F56+1 | K56: 74 | M56: 계단식 | N56: 3 | O56: 2 | P56: 282 | Q56: 42000 | R56: 32000 | S56: =Q56-R56 | T56: =R56/Q56 | V56: 35000
A57: 용호동 | D57: 9708 | E57: LG메트로시티3차 | F57: 2002.11 | G57: 922 | H57: =2026-F57+1 | J57: 90 | K57: 69 | L57: 27 | M57: 계단식 | N57: 2 | O57: 1 | P57: 92 | Q57: 42000 | R57: 28000 | S57: =Q57-R57 | T57: =R57/Q57 | U57: 65000 | V57: 40800
A58: 용호동 | D58: 9710 | E58: LG메트로시티4-2차 | F58: 2003.08 | G58: 1258 | H58: =2026-F58+1 | J58: 84 | K58: 63 | L58: 25 | M58: 계단식 | N58: 3 | O58: 1 | P58: 138 | Q58: 42000 | R58: 30000 | S58: =Q58-R58 | T58: =R58/Q58 | U58: 58800 | V58: 38500
A59: 용호동 | D59: 8039 | E59: LG메트로시티1차 | F59: 2001.06 | G59: 2637 | H59: =2026-F59+1 | K59: 60 | M59: 계단식 | N59: 3 | O59: 1 | P59: 92 | Q59: 41000 | R59: 28000 | S59: =Q59-R59 | T59: =R59/Q59 | U59: 57800 | V59: 36500
A60: 용호동 | D60: 9710 | E60: LG메트로시티4-2차 | F60: 2003.08 | G60: 1258 | H60: =2026-F60+1 | J60: 92 | K60: 70 | L60: 28 | M60: 계단식 | N60: 2 | O60: 1 | P60: 92 | Q60: 41000 | R60: 25000 | S60: =Q60-R60 | T60: =R60/Q60 | V60: 40500
A61: 문현동 | D61: 114815 | E61: 문현경동리인1단지 | F61: 2020.07 | G61: 469 | H61: =2026-F61+1 | J61: 94 | K61: 74 | L61: 28 | M61: 계단식 | N61: 3 | O61: 2 | P61: 37 | Q61: 40000 | R61: 33000 | S61: =Q61-R61 | T61: =R61/Q61 | U61: 55000 | V61: 37000
A62: 용호동 | D62: 9711 | E62: LG메트로시티5차 | F62: 2004.1 | G62: 804 | H62: =2026-F62+1 | J62: 81 | K62: 59 | L62: 25 | M62: 계단식 | N62: 3 | O62: 1 | P62: 276 | Q62: 40000 | R62: 25000 | S62: =Q62-R62 | T62: =R62/Q62 | U62: 55500 | V62: 38000
A63: 문현동 | D63: 114815 | E63: 문현경동리인1단지 | F63: 2020.07 | G63: 469 | H63: =2026-F63+1 | J63: 92 | K63: 72 | L63: 28 | M63: 계단식 | N63: 3 | O63: 2 | P63: 42 | Q63: 39500 | R63: 32000 | S63: =Q63-R63 | T63: =R63/Q63 | U63: 55000 | V63: 37000
A64: 대연동 | D64: 129153 | E64: 대연삼정그린코아더베스트 | F64: 2022.08 | G64: 337 | H64: =2026-F64+1 | J64: 83 | K64: 59 | L64: 25 | M64: 계단식 | N64: 3 | O64: 2 | P64: 222 | Q64: 39000 | R64: 40000 | S64: =Q64-R64 | T64: =R64/Q64
A65: 문현동 | D65: 15166 | E65: 문현태영데시앙 | F65: 2006.07 | G65: 388 | H65: =2026-F65+1 | K65: 84 | M65: 계단식 | N65: 3 | O65: 2 | P65: 202 | Q65: 39000 | R65: 27000 | S65: =Q65-R65 | T65: =R65/Q65 | U65: 54000 | V65: 45000
A66: 문현동 | D66: 125851 | E66: 오션파라곤 | F66: 2022.11 | G66: 662 | H66: =2026-F66+1 | K66: 72 | M66: 계단식 | N66: 3 | O66: 2 | P66: 116 | Q66: 39000 | S66: =Q66-R66 | T66: =R66/Q66 | V66: 35000
A67: 용호동 | D67: 8039 | E67: LG메트로시티1차 | F67: 2001.06 | G67: 2637 | H67: =2026-F67+1 | K67: 59 | M67: 계단식 | N67: 3 | O67: 1 | P67: 92 | Q67: 38500 | R67: 28000 | S67: =Q67-R67 | T67: =R67/Q67 | U67: 57800 | V67: 36500
A68: 대연동 | D68: 4543 | E68: 대연현대 | F68: 1997.11 | G68: 366 | H68: =2026-F68+1 | J68: 107 | K68: 84 | L68: 32 | M68: 계단식 | N68: 3 | O68: 2 | P68: 133 | Q68: 38000 | R68: 18000 | S68: =Q68-R68 | T68: =R68/Q68 | U68: 28500 | V68: 19700
A69: 문현동 | D69: 4577 | E69: 문현삼성 | F69: 2001.05 | G69: 916 | H69: =2026-F69+1 | J69: 110 | K69: 84 | L69: 33 | M69: 계단식 | N69: 3 | O69: 2 | P69: 333 | Q69: 38000 | R69: 27000 | S69: =Q69-R69 | T69: =R69/Q69 | U69: 58000 | V69: 31000
A70: 용호동 | D70: 104246 | E70: 쌍용예가 | F70: 2013.06 | G70: 773 | H70: =2026-F70+1 | K70: 84 | M70: 계단식 | N70: 3 | O70: 2 | P70: 282 | Q70: 38000 | R70: 27000 | S70: =Q70-R70 | T70: =R70/Q70 | U70: 53500 | V70: 34000
A71: 우암동 | D71: 161277 | E71: 두산위브더제니스오션시티 | F71: 2026.01 | G71: 3048 | H71: =2026-F71+1 | K71: 84 | M71: 계단식 | N71: 3 | O71: 2 | P71: 1122 | Q71: 37500 | R71: 45000 | S71: =Q71-R71 | T71: =R71/Q71
A72: 문현동 | D72: 15166 | E72: 문현태영데시앙 | F72: 2006.07 | G72: 388 | H72: =2026-F72+1 | J72: 102 | K72: 77 | L72: 31 | M72: 계단식 | N72: 3 | O72: 2 | P72: 108 | Q72: 37000 | R72: 25000 | S72: =Q72-R72 | T72: =R72/Q72 | U72: 48000 | V72: 36000
A73: 용호동 | D73: 127894 | E73: 데시앙해링턴플레이스파크시티 | F73: 2023.05 | G73: 1725 | H73: =2026-F73+1 | K73: 59 | M73: 계단식 | N73: 3 | O73: 2 | P73: 993 | Q73: 36800 | R73: 30000 | S73: =Q73-R73 | T73: =R73/Q73 | V73: 30000
A74: 용호동 | D74: 13513 | E74: 일신님 | F74: 2006.01 | G74: 710 | H74: =2026-F74+1 | K74: 84 | M74: 계단식 | N74: 3 | O74: 2 | P74: 552 | Q74: 36000 | R74: 30000 | S74: =Q74-R74 | T74: =R74/Q74 | U74: 53500 | V74: 32000
A75: 용호동 | D75: 104246 | E75: 쌍용예가 | F75: 2013.06 | G75: 773 | H75: =2026-F75+1 | K75: 74 | M75: 계단식 | N75: 3 | O75: 2 | P75: 128 | Q75: 35000 | R75: 25000 | S75: =Q75-R75 | T75: =R75/Q75 | U75: 50500 | V75: 30000
A76: 대연동 | D76: 24055 | E76: 대연SK뷰1차 | F76: 2007.06 | G76: 421 | H76: =2026-F76+1 | J76: 110 | K76: 84 | L76: 33 | M76: 계단식 | N76: 3 | O76: 2 | P76: 94 | Q76: 34000 | R76: 28000 | S76: =Q76-R76 | T76: =R76/Q76 | U76: 43000 | V76: 32000
A77: 대연동 | D77: 24055 | E77: 대연SK뷰1차 | F77: 2007.06 | G77: 421 | H77: =2026-F77+1 | J77: 102 | K77: 78 | L77: 31 | M77: 계단식 | N77: 3 | O77: 2 | P77: 66 | Q77: 33000 | R77: 31600 | S77: =Q77-R77 | T77: =R77/Q77 | U77: 41500 | V77: 30000
A78: 문현동 | D78: 125851 | E78: 오션파라곤 | F78: 2022.11 | G78: 662 | H78: =2026-F78+1 | K78: 59 | M78: 계단식 | N78: 3 | O78: 2 | P78: 264 | Q78: 33000 | R78: 30000 | S78: =Q78-R78 | T78: =R78/Q78 | V78: 24551
A79: 대연동 | D79: 10488 | E79: 대연극동 | F79: 2002.08 | G79: 413 | H79: =2026-F79+1 | K79: 84 | M79: 계단식 | N79: 3 | O79: 2 | P79: 185 | Q79: 32000 | R79: 21000 | S79: =Q79-R79 | T79: =R79/Q79 | U79: 40500 | V79: 31000
A80: 문현동 | D80: 4577 | E80: 문현삼성 | F80: 2001.05 | G80: 916 | H80: =2026-F80+1 | J80: 80 | K80: 59 | L80: 24 | M80: 계단식 | N80: 3 | O80: 1 | P80: 295 | Q80: 32000 | R80: 22000 | S80: =Q80-R80 | T80: =R80/Q80 | U80: 42000 | V80: 28500
A81: 용호동 | D81: 4649 | E81: 현대비치 | F81: 1997.11 | G81: 648 | H81: =2026-F81+1 | J81: 92 | K81: 72 | L81: 28 | M81: 계단식 | N81: 3 | O81: 1 | P81: 142 | Q81: 32000 | R81: 25000 | S81: =Q81-R81 | T81: =R81/Q81 | U81: 50000 | V81: 33800
A82: 용당동 | D82: 22395 | E82: 신대연코오롱하늘채 | F82: 2007.03 | G82: 712 | H82: =2026-F82+1 | K82: 84 | M82: 계단식 | N82: 3 | O82: 2 | P82: 586 | Q82: 31000 | R82: 30000 | S82: =Q82-R82 | T82: =R82/Q82 | U82: 45000 | V82: 26800
A83: 용호동 | D83: 4646 | E83: 일신프리빌리지 | F83: 1996.02 | G83: 518 | H83: =2026-F83+1 | K83: 84 | M83: 계단식 | N83: 3 | O83: 1 | P83: 283 | Q83: 31000 | R83: 24000 | S83: =Q83-R83 | T83: =R83/Q83 | U83: 44000 | V83: 35000
A84: 우암동 | D84: 4725 | E84: 동일 | F84: 1988.07 | G84: 312 | H84: =2026-F84+1 | J84: 84 | K84: 71 | L84: 25 | M84: 계단식 | N84: 3 | O84: 1 | P84: 24 | Q84: 31000 | R84: 15000 | S84: =Q84-R84 | T84: =R84/Q84
A85: 대연동 | D85: 14171 | E85: 대연경동메르빌 | F85: 2005.08 | G85: 451 | H85: =2026-F85+1 | K85: 84 | M85: 계단식 | N85: 3 | O85: 2 | P85: 277 | Q85: 30000 | R85: 24000 | S85: =Q85-R85 | T85: =R85/Q85 | U85: 43500 | V85: 28000
A86: 용호동 | D86: 4636 | E86: 벽산화이트타워 | F86: 1994.12 | G86: 343 | H86: =2026-F86+1 | K86: 84 | M86: 계단식 | N86: 3 | O86: 2 | P86: 220 | Q86: 30000 | R86: 23000 | S86: =Q86-R86 | T86: =R86/Q86 | U86: 27200 | V86: 17000
A87: 문현동 | D87: 4579 | E87: 대림문현시티프라자(주상복합) | F87: 1999.07 | G87: 521 | H87: =2026-F87+1 | K87: 84 | M87: 복도식 | N87: 3 | O87: 2 | P87: 58 | Q87: 29500 | R87: 26000 | S87: =Q87-R87 | T87: =R87/Q87 | U87: 36500 | V87: 30000
A88: 용호동 | D88: 13513 | E88: 일신님 | F88: 2006.01 | G88: 710 | H88: =2026-F88+1 | J88: 84 | K88: 59 | L88: 25 | M88: 계단식 | N88: 3 | O88: 2 | P88: 82 | Q88: 29500 | R88: 24000 | S88: =Q88-R88 | T88: =R88/Q88 | U88: 41000 | V88: 29500
A89: 감만동 | D89: 12935 | E89: 감만동일스위트 | F89: 2005.1 | G89: 548 | H89: =2026-F89+1 | J89: 103 | K89: 80 | L89: 31 | M89: 계단식 | N89: 3 | O89: 2 | P89: 50 | Q89: 29000 | R89: 19000 | S89: =Q89-R89 | T89: =R89/Q89 | U89: 31000 | V89: 30000
A90: 우암동 | D90: 11242 | E90: 우암중앙하이츠 | F90: 2004.12 | G90: 465 | H90: =2026-F90+1 | J90: 96 | K90: 71 | L90: 29 | M90: 계단식 | N90: 3 | O90: 2 | P90: 114 | Q90: 29000 | R90: 20000 | S90: =Q90-R90 | T90: =R90/Q90 | U90: 35000 | V90: 27000
A91: 우암동 | D91: 4725 | E91: 동일 | F91: 1988.07 | G91: 312 | H91: =2026-F91+1 | J91: 99 | K91: 84 | L91: 30 | M91: 계단식 | N91: 3 | O91: 2 | P91: 18 | Q91: 28000 | R91: 16000 | S91: =Q91-R91 | T91: =R91/Q91 | U91: 29500 | V91: 28000
A92: 우암동 | D92: 11242 | E92: 우암중앙하이츠 | F92: 2004.12 | G92: 465 | H92: =2026-F92+1 | K92: 84 | M92: 계단식 | N92: 3 | O92: 2 | P92: 302 | Q92: 28000 | R92: 24000 | S92: =Q92-R92 | T92: =R92/Q92 | U92: 35000 | V92: 26000
A93: 문현동 | D93: 4575 | E93: 벽산한성기린 | F93: 1990.11 | G93: 300 | H93: =2026-F93+1 | K93: 84 | M93: 계단식 | N93: 3 | O93: 2 | P93: 300 | Q93: 27500 | R93: 21000 | S93: =Q93-R93 | T93: =R93/Q93 | U93: 32800 | V93: 24800
A94: 용호동 | D94: 104246 | E94: 쌍용예가 | F94: 2013.06 | G94: 773 | H94: =2026-F94+1 | K94: 59 | M94: 계단식 | N94: 3 | O94: 2 | P94: 281 | Q94: 27500 | R94: 22000 | S94: =Q94-R94 | T94: =R94/Q94 | U94: 38500 | V94: 24500
A95: 용호동 | D95: 4649 | E95: 현대비치 | F95: 1997.11 | G95: 648 | H95: =2026-F95+1 | J95: 80 | K95: 59 | L95: 24 | M95: 계단식 | N95: 3 | O95: 1 | P95: 231 | Q95: 27500 | R95: 20000 | S95: =Q95-R95 | T95: =R95/Q95 | U95: 42700 | V95: 26100
A96: 감만동 | D96: 12935 | E96: 감만동일스위트 | F96: 2005.1 | G96: 548 | H96: =2026-F96+1 | J96: 96 | K96: 74 | L96: 29 | M96: 계단식 | N96: 3 | O96: 2 | P96: 76 | Q96: 27000 | R96: 19000 | S96: =Q96-R96 | T96: =R96/Q96 | U96: 31500 | V96: 27500
A97: 대연동 | D97: 4521 | E97: 대연대우 | F97: 1996.02 | G97: 457 | H97: =2026-F97+1 | J97: 103 | K97: 84 | L97: 31 | M97: 계단식 | N97: 3 | O97: 2 | P97: 220 | Q97: 27000 | R97: 19000 | S97: =Q97-R97 | T97: =R97/Q97 | U97: 29900 | V97: 24000
A98: 대연동 | D98: 4530 | E98: 삼성(649) | F98: 1996.1 | G98: 499 | H98: =2026-F98+1 | J98: 104 | K98: 84 | L98: 31 | M98: 계단식 | N98: 3 | O98: 2 | P98: 244 | Q98: 27000 | R98: 22000 | S98: =Q98-R98 | T98: =R98/Q98 | U98: 38800 | V98: 31850
A99: 대연동 | D99: 101068 | E99: 대연동일스위트(주상복합) | F99: 2004.12 | G99: 379 | H99: =2026-F99+1 | J99: 89 | K99: 65 | M99: 복합식 | N99: 1 | O99: 1 | P99: 3 | Q99: 26000 | R99: 18000 | S99: =Q99-R99 | T99: =R99/Q99 | U99: 28500
A100: 용호동 | D100: 4650 | E100: 협진태양 | F100: 1988.11 | G100: 315 | H100: =2026-F100+1 | J100: 86 | K100: 71 | L100: 26 | M100: 계단식 | N100: 3 | O100: 1 | P100: 40 | Q100: 26000 | R100: 11000 | S100: =Q100-R100 | T100: =R100/Q100 | U100: 26000 | V100: 24750
...

Sheet 부산수영구
B1: 상 | C1: 중
B2: 하
A3: 84 | B3: 선호도 | E3: 단지정보 (30평) | AD3: 투자결과
B4: 생활권 | C4: 생활권 내 | D4: 단지코드 | E4: 단지명 | F4: 사용승인일 | G4: 총세대수 | H4: 나이 | I4: 타입 | J4: 공급면적 | K4: 전용면적 | L4: 평형 | M4: 구조 | N4: 방수 | O4: 욕실수 | P4: 평형별 세대수 | Q4: 매 | R4: 전 | S4: 차 | T4: 전세가율 | U4: 전고 | V4: 전저 | W4: 시기(년) | X4: (전세가율80%이상인)기간 | Y4: 평형 | Z4: 매매가 | AA4: 전세가 | AB4: 전세가율 | AC4: 투자금 | AD4: 시기(년) | AE4: 매매가 | AF4: 수익금 | AG4: 상승율 | AH4: 수익율
A5: 남천동 | D5: 154302 | E5: 남천자이 | F5: 2023.01 | G5: 913 | H5: =2026-F5+1 | K5: 84 | M5: 계단식 | N5: 3 | O5: 2 | P5: 547 | Q5: 160000 | R5: 65000 | S5: =Q5-R5 | T5: =R5/Q5 | V5: 112000
A6: 남천동 | D6: 154302 | E6: 남천자이 | F6: 2023.01 | G6: 913 | H6: =2026-F6+1 | J6: 102 | K6: 77 | L6: 31 | M6: 계단식 | N6: 3 | O6: 2 | P6: 24 | Q6: 150000 | R6: 55000 | S6: =Q6-R6 | T6: =R6/Q6 | V6: 117500
A7: 남천동 | D7: 154302 | E7: 남천자이 | F7: 2023.01 | G7: 913 | H7: =2026-F7+1 | K7: 74 | M7: 계단식 | N7: 3 | O7: 2 | P7: 88 | Q7: 125000 | R7: 55000 | S7: =Q7-R7 | T7: =R7/Q7 | V7: 93000
A8: 남천동 | D8: 127133 | E8: 더샵남천프레스티지 | F8: 2022.09 | G8: 975 | H8: =2026-F8+1 | K8: 84 | M8: 계단식 | N8: 3 | O8: 2 | P8: 504 | Q8: 125000 | R8: 65000 | S8: =Q8-R8 | T8: =R8/Q8 | U8: 129000 | V8: 71000
A9: 남천동 | D9: 7770 | E9: 삼익비치타운 | F9: 1979.1 | G9: 3060 | H9: =2026-F9+1 | K9: 84 | M9: 복도식 | N9: 3 | O9: 1 | P9: 504 | Q9: 102000 | R9: 16000 | S9: =Q9-R9 | T9: =R9/Q9 | U9: 160000 | V9: 99000
A10: 광안동 | D10: 119208 | E10: 광안자이 | F10: 2020.08 | G10: 971 | H10: =2026-F10+1 | K10: 84 | M10: 계단식 | N10: 3 | O10: 2 | P10: 588 | Q10: 99000 | R10: 60000 | S10: =Q10-R10 | T10: =R10/Q10 | U10: 144500 | V10: 74000
A11: 남천동 | D11: 24896 | E11: 남천코오롱하늘채골든비치 | F11: 2009.01 | G11: 987 | H11: =2026-F11+1 | J11: 112 | K11: 84 | L11: 34 | M11: 복합식 | N11: 3 | O11: 2 | P11: 149 | Q11: 98000 | R11: 45000 | S11: =Q11-R11 | T11: =R11/Q11 | U11: 75000 | V11: 71000
A12: 남천동 | D12: 114752 | E12: 남천금호어울림더비치 | F12: 2019.07 | G12: 421 | H12: =2026-F12+1 | K12: 84 | M12: 계단식 | N12: 3 | O12: 2 | P12: 345 | Q12: 96000 | R12: 60000 | S12: =Q12-R12 | T12: =R12/Q12 | U12: 110000 | V12: 72500
A13: 수영동 | D13: 7914 | E13: 현대 | F13: 1988.04 | G13: 1180 | H13: =2026-F13+1 | J13: 102 | K13: 84 | L13: 31 | M13: 계단식 | N13: 3 | O13: 2 | P13: 450 | Q13: 95000 | R13: 25000 | S13: =Q13-R13 | T13: =R13/Q13 | U13: 131500 | V13: 65000
A14: 남천동 | D14: 154302 | E14: 남천자이 | F14: 2023.01 | G14: 913 | H14: =2026-F14+1 | K14: 59 | M14: 계단식 | N14: 3 | O14: 2 | P14: 116 | Q14: 93000 | R14: 43000 | S14: =Q14-R14 | T14: =R14/Q14 | V14: 76000
A15: 남천동 | D15: 7717 | E15: 뉴비치 | F15: 1986.05 | G15: 990 | H15: =2026-F15+1 | J15: 101 | K15: 84 | L15: 31 | M15: 계단식 | N15: 3 | O15: 2 | P15: 210 | Q15: 93000 | R15: 32000 | S15: =Q15-R15 | T15: =R15/Q15 | U15: 134500 | V15: 78300
A16: 남천동 | D16: 127133 | E16: 더샵남천프레스티지 | F16: 2022.09 | G16: 975 | H16: =2026-F16+1 | K16: 59 | M16: 계단식 | N16: 3 | O16: 2 | P16: 178 | Q16: 92000 | R16: 48000 | S16: =Q16-R16 | T16: =R16/Q16 | V16: 70000
A17: 남천동 | D17: 7770 | E17: 삼익비치타운 | F17: 1979.1 | G17: 3060 | H17: =2026-F17+1 | J17: 98 | K17: 73 | L17: 30 | M17: 복도식 | N17: 3 | O17: 1 | P17: 516 | Q17: 92000 | R17: 9000 | S17: =Q17-R17 | T17: =R17/Q17 | U17: 143700 | V17: 88000
A18: 광안동 | D18: 104037 | E18: 부산광안쌍용예가디오션 | F18: 2014.11 | G18: 928 | H18: =2026-F18+1 | J18: 85 | K18: 59 | L18: 26 | M18: 계단식 | N18: 3 | O18: 2 | P18: 39 | Q18: 90000 | R18: 45000 | S18: =Q18-R18 | T18: =R18/Q18 | U18: 90000 | V18: 73000
A19: 광안동 | D19: 119208 | E19: 광안자이 | F19: 2020.08 | G19: 971 | H19: =2026-F19+1 | J19: 104 | K19: 73 | L19: 31 | M19: 계단식 | N19: 3 | O19: 2 | P19: 226 | Q19: 88000 | R19: 47000 | S19: =Q19-R19 | T19: =R19/Q19 | U19: 96500 | V19: 65000
A20: 남천동 | D20: 7770 | E20: 삼익비치타운 | F20: 1979.1 | G20: 3060 | H20: =2026-F20+1 | K20: 61 | M20: 복도식 | N20: 3 | O20: 1 | P20: 168 | Q20: 88000 | S20: =Q20-R20 | T20: =R20/Q20 | U20: 128000 | V20: 71000
A21: 남천동 | D21: 7717 | E21: 뉴비치 | F21: 1986.05 | G21: 990 | H21: =2026-F21+1 | J21: 91 | K21: 75 | L21: 28 | M21: 계단식 | N21: 3 | O21: 1 | P21: 150 | Q21: 86000 | R21: 25000 | S21: =Q21-R21 | T21: =R21/Q21 | U21: 110000 | V21: 74200
A22: 광안동 | D22: 119208 | E22: 광안자이 | F22: 2020.08 | G22: 971 | H22: =2026-F22+1 | J22: 87 | K22: 59 | L22: 26 | M22: 계단식 | N22: 3 | O22: 2 | P22: 72 | Q22: 85000 | S22: =Q22-R22 | T22: =R22/Q22 | U22: 76000 | V22: 68000
A23: 민락동 | D23: 103401 | E23: 부산더샵센텀포레 | F23: 2014.07 | G23: 1006 | H23: =2026-F23+1 | K23: 84 | M23: 계단식 | N23: 3 | O23: 2 | P23: 550 | Q23: 85000 | R23: 52000 | S23: =Q23-R23 | T23: =R23/Q23 | U23: 109000 | V23: 57000
A24: 민락동 | D24: 108274 | E24: 센텀비스타동원 | F24: 2017.07 | G24: 840 | H24: =2026-F24+1 | K24: 84 | M24: 계단식 | N24: 3 | O24: 2 | P24: 661 | Q24: 85000 | R24: 49000 | S24: =Q24-R24 | T24: =R24/Q24 | U24: 109500 | V24: 56000
A25: 민락동 | D25: 117979 | E25: e편한세상오션테라스3단지 | F25: 2020.01 | G25: 316 | H25: =2026-F25+1 | K25: 84 | M25: 계단식 | N25: 3 | O25: 2 | P25: 156 | Q25: 83000 | R25: 45000 | S25: =Q25-R25 | T25: =R25/Q25 | U25: 93000 | V25: 72750
A26: 민락동 | D26: 103401 | E26: 부산더샵센텀포레 | F26: 2014.07 | G26: 1006 | H26: =2026-F26+1 | J26: 85 | K26: 59 | L26: 26 | M26: 계단식 | N26: 3 | O26: 2 | P26: 110 | Q26: 78000 | R26: 35000 | S26: =Q26-R26 | T26: =R26/Q26 | U26: 65000 | V26: 58000
A27: 남천동 | D27: 7770 | E27: 삼익비치타운 | F27: 1979.1 | G27: 3060 | H27: =2026-F27+1 | K27: 60 | M27: 복도식 | N27: 3 | O27: 1 | P27: 504 | Q27: 77000 | R27: 10000 | S27: =Q27-R27 | T27: =R27/Q27 | U27: 128000 | V27: 71000
A28: 수영동 | D28: 7914 | E28: 현대 | F28: 1988.04 | G28: 1180 | H28: =2026-F28+1 | K28: 68 | M28: 계단식 | N28: 3 | O28: 1 | P28: 420 | Q28: 76000 | R28: 21000 | S28: =Q28-R28 | T28: =R28/Q28 | U28: 105000 | V28: 70700
A29: 수영동 | D29: 10383 | E29: 수영협성르네상스타운 | F29: 2004.07 | G29: 684 | H29: =2026-F29+1 | K29: 84 | M29: 계단식 | N29: 3 | O29: 2 | P29: 384 | Q29: 75000 | R29: 40000 | S29: =Q29-R29 | T29: =R29/Q29 | U29: 92000 | V29: 58000
A30: 민락동 | D30: 117980 | E30: e편한세상오션테라스4단지 | F30: 2020.01 | G30: 308 | H30: =2026-F30+1 | K30: 84 | M30: 계단식 | N30: 3 | O30: 2 | P30: 152 | Q30: 73000 | R30: 50000 | S30: =Q30-R30 | T30: =R30/Q30 | U30: 162000 | V30: 75000
A31: 망미동 | D31: 111463 | E31: 수영SK뷰1단지 | F31: 2019.06 | G31: 1147 | H31: =2026-F31+1 | J31: 101 | K31: 73 | L31: 31 | M31: 계단식 | N31: 3 | O31: 2 | P31: 70 | Q31: 70000 | R31: 37000 | S31: =Q31-R31 | T31: =R31/Q31 | U31: 75000 | V31: 60000
A32: 망미동 | D32: 111463 | E32: 수영SK뷰1단지 | F32: 2019.06 | G32: 1147 | H32: =2026-F32+1 | J32: 116 | K32: 84 | L32: 35 | M32: 계단식 | N32: 4 | O32: 2 | P32: 594 | Q32: 69000 | R32: 40000 | S32: =Q32-R32 | T32: =R32/Q32 | U32: 87500 | V32: 51000
A33: 수영동 | D33: 7914 | E33: 현대 | F33: 1988.04 | G33: 1180 | H33: =2026-F33+1 | J33: 69 | K33: 52 | L33: 21 | M33: 복도식 | N33: 2 | O33: 1 | P33: 167 | Q33: 65000 | R33: 18000 | S33: =Q33-R33 | T33: =R33/Q33 | U33: 87200 | V33: 59000
A34: 남천동 | D34: 7717 | E34: 뉴비치 | F34: 1986.05 | G34: 990 | H34: =2026-F34+1 | J34: 62 | K34: 42 | L34: 19 | M34: 복도식 | N34: 2 | O34: 1 | P34: 135 | Q34: 63000 | R34: 18000 | S34: =Q34-R34 | T34: =R34/Q34 | U34: 79900 | V34: 48000
A35: 망미동 | D35: 19305 | E35: 더샵파크리치 | F35: 2007.09 | G35: 862 | H35: =2026-F35+1 | J35: 114 | K35: 84 | L35: 34 | M35: 계단식 | N35: 3 | O35: 2 | P35: 96 | Q35: 63000 | R35: 32000 | S35: =Q35-R35 | T35: =R35/Q35 | U35: 74800 | V35: 56500
A36: 민락동 | D36: 108276 | E36: e편한세상광안비치 | F36: 2016.09 | G36: 396 | H36: =2026-F36+1 | K36: 84 | M36: 계단식 | N36: 3 | O36: 2 | P36: 396 | Q36: 63000 | R36: 43000 | S36: =Q36-R36 | T36: =R36/Q36 | U36: 101500 | V36: 59500
A37: 남천동 | D37: 7770 | E37: 삼익비치타운 | F37: 1979.1 | G37: 3060 | H37: =2026-F37+1 | K37: 41 | M37: 복도식 | N37: 2 | O37: 1 | P37: 264 | Q37: 61500 | R37: 8000 | S37: =Q37-R37 | T37: =R37/Q37 | U37: 105000 | V37: 59000
A38: 수영동 | D38: 103803 | E38: 수영강동원로얄듀크 | F38: 2014.02 | G38: 423 | H38: =2026-F38+1 | K38: 84 | M38: 계단식 | N38: 3 | O38: 2 | P38: 191 | Q38: 61000 | R38: 37000 | S38: =Q38-R38 | T38: =R38/Q38 | U38: 66500 | V38: 60000
A39: 민락동 | D39: 11792 | E39: 롯데캐슬자이언트 | F39: 2003.11 | G39: 591 | H39: =2026-F39+1 | J39: 110 | K39: 84 | L39: 33 | M39: 계단식 | N39: 3 | O39: 2 | P39: 196 | Q39: 59000 | R39: 35000 | S39: =Q39-R39 | T39: =R39/Q39 | U39: 79000 | V39: 50000
A40: 남천동 | D40: 7717 | E40: 뉴비치 | F40: 1986.05 | G40: 990 | H40: =2026-F40+1 | J40: 55 | K40: 41 | L40: 17 | M40: 복도식 | N40: 2 | O40: 1 | P40: 195 | Q40: 58000 | R40: 16000 | S40: =Q40-R40 | T40: =R40/Q40 | U40: 74000 | V40: 48000
A41: 수영동 | D41: 103803 | E41: 수영강동원로얄듀크 | F41: 2014.02 | G41: 423 | H41: =2026-F41+1 | K41: 80 | M41: 계단식 | N41: 3 | O41: 2 | P41: 232 | Q41: 56000 | R41: 34000 | S41: =Q41-R41 | T41: =R41/Q41 | U41: 73000 | V41: 55000
A42: 망미동 | D42: 111463 | E42: 수영SK뷰1단지 | F42: 2019.06 | G42: 1147 | H42: =2026-F42+1 | K42: 59 | M42: 계단식 | N42: 3 | O42: 2 | P42: 483 | Q42: 55000 | R42: 34000 | S42: =Q42-R42 | T42: =R42/Q42 | U42: 64500 | V42: 40000
A43: 민락동 | D43: 9904 | E43: 센텀비치푸르지오 | F43: 2003.08 | G43: 1082 | H43: =2026-F43+1 | K43: 84 | M43: 계단식 | N43: 3 | O43: 2 | P43: 460 | Q43: 55000 | R43: 33000 | S43: =Q43-R43 | T43: =R43/Q43 | U43: 80000 | V43: 49000
A44: 민락동 | D44: 7888 | E44: 진로비치1단지 | F44: 1997.05 | G44: 352 | H44: =2026-F44+1 | J44: 104 | K44: 84 | L44: 31 | M44: 계단식 | N44: 3 | O44: 2 | P44: 148 | Q44: 52000 | R44: 20000 | S44: =Q44-R44 | T44: =R44/Q44 | U44: 51500 | V44: 41500
A45: 남천동 | D45: 7650 | E45: 남천동원로얄듀크 | F45: 2000.05 | G45: 422 | H45: =2026-F45+1 | J45: 103 | K45: 84 | L45: 31 | M45: 계단식 | N45: 3 | O45: 2 | P45: 126 | Q45: 51000 | R45: 31000 | S45: =Q45-R45 | T45: =R45/Q45 | U45: 69000 | V45: 45000
A46: 민락동 | D46: 9904 | E46: 센텀비치푸르지오 | F46: 2003.08 | G46: 1082 | H46: =2026-F46+1 | J46: 94 | K46: 73 | L46: 28 | M46: 계단식 | N46: 3 | O46: 2 | P46: 104 | Q46: 50000 | R46: 27000 | S46: =Q46-R46 | T46: =R46/Q46 | U46: 64200 | V46: 42800
A47: 남천동 | D47: 7650 | E47: 남천동원로얄듀크 | F47: 2000.05 | G47: 422 | H47: =2026-F47+1 | J47: 81 | K47: 59 | L47: 25 | M47: 계단식 | N47: 3 | O47: 1 | P47: 40 | Q47: 45000 | R47: 25000 | S47: =Q47-R47 | T47: =R47/Q47 | U47: 57000 | V47: 44300
A48: 남천동 | D48: 127133 | E48: 더샵남천프레스티지 | F48: 2022.09 | G48: 975 | H48: =2026-F48+1 | J48: 56 | K48: 39 | L48: 17 | M48: 계단식 | N48: 2 | O48: 1 | P48: 51 | Q48: 43000 | S48: =Q48-R48 | T48: =R48/Q48
A49: 망미동 | D49: 109225 | E49: 망미이진캐스빌 | F49: 2017.08 | G49: 343 | H49: =2026-F49+1 | J49: 110 | K49: 79 | L49: 33 | M49: 계단식 | N49: 3 | O49: 2 | P49: 90 | Q49: 43000 | R49: 26000 | S49: =Q49-R49 | T49: =R49/Q49 | U49: 55000 | V49: 41700
A50: 광안동 | D50: 7509 | E50: 비치그린 | F50: 1996.02 | G50: 1038 | H50: =2026-F50+1 | J50: 107 | K50: 84 | L50: 32 | M50: 계단식 | N50: 3 | O50: 2 | P50: 601 | Q50: 39000 | R50: 29000 | S50: =#REF!-#REF! | T50: =#REF!/#REF! | U50: 54500 | V50: 35500
A51: 광안동 | D51: 7363 | E51: 광원 | F51: 1995.11 | G51: 589 | H51: =2026-F51+1 | J51: 100 | K51: 84 | L51: 30 | M51: 계단식 | N51: 3 | O51: 2 | P51: 196 | Q51: 38000 | S51: =Q51-R51 | T51: =R51/Q51 | U51: 45500 | V51: 36000
A52: 민락동 | D52: 7888 | E52: 진로비치1단지 | F52: 1997.05 | G52: 352 | H52: =2026-F52+1 | J52: 76 | K52: 59 | L52: 23 | M52: 계단식 | N52: 3 | O52: 1 | P52: 144 | Q52: 38000 | R52: 19000 | S52: =Q52-R52 | T52: =R52/Q52 | U52: 43800 | V52: 36800
A53: 망미동 | D53: 9884 | E53: 센텀수영강변e-편한세상2차 | F53: 2004.08 | G53: 486 | H53: =2026-F53+1 | J53: 107 | K53: 84 | L53: 32 | M53: 계단식 | N53: 3 | O53: 2 | P53: 317 | Q53: 37000 | R53: 29000 | S53: =Q53-R53 | T53: =R53/Q53 | U53: 59000 | V53: 34000
A54: 망미동 | D54: 109225 | E54: 망미이진캐스빌 | F54: 2017.08 | G54: 343 | H54: =2026-F54+1 | J54: 87 | K54: 62 | L54: 26 | M54: 계단식 | N54: 3 | O54: 2 | P54: 207 | Q54: 36500 | R54: 27000 | S54: =Q54-R54 | T54: =R54/Q54 | U54: 47500 | V54: 34000
A55: 망미동 | D55: 9884 | E55: 센텀수영강변e-편한세상2차 | F55: 2004.08 | G55: 486 | H55: =2026-F55+1 | J55: 79 | K55: 59 | L55: 24 | M55: 계단식 | N55: 3 | O55: 2 | P55: 169 | Q55: 32000 | R55: 21000 | S55: =Q55-R55 | T55: =R55/Q55 | U55: 46000 | V55: 31900
A56: 망미동 | D56: 7881 | E56: 삼성 | F56: 1991.11 | G56: 672 | H56: =2026-F56+1 | K56: 84 | M56: 계단식 | N56: 3 | O56: 2 | P56: 255 | Q56: 26000 | R56: 23000 | S56: =Q56-R56 | T56: =R56/Q56 | U56: 45300 | V56: 26000
A57: 광안동 | D57: 7363 | E57: 광원 | F57: 1995.11 | G57: 589 | H57: =2026-F57+1 | J57: 75 | K57: 59 | L57: 23 | M57: 계단식 | N57: 2 | O57: 1 | P57: 265 | Q57: 24500 | S57: =Q57-R57 | T57: =R57/Q57 | U57: 31750 | V57: 20000
A58: 광안동 | D58: 7509 | E58: 비치그린 | F58: 1996.02 | G58: 1038 | H58: =2026-F58+1 | K58: 59 | M58: 복도식 | N58: 3 | O58: 1 | P58: 384 | Q58: 24000 | R58: 20000 | S58: =Q58-R58 | T58: =R58/Q58 | U58: 36200 | V58: 23900
A59: 망미동 | D59: 7887 | E59: 현대한누리타운 | F59: 1993.11 | G59: 458 | H59: =2026-F59+1 | K59: 84 | M59: 계단식 | N59: 3 | O59: 2 | P59: 330 | Q59: 23000 | R59: 16000 | S59: =Q59-R59 | T59: =R59/Q59 | U59: 31600 | V59: 21500
A60: 망미동 | D60: 7878 | E60: 망미로얄베스토피아 | F60: 1993.06 | G60: 490 | H60: =2026-F60+1 | J60: 107 | K60: 80 | L60: 32 | M60: 계단식 | N60: 3 | O60: 1 | P60: 14 | Q60: 21000 | R60: 15000 | S60: =Q60-R60 | T60: =R60/Q60 | U60: 21200 | V60: 12100
A61: 망미동 | D61: 7878 | E61: 망미로얄베스토피아 | F61: 1993.06 | G61: 490 | H61: =2026-F61+1 | K61: 84 | M61: 계단식 | N61: 3 | O61: 2 | P61: 266 | Q61: 17000 | R61: 15000 | S61: =Q61-R61 | T61: =R61/Q61 | U61: 26500 | V61: 21000
A62: 망미동 | D62: 7878 | E62: 망미로얄베스토피아 | F62: 1993.06 | G62: 490 | H62: =2026-F62+1 | J62: 97 | K62: 78 | L62: 29 | M62: 계단식 | N62: 3 | O62: 1 | P62: 122 | Q62: 16500 | S62: =Q62-R62 | T62: =R62/Q62 | U62: 21200 | V62: 19250
A63: 광안동 | D63: 104037 | E63: 부산광안쌍용예가디오션 | F63: 2014.11 | G63: 928 | H63: =2026-F63+1 | K63: 84 | M63: 계단식 | N63: 3 | O63: 2 | P63: 743 | Q63: 10000 | R63: 58000 | S63: =Q63-R63 | T63: =R63/Q63 | U63: 160000 | V63: 72000
A64: 광안동 | D64: 14059 | E64: 광안SK뷰(주상복합) | F64: 2006.03 | G64: 361 | H64: =2026-F64+1 | J64: 119 | K64: 84 | L64: 36 | M64: 계단식 | N64: 3 | O64: 2 | P64: 48 | S64: =Q64-R64 | T64: =R64/Q64 | U64: 39400 | V64: 33500
A65: 광안동 | D65: 14059 | E65: 광안SK뷰(주상복합) | F65: 2006.03 | G65: 361 | H65: =2026-F65+1 | J65: 155 | K65: 111 | L65: 47 | M65: 계단식 | N65: 3 | O65: 2 | P65: 275 | S65: =Q65-R65 | T65: =R65/Q65 | U65: 77000 | V65: 62000
A66: 광안동 | D66: 14059 | E66: 광안SK뷰(주상복합) | F66: 2006.03 | G66: 361 | H66: =2026-F66+1 | J66: 181 | K66: 134 | L66: 55 | M66: 계단식 | N66: 4 | O66: 2 | P66: 38 | S66: =Q66-R66 | T66: =R66/Q66 | V66: 88000
A67: 광안동 | D67: 19136 | E67: 광안유림노르웨이아침(주상복합) | F67: 2004.11 | G67: 423 | H67: =2026-F67+1 | J67: 31 | K67: 23 | L67: 9 | M67: 복합식 | N67: 1 | O67: 1 | P67: 38 | S67: =Q67-R67 | T67: =R67/Q67 | U67: 7900 | V67: 7900
A68: 광안동 | D68: 19136 | E68: 광안유림노르웨이아침(주상복합) | F68: 2004.11 | G68: 423 | H68: =2026-F68+1 | J68: 33 | K68: 24 | L68: 10 | M68: 복합식 | N68: 1 | O68: 1 | P68: 8 | S68: =Q68-R68 | T68: =R68/Q68 | U68: 7900 | V68: 7900
A69: 광안동 | D69: 19136 | E69: 광안유림노르웨이아침(주상복합) | F69: 2004.11 | G69: 423 | H69: =2026-F69+1 | J69: 37 | K69: 27 | L69: 11 | M69: 복합식 | N69: 1 | O69: 1 | P69: 107 | S69: =Q69-R69 | T69: =R69/Q69 | U69: 7850 | V69: 7850
A70: 광안동 | D70: 19136 | E70: 광안유림노르웨이아침(주상복합) | F70: 2004.11 | G70: 423 | H70: =2026-F70+1 | J70: 46 | K70: 34 | L70: 14 | M70: 복합식 | N70: 1 | O70: 1 | P70: 270 | S70: =Q70-R70 | T70: =R70/Q70 | U70: 12550 | V70: 9100
A71: 광안동 | D71: 119208 | E71: 광안자이 | F71: 2020.08 | G71: 971 | H71: =2026-F71+1 | J71: 132 | K71: 100 | L71: 40 | M71: 계단식 | N71: 4 | O71: 2 | P71: 85 | S71: =Q71-R71 | T71: =R71/Q71 | U71: 144000 | V71: 115000
A72: 광안동 | D72: 7363 | E72: 광원 | F72: 1995.11 | G72: 589 | H72: =2026-F72+1 | J72: 147 | K72: 130 | L72: 44 | M72: 계단식 | N72: 4 | O72: 2 | P72: 128 | S72: =Q72-R72 | T72: =R72/Q72 | U72: 64300 | V72: 54000
A73: 광안동 | D73: 104037 | E73: 부산광안쌍용예가디오션 | F73: 2014.11 | G73: 928 | H73: =2026-F73+1 | K73: 84 | M73: 계단식 | N73: 4 | O73: 2 | P73: 22 | S73: =Q73-R73 | T73: =R73/Q73 | U73: 160000 | V73: 72000
A74: 광안동 | D74: 104037 | E74: 부산광안쌍용예가디오션 | F74: 2014.11 | G74: 928 | H74: =2026-F74+1 | J74: 150 | K74: 112 | L74: 45 | M74: 계단식 | N74: 4 | O74: 2 | P74: 90 | S74: =Q74-R74 | T74: =R74/Q74 | U74: 167500 | V74: 110000
A75: 광안동 | D75: 104037 | E75: 부산광안쌍용예가디오션 | F75: 2014.11 | G75: 928 | H75: =2026-F75+1 | J75: 151 | K75: 113 | L75: 46 | M75: 계단식 | N75: 4 | O75: 2 | P75: 30 | S75: =Q75-R75 | T75: =R75/Q75 | U75: 167500 | V75: 110000
A76: 광안동 | D76: 104037 | E76: 부산광안쌍용예가디오션 | F76: 2014.11 | G76: 928 | H76: =2026-F76+1 | J76: 208 | K76: 153 | L76: 63 | M76: 계단식 | N76: 5 | O76: 3 | P76: 3 | S76: =Q76-R76 | T76: =R76/Q76
A77: 광안동 | D77: 104037 | E77: 부산광안쌍용예가디오션 | F77: 2014.11 | G77: 928 | H77: =2026-F77+1 | J77: 215 | K77: 161 | L77: 65 | M77: 계단식 | N77: 4 | O77: 3 | P77: 1 | S77: =Q77-R77 | T77: =R77/Q77
A78: 광안동 | D78: 7509 | E78: 비치그린 | F78: 1996.02 | G78: 1038 | H78: =2026-F78+1 | K78: 59 | M78: 계단식 | N78: 3 | O78: 1 | P78: 53 | S78: =Q79-R79 | T78: =R79/Q79 | U78: 36200 | V78: 23900
A79: 남천동 | D79: 114752 | E79: 남천금호어울림더비치 | F79: 2019.07 | G79: 421 | H79: =2026-F79+1 | K79: 104 | M79: 계단식 | N79: 4 | O79: 2 | P79: 76 | S79: =Q79-R79 | T79: =R79/Q79 | U79: 164000 | V79: 112500
A80: 남천동 | D80: 7650 | E80: 남천동원로얄듀크 | F80: 2000.05 | G80: 422 | H80: =2026-F80+1 | J80: 135 | K80: 115 | L80: 41 | M80: 계단식 | N80: 4 | O80: 2 | P80: 106 | S80: =Q80-R80 | T80: =R80/Q80 | U80: 82500 | V80: 60500
A81: 남천동 | D81: 7650 | E81: 남천동원로얄듀크 | F81: 2000.05 | G81: 422 | H81: =2026-F81+1 | J81: 172 | K81: 141 | L81: 52 | M81: 계단식 | N81: 4 | O81: 2 | P81: 24 | S81: =Q81-R81 | T81: =R81/Q81 | U81: 80000 | V81: 80000
A82: 남천동 | D82: 7650 | E82: 남천동원로얄듀크 | F82: 2000.05 | G82: 422 | H82: =2026-F82+1 | J82: 215 | K82: 182 | L82: 65 | M82: 계단식 | N82: 5 | O82: 2 | P82: 126 | S82: =Q82-R82 | T82: =R82/Q82 | U82: 73000
A83: 남천동 | D83: 154302 | E83: 남천자이 | F83: 2023.01 | G83: 913 | H83: =2026-F83+1 | J83: 133 | K83: 101 | L83: 40 | M83: 계단식 | N83: 4 | O83: 2 | P83: 66 | S83: =Q83-R83 | T83: =R83/Q83 | V83: 220000
A84: 남천동 | D84: 154302 | E84: 남천자이 | F84: 2023.01 | G84: 913 | H84: =2026-F84+1 | J84: 150 | K84: 115 | L84: 45 | M84: 계단식 | N84: 4 | O84: 2 | P84: 32 | S84: =Q84-R84 | T84: =R84/Q84
A85: 남천동 | D85: 154302 | E85: 남천자이 | F85: 2023.01 | G85: 913 | H85: =2026-F85+1 | J85: 163 | K85: 125 | L85: 49 | M85: 계단식 | N85: 4 | O85: 2 | P85: 34 | S85: =Q85-R85 | T85: =R85/Q85
A86: 남천동 | D86: 154302 | E86: 남천자이 | F86: 2023.01 | G86: 913 | H86: =2026-F86+1 | J86: 189 | K86: 142 | L86: 57 | M86: 계단식 | N86: 4 | O86: 3 | P86: 1 | S86: =Q86-R86 | T86: =R86/Q86
A87: 남천동 | D87: 154302 | E87: 남천자이 | F87: 2023.01 | G87: 913 | H87: =2026-F87+1 | K87: 145 | M87: 계단식 | N87: 4 | O87: 3 | P87: 3 | S87: =Q87-R87 | T87: =R87/Q87
A88: 남천동 | D88: 154302 | E88: 남천자이 | F88: 2023.01 | G88: 913 | H88: =2026-F88+1 | K88: 157 | M88: 계단식 | N88: 4 | O88: 3 | P88: 2 | S88: =Q88-R88 | T88: =R88/Q88
A89: 남천동 | D89: 24896 | E89: 남천코오롱하늘채골든비치 | F89: 2009.01 | G89: 987 | H89: =2026-F89+1 | J89: 129 | K89: 101 | L89: 39 | M89: 복합식 | N89: 3 | O89: 2 | P89: 152 | S89: =Q89-R89 | T89: =R89/Q89 | V89: 105000
A90: 남천동 | D90: 24896 | E90: 남천코오롱하늘채골든비치 | F90: 2009.01 | G90: 987 | H90: =2026-F90+1 | J90: 147 | K90: 118 | L90: 44 | M90: 복합식 | N90: 4 | O90: 2 | P90: 116 | S90: =Q90-R90 | T90: =R90/Q90 | U90: 129000 | V90: 94000
A91: 남천동 | D91: 24896 | E91: 남천코오롱하늘채골든비치 | F91: 2009.01 | G91: 987 | H91: =2026-F91+1 | K91: 126 | M91: 복합식 | N91: 4 | O91: 2 | P91: 104 | S91: =Q91-R91 | T91: =R91/Q91 | U91: 127000 | V91: 86000
A92: 남천동 | D92: 24896 | E92: 남천코오롱하늘채골든비치 | F92: 2009.01 | G92: 987 | H92: =2026-F92+1 | K92: 125 | M92: 복합식 | N92: 4 | O92: 2 | P92: 104 | S92: =Q92-R92 | T92: =R92/Q92 | U92: 127000 | V92: 86000
A93: 남천동 | D93: 24896 | E93: 남천코오롱하늘채골든비치 | F93: 2009.01 | G93: 987 | H93: =2026-F93+1 | K93: 129 | M93: 복합식 | N93: 4 | O93: 2 | P93: 64 | S93: =Q93-R93 | T93: =R93/Q93 | U93: 128000 | V93: 96500
A94: 남천동 | D94: 24896 | E94: 남천코오롱하늘채골든비치 | F94: 2009.01 | G94: 987 | H94: =2026-F94+1 | J94: 185 | K94: 147 | L94: 56 | M94: 복합식 | N94: 4 | O94: 2 | P94: 217 | S94: =Q94-R94 | T94: =R94/Q94 | U94: 134000 | V94: 99700
A95: 남천동 | D95: 24896 | E95: 남천코오롱하늘채골든비치 | F95: 2009.01 | G95: 987 | H95: =2026-F95+1 | J95: 210 | K95: 170 | L95: 64 | M95: 복합식 | N95: 4 | O95: 2 | P95: 76 | S95: =Q95-R95 | T95: =R95/Q95 | V95: 135000
A96: 남천동 | D96: 24896 | E96: 남천코오롱하늘채골든비치 | F96: 2009.01 | G96: 987 | H96: =2026-F96+1 | J96: 301 | K96: 236 | L96: 91 | M96: 복합식 | N96: 4 | O96: 4 | P96: 3 | S96: =Q96-R96 | T96: =R96/Q96
A97: 남천동 | D97: 24896 | E97: 남천코오롱하늘채골든비치 | F97: 2009.01 | G97: 987 | H97: =2026-F97+1 | J97: 342 | K97: 269 | L97: 103 | M97: 복합식 | N97: 4 | O97: 4 | P97: 2 | S97: =Q97-R97 | T97: =R97/Q97
A98: 남천동 | D98: 7717 | E98: 뉴비치 | F98: 1986.05 | G98: 990 | H98: =2026-F98+1 | J98: 120 | K98: 102 | L98: 36 | M98: 계단식 | N98: 4 | O98: 2 | P98: 90 | S98: =Q98-R98 | T98: =R98/Q98
A99: 남천동 | D99: 7717 | E99: 뉴비치 | F99: 1986.05 | G99: 990 | H99: =2026-F99+1 | J99: 143 | K99: 123 | L99: 43 | M99: 계단식 | N99: 4 | O99: 2 | P99: 90 | S99: =Q99-R99 | T99: =R99/Q99 | V99: 110000
A100: 남천동 | D100: 7717 | E100: 뉴비치 | F100: 1986.05 | G100: 990 | H100: =2026-F100+1 | J100: 165 | K100: 145 | L100: 50 | M100: 계단식 | N100: 4 | O100: 2 | P100: 60 | S100: =Q100-R100 | T100: =R100/Q100 | V100: 128000
...

Sheet 창원성산구
B1: 상 | C1: 중
B2: 하
A3: 84 | B3: 선호도 | E3: 단지정보 (30평) | AH3: 투자결과
B4: 생활권 | C4: 생활권 내 | D4: 단지코드 | E4: 단지명 | F4: 사용승인일 | G4: 총세대수 | H4: 나이 | I4: 타입 | J4: 공급면적 | K4: 전용면적 | L4: 평형 | M4: 구조 | N4: 방수 | O4: 욕실수 | P4: 평형별 세대수 | Q4: 매 | R4: 전 | S4: 차 | T4: 전세가율 | U4: 전고 | V4: 전저 | W4: 계/복 | X4: 방 | Y4: 화 | Z4: 면적세대수 | AA4: 시기(년) | AB4: (전세가율80%이상인)기간 | AC4: 평형 | AD4: 매매가 | AE4: 전세가 | AF4: 전세가율 | AG4: 투자금 | AH4: 시기(년) | AI4: 매매가 | AJ4: 수익금 | AK4: 상승율 | AL4: 수익율
A5: 가음동 | D5: 16761 | E5: 은아 | F5: 1987.12 | G5: 500 | H5: =2026-F5+1 | J5: 59 | K5: 49 | L5: 18 | M5: 계단식 | N5: 2 | O5: 1 | P5: 500 | U5: 2.9 | V5: 1.9
A6: 가음동 | D6: 112175 | E6: 창원가음정한림풀에버 | F6: 2014.07 | G6: 266 | H6: =2026-F6+1 | J6: 90 | K6: 64 | L6: 27 | M6: 계단식 | N6: 3 | O6: 2 | P6: 78 | U6: 5.7 | V6: 4.23
A7: 가음동 | D7: 112175 | E7: 창원가음정한림풀에버 | F7: 2014.07 | G7: 266 | H7: =2026-F7+1 | J7: 112 | K7: 84 | L7: 34 | M7: 계단식 | N7: 3 | O7: 2 | P7: 188 | U7: 6.3 | V7: 5.02
A8: 가음동 | D8: 109672 | E8: 창원가음한화꿈에그린 | F8: 2017.07 | G8: 749 | H8: =2026-F8+1 | J8: 79 | K8: 59 | L8: 24 | M8: 계단식 | N8: 3 | O8: 2 | P8: 88 | U8: 5.9 | V8: 4.28
A9: 가음동 | D9: 109672 | E9: 창원가음한화꿈에그린 | F9: 2017.07 | G9: 749 | H9: =2026-F9+1 | J9: 94 | K9: 70 | L9: 28 | M9: 계단식 | N9: 3 | O9: 2 | P9: 54 | U9: 5.99 | V9: 4.8
A10: 가음동 | D10: 109672 | E10: 창원가음한화꿈에그린 | F10: 2017.07 | G10: 749 | H10: =2026-F10+1 | J10: 112 | K10: 84 | L10: 34 | M10: 계단식 | N10: 3 | O10: 2 | P10: 495 | U10: 7.75 | V10: 5.2
A11: 가음동 | D11: 109672 | E11: 창원가음한화꿈에그린 | F11: 2017.07 | G11: 749 | H11: =2026-F11+1 | J11: 131 | K11: 100 | L11: 40 | M11: 계단식 | N11: 4 | O11: 2 | P11: 85 | U11: 8.6 | V11: 6.25
A12: 가음동 | D12: 109672 | E12: 창원가음한화꿈에그린 | F12: 2017.07 | G12: 749 | H12: =2026-F12+1 | J12: 144 | K12: 110 | L12: 44 | M12: 계단식 | N12: 4 | O12: 2 | P12: 27
A13: 가음동 | D13: 109271 | E13: 창원더샵센트럴파크1단지 | F13: 2017.04 | G13: 386 | H13: =2026-F13+1 | J13: 107 | K13: 84 | L13: 32 | M13: 계단식 | N13: 3 | O13: 2 | P13: 196 | U13: 7.6 | V13: 5.1
A14: 가음동 | D14: 109271 | E14: 창원더샵센트럴파크1단지 | F14: 2017.04 | G14: 386 | H14: =2026-F14+1 | J14: 125 | K14: 98 | L14: 38 | M14: 계단식 | N14: 4 | O14: 2 | P14: 98 | U14: 7.8 | V14: 6.06
A15: 가음동 | D15: 109271 | E15: 창원더샵센트럴파크1단지 | F15: 2017.04 | G15: 386 | H15: =2026-F15+1 | J15: 147 | K15: 117 | L15: 44 | M15: 계단식 | N15: 4 | O15: 2 | P15: 92 | U15: 9 | V15: 7.98
A16: 가음동 | D16: 109272 | E16: 창원더샵센트럴파크2단지 | F16: 2017.04 | G16: 624 | H16: =2026-F16+1 | J16: 78 | K16: 59 | L16: 24 | M16: 계단식 | N16: 3 | O16: 2 | P16: 100 | U16: 5.89 | V16: 4.55
A17: 가음동 | D17: 109272 | E17: 창원더샵센트럴파크2단지 | F17: 2017.04 | G17: 624 | H17: =2026-F17+1 | J17: 110 | K17: 84 | L17: 33 | M17: 계단식 | N17: 3 | O17: 2 | P17: 424 | U17: 7.75 | V17: 5.4
A18: 가음동 | D18: 109272 | E18: 창원더샵센트럴파크2단지 | F18: 2017.04 | G18: 624 | H18: =2026-F18+1 | J18: 129 | K18: 98 | L18: 39 | M18: 계단식 | N18: 4 | O18: 2 | P18: 100 | U18: 8.2 | V18: 6.4
A19: 가음동 | D19: 109273 | E19: 창원더샵센트럴파크3단지 | F19: 2017.04 | G19: 448 | H19: =2026-F19+1 | J19: 93 | K19: 71 | L19: 28 | M19: 계단식 | N19: 3 | O19: 2 | P19: 160 | U19: 6.48 | V19: 4.82
A20: 가음동 | D20: 109273 | E20: 창원더샵센트럴파크3단지 | F20: 2017.04 | G20: 448 | H20: =2026-F20+1 | J20: 110 | K20: 84 | L20: 33 | M20: 계단식 | N20: 3 | O20: 2 | P20: 236 | U20: 7.6 | V20: 5.55
A21: 가음동 | D21: 109273 | E21: 창원더샵센트럴파크3단지 | F21: 2017.04 | G21: 448 | H21: =2026-F21+1 | J21: 129 | K21: 98 | L21: 39 | M21: 계단식 | N21: 4 | O21: 2 | P21: 52 | U21: 8.2 | V21: 5.5
A22: 가음동 | D22: 118728 | E22: 창원센텀푸르지오 | F22: 2018.01 | G22: 975 | H22: =2026-F22+1 | J22: 84 | K22: 59 | L22: 25 | M22: 계단식 | N22: 3 | O22: 2 | P22: 224 | U22: 6.15 | V22: 4.2
A23: 가음동 | D23: 118728 | E23: 창원센텀푸르지오 | F23: 2018.01 | G23: 975 | H23: =2026-F23+1 | J23: 98 | K23: 73 | L23: 30 | M23: 계단식 | N23: 3 | O23: 2 | P23: 216 | U23: 7.1 | V23: 4.9
A24: 가음동 | D24: 118728 | E24: 창원센텀푸르지오 | F24: 2018.01 | G24: 975 | H24: =2026-F24+1 | J24: 111 | K24: 84 | L24: 34 | M24: 계단식 | N24: 4 | O24: 2 | P24: 491 | U24: 8.2 | V24: 5.9
A25: 가음동 | D25: 118728 | E25: 창원센텀푸르지오 | F25: 2018.01 | G25: 975 | H25: =2026-F25+1 | J25: 131 | K25: 101 | L25: 40 | M25: 계단식 | N25: 4 | O25: 2 | P25: 44 | U25: 8.8 | V25: 7.05
A26: 가음동 | D26: 151284 | E26: 창원자이시그니처 | F26: 2025.04 | G26: 786 | H26: =2026-F26+1 | J26: 81 | K26: 59 | L26: 25 | M26: 계단식 | N26: 3 | O26: 2 | P26: 279
A27: 가음동 | D27: 151284 | E27: 창원자이시그니처 | F27: 2025.04 | G27: 786 | H27: =2026-F27+1 | J27: 99 | K27: 75 | L27: 30 | M27: 계단식 | N27: 3 | O27: 2 | P27: 239
A28: 가음동 | D28: 151284 | E28: 창원자이시그니처 | F28: 2025.04 | G28: 786 | H28: =2026-F28+1 | J28: 110 | K28: 84 | L28: 33 | M28: 계단식 | N28: 3 | O28: 2 | P28: 268
A29: 가음정동 | D29: 7600 | E29: 소라 | F29: 1990.01 | G29: 348 | H29: =2026-F29+1 | J29: 83 | K29: 59 | L29: 25 | M29: 복도식 | N29: 3 | O29: 1 | P29: 252 | U29: 1.38 | V29: 0.92
A30: 가음정동 | D30: 7600 | E30: 소라 | F30: 1990.01 | G30: 348 | H30: =2026-F30+1 | J30: 102 | K30: 84 | L30: 31 | M30: 계단식 | N30: 3 | O30: 2 | P30: 96 | U30: 1.83 | V30: 1.75
A31: 남산동 | D31: 115783 | E31: 남산효성해링턴플레이스 | F31: 2018.06 | G31: 460 | H31: =2026-F31+1 | J31: 79 | K31: 59 | L31: 24 | M31: 계단식 | N31: 3 | O31: 2 | P31: 222 | U31: 2.7 | V31: 2.32
A32: 남산동 | D32: 115783 | E32: 남산효성해링턴플레이스 | F32: 2018.06 | G32: 460 | H32: =2026-F32+1 | J32: 101 | K32: 79 | L32: 31 | M32: 계단식 | N32: 3 | O32: 2 | P32: 112 | U32: 3.18 | V32: 2.75
A33: 남산동 | D33: 115783 | E33: 남산효성해링턴플레이스 | F33: 2018.06 | G33: 460 | H33: =2026-F33+1 | J33: 108 | K33: 84 | L33: 33 | M33: 계단식 | N33: 3 | O33: 2 | P33: 126 | U33: 3.34 | V33: 3
A34: 남산동 | D34: 7616 | E34: 대우1차 | F34: 1991.09 | G34: 636 | H34: =2026-F34+1 | J34: 51 | K34: 37 | L34: 15 | M34: 복도식 | N34: 2 | O34: 1 | P34: 61 | U34: 0.74 | V34: 0.55
A35: 남산동 | D35: 7616 | E35: 대우1차 | F35: 1991.09 | G35: 636 | H35: =2026-F35+1 | J35: 66 | K35: 48 | L35: 20 | M35: 복도식 | N35: 3 | O35: 1 | P35: 60 | U35: 1.1 | V35: 0.8
A36: 남산동 | D36: 7610 | E36: 대우2차 | F36: 1991.09 | G36: 408 | H36: =2026-F36+1 | J36: 65 | K36: 48 | L36: 20 | M36: 복도식 | N36: 2 | O36: 1 | P36: 192 | U36: 1.1 | V36: 0.8
A37: 남산동 | D37: 7610 | E37: 대우2차 | F37: 1991.09 | G37: 408 | H37: =2026-F37+1 | J37: 83 | K37: 67 | L37: 25 | M37: 계단식 | N37: 3 | O37: 1 | P37: 72 | U37: 1.7 | V37: 1.3
A38: 남산동 | D38: 7610 | E38: 대우2차 | F38: 1991.09 | G38: 408 | H38: =2026-F38+1 | J38: 84 | K38: 68 | L38: 25 | M38: 계단식 | N38: 3 | O38: 1 | P38: 72 | U38: 1.7 | V38: 1.3
A39: 남산동 | D39: 7610 | E39: 대우2차 | F39: 1991.09 | G39: 408 | H39: =2026-F39+1 | J39: 96 | K39: 78 | L39: 29 | M39: 계단식 | N39: 3 | O39: 2 | P39: 24
A40: 남산동 | D40: 7610 | E40: 대우2차 | F40: 1991.09 | G40: 408 | H40: =2026-F40+1 | J40: 98 | K40: 80 | L40: 30 | M40: 계단식 | N40: 3 | O40: 1 | P40: 48 | U40: 1.85 | V40: 1.45
A41: 남산동 | D41: 15723 | E41: 한양 | F41: 1986.05 | G41: 332 | H41: =2026-F41+1 | J41: 59 | K41: 43 | L41: 18 | M41: 복도식 | N41: 2 | O41: 1 | P41: 70
A42: 남산동 | D42: 15723 | E42: 한양 | F42: 1986.05 | G42: 332 | H42: =2026-F42+1 | J42: 87 | K42: 63 | L42: 26 | M42: 복도식 | N42: 3 | O42: 1 | P42: 48
A43: 남산동 | D43: 15723 | E43: 한양 | F43: 1986.05 | G43: 332 | H43: =2026-F43+1 | J43: 116 | K43: 84 | L43: 35 | M43: 복도식 | N43: 3 | O43: 1 | P43: 48
A44: 남양동 | D44: 7626 | E44: 롯데 | F44: 1990.09 | G44: 450 | H44: =2026-F44+1 | J44: 87 | K44: 71 | L44: 26 | M44: 계단식 | N44: 3 | O44: 1 | P44: 150 | U44: 3.09 | V44: 2.3
A45: 남양동 | D45: 7626 | E45: 롯데 | F45: 1990.09 | G45: 450 | H45: =2026-F45+1 | J45: 102 | K45: 84 | L45: 31 | M45: 계단식 | N45: 3 | O45: 2 | P45: 180 | U45: 3.17 | V45: 2.5
A46: 남양동 | D46: 7626 | E46: 롯데 | F46: 1990.09 | G46: 450 | H46: =2026-F46+1 | J46: 149 | K46: 129 | L46: 45 | M46: 계단식 | N46: 4 | O46: 2 | P46: 120 | U46: 4.2 | V46: 3.4
A47: 남양동 | D47: 7624 | E47: 상남동성(남양동성) | F47: 1990.09 | G47: 540 | H47: =2026-F47+1 | J47: 93 | K47: 77 | L47: 28 | M47: 계단식 | N47: 3 | O47: 1 | P47: 180 | U47: 2.93 | V47: 2
A48: 남양동 | D48: 7624 | E48: 상남동성(남양동성) | F48: 1990.09 | G48: 540 | H48: =2026-F48+1 | J48: 101 | K48: 84 | L48: 31 | M48: 계단식 | N48: 3 | O48: 2 | P48: 180 | U48: 3.4 | V48: 2.36
A49: 남양동 | D49: 7624 | E49: 상남동성(남양동성) | F49: 1990.09 | G49: 540 | H49: =2026-F49+1 | J49: 155 | K49: 135 | L49: 47 | M49: 계단식 | N49: 4 | O49: 2 | P49: 180 | U49: 4.05 | V49: 3.25
A50: 남양동 | D50: 7631 | E50: 성원1차(그랜드타운남산) | F50: 1991.01 | G50: 1350 | H50: =2026-F50+1 | J50: 95 | K50: 79 | L50: 29 | M50: 계단식 | N50: 3 | O50: 1 | P50: 360 | U50: 3.05 | V50: 2.19
A51: 남양동 | D51: 7631 | E51: 성원1차(그랜드타운남산) | F51: 1991.01 | G51: 1350 | H51: =2026-F51+1 | J51: 102 | K51: 84 | L51: 31 | M51: 계단식 | N51: 3 | O51: 2 | P51: 765 | U51: 3.7 | V51: 2.36
A52: 남양동 | D52: 7631 | E52: 성원1차(그랜드타운남산) | F52: 1991.01 | G52: 1350 | H52: =2026-F52+1 | J52: 116 | K52: 96 | L52: 35 | M52: 계단식 | N52: 3 | O52: 2 | P52: 15
A53: 남양동 | D53: 7631 | E53: 성원1차(그랜드타운남산) | F53: 1991.01 | G53: 1350 | H53: =2026-F53+1 | J53: 139 | K53: 118 | L53: 42 | M53: 계단식 | N53: 4 | O53: 2 | P53: 150 | U53: 4.17 | V53: 3.22
A54: 남양동 | D54: 7631 | E54: 성원1차(그랜드타운남산) | F54: 1991.01 | G54: 1350 | H54: =2026-F54+1 | J54: 163 | K54: 140 | L54: 49 | M54: 계단식 | N54: 4 | O54: 2 | P54: 60 | U54: 3.9 | V54: 3.49
A55: 남양동 | D55: 7637 | E55: 성원2차 | F55: 1992.02 | G55: 1404 | H55: =2026-F55+1 | J55: 96 | K55: 79 | L55: 29 | M55: 계단식 | N55: 3 | O55: 1 | P55: 144 | U55: 3.25 | V55: 2.55
A56: 남양동 | D56: 7637 | E56: 성원2차 | F56: 1992.02 | G56: 1404 | H56: =2026-F56+1 | J56: 102 | K56: 84 | L56: 31 | M56: 계단식 | N56: 3 | O56: 2 | P56: 1020 | U56: 3.45 | V56: 2.3
A57: 남양동 | D57: 7637 | E57: 성원2차 | F57: 1992.02 | G57: 1404 | H57: =2026-F57+1 | J57: 115 | K57: 96 | L57: 35 | M57: 계단식 | N57: 3 | O57: 2 | P57: 30 | U57: 2.9 | V57: 2.7
A58: 남양동 | D58: 7637 | E58: 성원2차 | F58: 1992.02 | G58: 1404 | H58: =2026-F58+1 | J58: 131 | K58: 112 | L58: 40 | M58: 계단식 | N58: 4 | O58: 2 | P58: 30 | V58: 2.95
A59: 남양동 | D59: 7637 | E59: 성원2차 | F59: 1992.02 | G59: 1404 | H59: =2026-F59+1 | J59: 136 | K59: 118 | L59: 41 | M59: 계단식 | N59: 4 | O59: 2 | P59: 90 | U59: 3.9 | V59: 3
A60: 남양동 | D60: 7637 | E60: 성원2차 | F60: 1992.02 | G60: 1404 | H60: =2026-F60+1 | J60: 175 | K60: 153 | L60: 53 | M60: 계단식 | N60: 5 | O60: 2 | P60: 60 | U60: 3.8 | V60: 3.3
A61: 남양동 | D61: 7637 | E61: 성원2차 | F61: 1992.02 | G61: 1404 | H61: =2026-F61+1 | J61: 218 | K61: 192 | L61: 66 | M61: 계단식 | N61: 6 | O61: 3 | P61: 30 | U61: 4.5
A62: 남양동 | D62: 7646 | E62: 우성 | F62: 1989.12 | G62: 750 | H62: =2026-F62+1 | J62: 83 | K62: 68 | L62: 25 | M62: 계단식 | N62: 3 | O62: 1 | P62: 90 | U62: 3.05 | V62: 2.4
A63: 남양동 | D63: 7646 | E63: 우성 | F63: 1989.12 | G63: 750 | H63: =2026-F63+1 | J63: 88 | K63: 73 | L63: 27 | M63: 계단식 | N63: 3 | O63: 1 | P63: 270 | U63: 3.5 | V63: 2.49
A64: 남양동 | D64: 7646 | E64: 우성 | F64: 1989.12 | G64: 750 | H64: =2026-F64+1 | J64: 99 | K64: 83 | L64: 30 | M64: 계단식 | N64: 3 | O64: 1 | P64: 390 | U64: 3.99 | V64: 2.5
A65: 남양동 | D65: 22621 | E65: 위드파크 | F65: 1998.05 | G65: 960 | H65: =2026-F65+1 | J65: 69 | K65: 51 | L65: 21 | M65: 복도식 | N65: 3 | O65: 1 | P65: 120 | U65: 2.19 | V65: 1.62
A66: 남양동 | D66: 22621 | E66: 위드파크 | F66: 1998.05 | G66: 960 | H66: =2026-F66+1 | J66: 70 | K66: 53 | L66: 21 | M66: 복도식 | N66: 3 | O66: 1 | P66: 390 | U66: 2.28 | V66: 1.63
A67: 남양동 | D67: 22621 | E67: 위드파크 | F67: 1998.05 | G67: 960 | H67: =2026-F67+1 | J67: 76 | K67: 58 | L67: 23 | M67: 복도식 | N67: 3 | O67: 1 | P67: 360 | U67: 2.68 | V67: 1.95
A68: 남양동 | D68: 22621 | E68: 위드파크 | F68: 1998.05 | G68: 960 | H68: =2026-F68+1 | J68: 78 | K68: 59 | L68: 24 | M68: 복도식 | N68: 3 | O68: 1 | P68: 90 | U68: 2.68 | V68: 1.95
A69: 남양동 | D69: 15724 | E69: 피오르빌 | F69: 1995.07 | G69: 1560 | H69: =2026-F69+1 | J69: 52 | K69: 39 | L69: 16 | M69: 복도식 | N69: 2 | O69: 1 | P69: 540 | U69: 1.78 | V69: 1.1
A70: 남양동 | D70: 15724 | E70: 피오르빌 | F70: 1995.07 | G70: 1560 | H70: =2026-F70+1 | J70: 66 | K70: 49 | L70: 20 | M70: 복도식 | N70: 2 | O70: 1 | P70: 1020 | U70: 2.3 | V70: 1.5
A71: 남양동 | D71: 15726 | E71: 한림엘리시온 | F71: 2002.05 | G71: 210 | H71: =2026-F71+1 | J71: 109 | K71: 84 | L71: 33 | M71: 계단식 | N71: 3 | O71: 2 | P71: 210 | U71: 4.14 | V71: 3.48
A72: 내동 | D72: 15736 | E72: 내동주공1단지 | F72: 1977.01 | G72: 200 | H72: =2026-F72+1 | J72: 50 | K72: 49 | L72: 15 | M72: 복도식 | N72: 2 | O72: 1 | P72: 200
A73: 내동 | D73: 15727 | E73: 목련 | F73: 1979.09 | G73: 238 | H73: =2026-F73+1 | J73: 52 | K73: 41 | L73: 16 | M73: 복도식 | N73: 2 | O73: 1 | P73: 178 | U73: 1.3 | V73: 0.9
A74: 내동 | D74: 15727 | E74: 목련 | F74: 1979.09 | G74: 238 | H74: =2026-F74+1 | J74: 76 | K74: 59 | L74: 23 | M74: 복도식 | N74: 3 | O74: 1 | P74: 20 | U74: 1.7 | V74: 1.43
A75: 내동 | D75: 15727 | E75: 목련 | F75: 1979.09 | G75: 238 | H75: =2026-F75+1 | J75: 82 | K75: 64 | L75: 25 | M75: 복도식 | N75: 3 | O75: 1 | P75: 20 | U75: 1.82 | V75: 1.3
A76: 내동 | D76: 15727 | E76: 목련 | F76: 1979.09 | G76: 238 | H76: =2026-F76+1 | J76: 102 | K76: 81 | L76: 31 | M76: 복도식 | N76: 3 | O76: 1 | P76: 10
A77: 내동 | D77: 15727 | E77: 목련 | F77: 1979.09 | G77: 238 | H77: =2026-F77+1 | J77: 105 | K77: 84 | L77: 32 | M77: 복도식 | N77: 3 | O77: 1 | P77: 10 | U77: 2.03 | V77: 2.03
A78: 내동 | D78: 15735 | E78: 일성그라미 | F78: 1990.03 | G78: 240 | H78: =2026-F78+1 | J78: 87 | K78: 71 | L78: 26 | M78: 계단식 | N78: 3 | O78: 1 | P78: 120 | U78: 1.73 | V78: 1.34
A79: 내동 | D79: 15735 | E79: 일성그라미 | F79: 1990.03 | G79: 240 | H79: =2026-F79+1 | J79: 96 | K79: 80 | L79: 29 | M79: 계단식 | N79: 3 | O79: 1 | P79: 120 | U79: 1.84 | V79: 1.62
A80: 내동 | D80: 10888 | E80: 창원월드메르디앙웨스턴애비뉴 | F80: 2009.02 | G80: 504 | H80: =2026-F80+1 | J80: 77 | K80: 59 | L80: 23 | M80: 계단식 | N80: 3 | O80: 2 | P80: 180 | U80: 2.26 | V80: 2.14
A81: 내동 | D81: 10888 | E81: 창원월드메르디앙웨스턴애비뉴 | F81: 2009.02 | G81: 504 | H81: =2026-F81+1 | J81: 107 | K81: 84 | L81: 32 | M81: 계단식 | N81: 3 | O81: 2 | P81: 272 | U81: 3.03 | V81: 2.7
A82: 내동 | D82: 10888 | E82: 창원월드메르디앙웨스턴애비뉴 | F82: 2009.02 | G82: 504 | H82: =2026-F82+1 | J82: 143 | K82: 115 | L82: 43 | M82: 계단식 | N82: 4 | O82: 2 | P82: 52 | U82: 3.45 | V82: 3
A83: 대방동 | D83: 7674 | E83: 대동디지털황토 | F83: 2001.09 | G83: 704 | H83: =2026-F83+1 | J83: 85 | K83: 59 | L83: 26 | M83: 계단식 | N83: 3 | O83: 1 | P83: 228 | U83: 3.48 | V83: 2.4
A84: 대방동 | D84: 7674 | E84: 대동디지털황토 | F84: 2001.09 | G84: 704 | H84: =2026-F84+1 | J84: 114 | K84: 84 | L84: 34 | M84: 계단식 | N84: 3 | O84: 2 | P84: 356 | U84: 4.45 | V84: 2.75
A85: 대방동 | D85: 7674 | E85: 대동디지털황토 | F85: 2001.09 | G85: 704 | H85: =2026-F85+1 | J85: 148 | K85: 114 | L85: 45 | M85: 계단식 | N85: 4 | O85: 2 | P85: 120 | U85: 5.13 | V85: 4.55
A86: 대방동 | D86: 7692 | E86: 대방개나리1차 | F86: 1992.09 | G86: 1005 | H86: =2026-F86+1 | J86: 58 | K86: 42 | L86: 18 | M86: 복도식 | N86: 2 | O86: 1 | P86: 600 | U86: 1.78 | V86: 1.21
A87: 대방동 | D87: 7692 | E87: 대방개나리1차 | F87: 1992.09 | G87: 1005 | H87: =2026-F87+1 | J87: 68 | K87: 49 | L87: 21 | M87: 복도식 | N87: 3 | O87: 1 | P87: 405 | U87: 2 | V87: 1.38
A88: 대방동 | D88: 7683 | E88: 대방그린빌 | F88: 1996.06 | G88: 834 | H88: =2026-F88+1 | J88: 54 | K88: 39 | L88: 16 | M88: 복도식 | N88: 2 | O88: 1 | P88: 426 | U88: 1.79 | V88: 1.2
... A114: 대원동 | D114: 15745 | E114: 대원파크빌 | F114: 1997.12 | G114: 603 | H114: =2026-F114+1 | J114: 64 | K114: 52 | L114: 19 | M114: 복도식 | N114: 3 | O114: 1 | P114: 603 | U114: 1.35 | V114: 1
A115: 대원동 | D115: 153685 | E115: 창원센트럴파크에일린의뜰 | F115: 2025.06 | G115: 1470 | H115: =2026-F115+1 | J115: 82 | K115: 59 | L115: 25 | M115: 계단식 | N115: 3 | O115: 2 | P115: 172
A116: 대원동 | D116: 153685 | E116: 창원센트럴파크에일린의뜰 | F116: 2025.06 | G116: 1470 | H116: =2026-F116+1 | J116: 100 | K116: 75 | L116: 30 | M116: 계단식 | N116: 3 | O116: 2 | P116: 532
A117: 대원동 | D117: 153685 | E117: 창원센트럴파크에일린의뜰 | F117: 2025.06 | G117: 1470 | H117: =2026-F117+1 | J117: 101 | K117: 75 | L117: 31 | M117: 계단식 | N117: 4 | O117: 2 | P117: 32
A118: 대원동 | D118: 153685 | E118: 창원센트럴파크에일린의뜰 | F118: 2025.06 | G118: 1470 | H118: =2026-F118+1 | J118: 108 | K118: 84 | L118: 33 | M118: 계단식 | N118: 3 | O118: 2 | P118: 492
A119: 대원동 | D119: 153685 | E119: 창원센트럴파크에일린의뜰 | F119: 2025.06 | G119: 1470 | H119: =2026-F119+1 | J119: 125 | K119: 101 | L119: 38 | M119: 계단식 | N119: 3 | O119: 2 | P119: 242
A120: 대원동 | D120: 112657 | E120: 포레나대원 | F120: 2018.12 | G120: 1530 | H120: =2026-F120+1 | J120: 82 | K120: 59 | L120: 25 | M120: 계단식 | N120: 3 | O120: 2 | P120: 515 | U120: 6.25 | V120: 4.3
A121: 대원동 | D121: 112657 | E121: 포레나대원 | F121: 2018.12 | G121: 1530 | H121: =2026-F121+1 | J121: 94 | K121: 68 | L121: 28 | M121: 계단식 | N121: 3 | O121: 2 | P121: 365 | U121: 7.1 | V121: 5
A122: 대원동 | D122: 112657 | E122: 포레나대원 | F122: 2018.12 | G122: 1530 | H122: =2026-F122+1 | J122: 116 | K122: 84 | L122: 35 | M122: 계단식 | N122: 3 | O122: 2 | P122: 602 | U122: 8.2 | V122: 5.35
A123: 대원동 | D123: 112657 | E123: 포레나대원 | F123: 2018.12 | G123: 1530 | H123: =2026-F123+1 | J123: 147 | K123: 108 | L123: 44 | M123: 계단식 | N123: 4 | O123: 2 | P123: 48 | U123: 10.45 | V123: 7.3
A124: 대원동 | D124: 151257 | E124: 힐스테이트마크로엔 | F124: 2025.04 | G124: 951 | H124: =2026-F124+1 | J124: 85 | K124: 59 | L124: 26 | M124: 계단식 | N124: 3 | O124: 2 | P124: 552
A125: 대원동 | D125: 151257 | E125: 힐스테이트마크로엔 | F125: 2025.04 | G125: 951 | H125: =2026-F125+1 | J125: 97 | K125: 71 | L125: 29 | M125: 계단식 | N125: 3 | O125: 2 | P125: 293
...

Sheet 송파구
B2: 상 | C2: 중 | G2: 위례신동시트램정보 | J2: 거여·마천뉴타운, | M2: 한 달 5kg 감량하며 깨달은 의지력 없이 성과를 내는 '환경셋팅'의 비밀 [골드트윈] | P2: 성동구치소 개발 논란 - 나무위키
B3: 하 | G3: 재건축·재개발 이주 난항 | J3: 특전사 부대 이전북(北)위례신도시' | M3: 지방투자실전반 '임장보고서' 20장 쓰는 방법_입지편 [성공루틴]
A4: 84 | B4: 선호도 | E4: 단지정보 (30평) | AH4: 투자결과
B5: 생활권 | C5: 생활권 내 | D5: 단지코드 | E5: 단지명 | F5: 전용면적 | G5: 매 | H5: 전 | I5: 차 | J5: 전세가율 | K5: 사용승인일 | L5: 총세대수 | M5: 나이 | N5: 평형별 세대수 | O5: 타입 | P5: 공급면적 | Q5: 평형 | R5: 구조 | S5: 방수 | T5: 욕실수 | U5: 전고 | V5: 전저 | W5: 계/복 | X5: 방 | Y5: 화 | Z5: 면적세대수 | AA5: 시기(년) | AB5: (전세가율80%이상인)기간 | AC5: 평형 | AD5: 매매가 | AE5: 전세가 | AF5: 전세가율 | AG5: 투자금 | AH5: 시기(년) | AI5: 매매가 | AJ5: 수익금 | AK5: 상승율 | AL5: 수익율
A6: 가락동 | D6: 594 | E6: 가락금호 | F6: 59 | G6: 184500 | H6: 75000 | I6: =G6-H6 | J6: =H6/G6 | K6: 1997.08 | L6: 915 | M6: =2026-INT(K6)+1 | N6: 19 | P6: 80 | Q6: 24 | R6: 복도식 | S6: 3 | T6: 1 | U6: 14 | V6: 7.5 | W6: 복도식 | X6: 3 | Y6: 1 | Z6: 19
A7: 가락동 | D7: 594 | E7: 가락금호 | F7: 59 | I7: =G7-H7 | J7: =H7/G7 | K7: 1997.08 | L7: 915 | M7: =2026-INT(K7)+1 | N7: 322 | P7: 81 | Q7: 25 | R7: 복도식 | S7: 3 | T7: 2 | U7: 14 | V7: 7.5 | W7: 복도식 | X7: 3 | Y7: 2 | Z7: 322
A8: 가락동 | D8: 594 | E8: 가락금호 | F8: 59 | I8: =G8-H8 | J8: =H8/G8 | K8: 1997.08 | L8: 915 | M8: =2026-INT(K8)+1 | N8: 117 | P8: 81 | Q8: 25 | R8: 복도식 | S8: 2 | T8: 1 | U8: 14 | V8: 7.5 | W8: 복도식 | X8: 2 | Y8: 1 | Z8: 117
A9: 가락동 | D9: 594 | E9: 가락금호 | F9: 84 | G9: 217000 | H9: 90000 | I9: =G9-H9 | J9: =H9/G9 | K9: 1997.08 | L9: 915 | M9: =2026-INT(K9)+1 | N9: 52 | P9: 107 | Q9: 32 | R9: 계단식 | S9: 3 | T9: 2 | U9: 16.15 | V9: 10.5 | W9: 계단식 | X9: 3 | Y9: 2 | Z9: 52
A10: 가락동 | D10: 594 | E10: 가락금호 | F10: 85 | I10: =G10-H10 | J10: =H10/G10 | K10: 1997.08 | L10: 915 | M10: =2026-INT(K10)+1 | N10: 405 | P10: 108 | Q10: 33 | R10: 계단식 | S10: 3 | T10: 2 | U10: 16.15 | V10: 10.5 | W10: 계단식 | X10: 3 | Y10: 2 | Z10: 405
A11: 가락동 | D11: 595 | E11: 가락대림 | F11: 59 | G11: 131001 | H11: 50401 | I11: =G11-H11 | J11: =H11/G11 | K11: 1988.11 | L11: 443 | M11: =2026-INT(K11)+1 | N11: 30 | P11: 73 | Q11: 22 | R11: 계단식 | S11: 2 | T11: 1 | U11: 12.15 | V11: 8.5 | W11: 계단식 | X11: 2 | Y11: 1 | Z11: 30
A12: 가락동 | D12: 595 | E12: 가락대림 | F12: 68 | I12: =G12-H12 | J12: =H12/G12 | K12: 1988.11 | L12: 443 | M12: =2026-INT(K12)+1 | N12: 45 | P12: 88 | Q12: 27 | R12: 복도식 | S12: 2 | T12: 1 | V12: 9.4 | W12: 복도식 | X12: 2 | Y12: 1 | Z12: 45
A13: 가락동 | D13: 595 | E13: 가락대림 | F13: 69 | G13: 160000 | H13: 52501 | I13: =G13-H13 | J13: =H13/G13 | K13: 1988.11 | L13: 443 | M13: =2026-INT(K13)+1 | N13: 30 | P13: 90 | Q13: 27 | R13: 복도식 | S13: 2 | T13: 1 | U13: 12.85 | V13: 9.4 | W13: 복도식 | X13: 2 | Y13: 1 | Z13: 30
A14: 가락동 | D14: 595 | E14: 가락대림 | F14: 76 | I14: =G14-H14 | J14: =H14/G14 | K14: 1988.11 | L14: 443 | M14: =2026-INT(K14)+1 | N14: 30 | P14: 95 | Q14: 29 | R14: 계단식 | S14: 3 | T14: 1 | V14: 10 | W14: 계단식 | X14: 3 | Y14: 1 | Z14: 30
A15: 가락동 | D15: 595 | E15: 가락대림 | F15: 84 | G15: 189000 | H15: 72001 | I15: =G15-H15 | J15: =H15/G15 | K15: 1988.11 | L15: 443 | M15: =2026-INT(K15)+1 | N15: 168 | P15: 101 | Q15: 31 | R15: 계단식 | S15: 3 | T15: 1 | U15: 14.3 | V15: 10.8 | W15: 계단식 | X15: 3 | Y15: 1 | Z15: 168
A16: 가락동 | D16: 595 | E16: 가락대림 | F16: 99 | I16: =G16-H16 | J16: =H16/G16 | K16: 1988.11 | L16: 443 | M16: =2026-INT(K16)+1 | N16: 56 | P16: 118 | Q16: 36 | R16: 계단식 | S16: 3 | T16: 1 | U16: 14.38 | V16: 11.9 | W16: 계단식 | X16: 3 | Y16: 1 | Z16: 56
A17: 가락동 | D17: 595 | E17: 가락대림 | F17: 113 | I17: =G17-H17 | J17: =H17/G17 | K17: 1988.11 | L17: 443 | M17: =2026-INT(K17)+1 | N17: 28 | P17: 133 | Q17: 40 | R17: 계단식 | S17: 4 | T17: 2 | W17: 계단식 | X17: 4 | Y17: 2 | Z17: 28
A18: 가락동 | D18: 595 | E18: 가락대림 | F18: 120 | I18: =G18-H18 | J18: =H18/G18 | K18: 1988.11 | L18: 443 | M18: =2026-INT(K18)+1 | N18: 56 | P18: 141 | Q18: 43 | R18: 계단식 | S18: 3 | T18: 1 | U18: 17 | W18: 계단식 | X18: 3 | Y18: 1 | Z18: 56
A19: 가락동 | D19: 2997 | E19: 가락동부센트레빌 | F19: 115 | I19: =G19-H19 | J19: =H19/G19 | K19: 2001.11 | L19: 264 | M19: =2026-INT(K19)+1 | N19: 135 | P19: 141 | Q19: 43 | R19: 복합식 | S19: 4 | T19: 2 | U19: 18.2 | V19: 15.85 | W19: 복합식 | X19: 4 | Y19: 2 | Z19: 135
A20: 가락동 | D20: 2997 | E20: 가락동부센트레빌 | F20: 143 | I20: =G20-H20 | J20: =H20/G20 | K20: 2001.11 | L20: 264 | M20: =2026-INT(K20)+1 | N20: 129 | P20: 170 | Q20: 51 | R20: 복합식 | S20: 4 | T20: 2 | V20: 16 | W20: 복합식 | X20: 4 | Y20: 2 | Z20: 129
A21: 가락동 | D21: 598 | E21: 가락쌍용1차 | F21: 59 | G21: 185000 | H21: 73001 | I21: =G21-H21 | J21: =H21/G21 | K21: 1997.03 | L21: 2064 | M21: =2026-INT(K21)+1 | N21: 1032 | P21: 81 | Q21: 25 | R21: 계단식 | S21: 3 | T21: 1 | U21: 14.7 | V21: 8.95 | W21: 계단식 | X21: 3 | Y21: 1 | Z21: 1032
A22: 가락동 | D22: 598 | E22: 가락쌍용1차 | F22: 84 | G22: 195000 | H22: 95000 | I22: =G22-H22 | J22: =H22/G22 | K22: 1997.03 | L22: 2064 | M22: =2026-INT(K22)+1 | N22: 1032 | P22: 110 | Q22: 33 | R22: 계단식 | S22: 3 | T22: 2 | U22: 17 | V22: 8.9 | W22: 계단식 | X22: 3 | Y22: 2 | Z22: 1032
A23: 가락동 | D23: 1196 | E23: 가락쌍용2차 | F23: 59 | G23: 180000 | I23: =G23-H23 | J23: =H23/G23 | K23: 1999.1 | L23: 492 | M23: =2026-INT(K23)+1 | N23: 175 | P23: 81 | Q23: 25 | R23: 계단식 | S23: 3 | T23: 1 | U23: 12.75 | V23: 8.8 | W23: 계단식 | X23: 3 | Y23: 1 | Z23: 175
A24: 가락동 | D24: 1196 | E24: 가락쌍용2차 | F24: 84 | G24: 195000 | H24: 80000 | I24: =G24-H24 | J24: =H24/G24 | K24: 1999.1 | L24: 492 | M24: =2026-INT(K24)+1 | N24: 317 | P24: 108 | Q24: 33 | R24: 계단식 | S24: 3 | T24: 2 | U24: 14.85 | V24: 11.5 | W24: 계단식 | X24: 3 | Y24: 2 | Z24: 317
A25: 가락동 | D25: 13643 | E25: 가락쌍용스윗닷홈3차(101~104동) | F25: 59 | G25: 148001 | H25: 68001 | I25: =G25-H25 | J25: =H25/G25 | K25: 2005.02 | L25: 206 | M25: =2026-INT(K25)+1 | N25: 45 | P25: 79 | Q25: 24 | R25: 계단식 | S25: 3 | T25: 2 | U25: 11.5 | W25: 계단식 | X25: 3 | Y25: 2 | Z25: 45
A26: 가락동 | D26: 13643 | E26: 가락쌍용스윗닷홈3차(101~104동) | F26: 84 | G26: 174000 | H26: 87001 | I26: =G26-H26 | J26: =H26/G26 | K26: 2005.02 | L26: 206 | M26: =2026-INT(K26)+1 | N26: 120 | P26: 105 | Q26: 32 | R26: 계단식 | S26: 3 | T26: 2 | V26: 11.5 | W26: 계단식 | X26: 3 | Y26: 2 | Z26: 120
A27: 가락동 | D27: 13643 | E27: 가락쌍용스윗닷홈3차(101~104동) | F27: 119 | I27: =G27-H27 | J27: =H27/G27 | K27: 2005.02 | L27: 206 | M27: =2026-INT(K27)+1 | N27: 5 | P27: 154 | Q27: 47 | R27: 계단식 | S27: 4 | T27: 2 | W27: 계단식 | X27: 4 | Y27: 2 | Z27: 5
A28: 가락동 | D28: 13643 | E28: 가락쌍용스윗닷홈3차(101~104동) | F28: 122 | I28: =G28-H28 | J28: =H28/G28 | K28: 2005.02 | L28: 206 | M28: =2026-INT(K28)+1 | N28: 36 | P28: 148 | Q28: 45 | R28: 계단식 | S28: 4 | T28: 2 | V28: 12.9 | W28: 계단식 | X28: 4 | Y28: 2 | Z28: 36
A29: 가락동 | D29: 348 | E29: 가락우성1차 | F29: 43 | G29: 165000 | H29: 38001 | I29: =G29-H29 | J29: =H29/G29 | K29: 1986.12 | L29: 838 | M29: =2026-INT(K29)+1 | N29: 409 | P29: 62 | Q29: 19 | R29: 복도식 | S29: 2 | T29: 1 | U29: 11.32 | V29: 7.05 | W29: 복도식 | X29: 2 | Y29: 1 | Z29: 409
A30: 가락동 | D30: 348 | E30: 가락우성1차 | F30: 58 | G30: 193000 | H30: 54001 | I30: =G30-H30 | J30: =H30/G30 | K30: 1986.12 | L30: 838 | M30: =2026-INT(K30)+1 | N30: 219 | P30: 78 | Q30: 24 | R30: 복도식 | S30: 2 | T30: 1 | U30: 14.3 | V30: 10.5 | W30: 복도식 | X30: 2 | Y30: 1 | Z30: 219
A31: 가락동 | D31: 348 | E31: 가락우성1차 | F31: 109 | I31: =G31-H31 | J31: =H31/G31 | K31: 1986.12 | L31: 838 | M31: =2026-INT(K31)+1 | N31: 90 | P31: 128 | Q31: 39 | R31: 계단식 | S31: 4 | T31: 2 | U31: 16.5 | V31: 16.5 | W31: 계단식 | X31: 4 | Y31: 2 | Z31: 90
A32: 가락동 | D32: 348 | E32: 가락우성1차 | F32: 127 | I32: =G32-H32 | J32: =H32/G32 | K32: 1986.12 | L32: 838 | M32: =2026-INT(K32)+1 | N32: 120 | P32: 147 | Q32: 44 | R32: 계단식 | S32: 4 | T32: 2 | U32: 18.3 | V32: 18.3 | W32: 계단식 | X32: 4 | Y32: 2 | Z32: 120
A33: 가락동 | D33: 341 | E33: 가락한신 | F33: 0 | I33: =G33-H33 | J33: =H33/G33 | K33: 1993.04 | L33: 256 | M33: =2026-INT(K33)+1 | N33: 0 | P33: 185 | Q33: 56 | R33: 계단식 | S33: 3 | T33: 2 | W33: 계단식 | X33: 3 | Y33: 2 | Z33: 0
A34: 가락동 | D34: 341 | E34: 가락한신 | F34: 84 | G34: 179000 | H34: 73001 | I34: =G34-H34 | J34: =H34/G34 | K34: 1993.04 | L34: 256 | M34: =2026-INT(K34)+1 | N34: 256 | P34: 102 | Q34: 31 | R34: 계단식 | S34: 3 | T34: 2 | U34: 14.5 | V34: 11.15 | W34: 계단식 | X34: 3 | Y34: 2 | Z34: 256
A35: 가락동 | D35: 593 | E35: 극동 | F35: 59 | G35: 123001 | H35: 45001 | I35: =G35-H35 | J35: =H35/G35 | K35: 1984.12 | L35: 555 | M35: =2026-INT(K35)+1 | N35: 105 | P35: 79 | Q35: 24 | R35: 복도식 | S35: 2 | T35: 1 | V35: 10.9 | W35: 복도식 | X35: 2 | Y35: 1 | Z35: 105
A36: 가락동 | D36: 593 | E36: 극동 | F36: 84 | G36: 230000 | H36: 53001 | I36: =G36-H36 | J36: =H36/G36 | K36: 1984.12 | L36: 555 | M36: =2026-INT(K36)+1 | N36: 90 | P36: 102 | Q36: 31 | R36: 계단식 | S36: 3 | T36: 1 | W36: 계단식 | X36: 3 | Y36: 1 | Z36: 90
A37: 가락동 | D37: 593 | E37: 극동 | F37: 120 | I37: =G37-H37 | J37: =H37/G37 | K37: 1984.12 | L37: 555 | M37: =2026-INT(K37)+1 | N37: 210 | P37: 139 | Q37: 42 | R37: 계단식 | S37: 4 | T37: 2 | U37: 18.9 | V37: 16.3 | W37: 계단식 | X37: 4 | Y37: 2 | Z37: 210
A38: 가락동 | D38: 593 | E38: 극동 | F38: 149 | I38: =G38-H38 | J38: =H38/G38 | K38: 1984.12 | L38: 555 | M38: =2026-INT(K38)+1 | N38: 150 | P38: 171 | Q38: 52 | R38: 계단식 | S38: 5 | T38: 2 | V38: 16.85 | W38: 계단식 | X38: 5 | Y38: 2 | Z38: 150
A39: 가락동 | D39: 22809 | E39: 래미안파크팰리스 | F39: 59 | G39: 206000 | H39: 85001 | I39: =G39-H39 | J39: =H39/G39 | K39: 2007.11 | L39: 919 | M39: =2026-INT(K39)+1 | N39: 194 | P39: 86 | Q39: 26 | R39: 계단식 | S39: 3 | T39: 2 | U39: 15.7 | V39: 12.5 | W39: 계단식 | X39: 3 | Y39: 2 | Z39: 194
A40: 가락동 | D40: 22809 | E40: 래미안파크팰리스 | F40: 84 | G40: 229000 | H40: 100000 | I40: =G40-H40 | J40: =H40/G40 | K40: 2007.11 | L40: 919 | M40: =2026-INT(K40)+1 | N40: 250 | P40: 106 | Q40: 32 | R40: 계단식 | S40: 3 | T40: 2 | U40: 18.1 | V40: 13.9 | W40: 계단식 | X40: 3 | Y40: 2 | Z40: 250
A41: 가락동 | D41: 22809 | E41: 래미안파크팰리스 | F41: 84 | I41: =G41-H41 | J41: =H41/G41 | K41: 2007.11 | L41: 919 | M41: =2026-INT(K41)+1 | N41: 299 | P41: 106 | Q41: 32 | R41: 복합식 | S41: 3 | T41: 2 | U41: 18.1 | V41: 13.9 | W41: 복합식 | X41: 3 | Y41: 2 | Z41: 299
A42: 가락동 | D42: 22809 | E42: 래미안파크팰리스 | F42: 114 | I42: =G42-H42 | J42: =H42/G42 | K42: 2007.11 | L42: 919 | M42: =2026-INT(K42)+1 | N42: 176 | P42: 142 | Q42: 43 | R42: 계단식 | S42: 4 | T42: 2 | U42: 20.3 | V42: 15.9 | W42: 계단식 | X42: 4 | Y42: 2 | Z42: 176
A43: 가락동 | D43: 596 | E43: 미륭 | F43: 50 | G43: 170000 | H43: 30001 | I43: =G43-H43 | J43: =H43/G43 | K43: 1986.11 | L43: 435 | M43: =2026-INT(K43)+1 | N43: 75 | P43: 67 | Q43: 20 | R43: 복도식 | S43: 2 | T43: 1 | U43: 10 | W43: 복도식 | X43: 2 | Y43: 1 | Z43: 75
A44: 가락동 | D44: 596 | E44: 미륭 | F44: 60 | G44: 178000 | H44: 37001 | I44: =G44-H44 | J44: =H44/G44 | K44: 1986.11 | L44: 435 | M44: =2026-INT(K44)+1 | N44: 105 | P44: 80 | Q44: 24 | R44: 복도식 | S44: 2 | T44: 1 | U44: 11.5 | W44: 복도식 | X44: 2 | Y44: 1 | Z44: 105
A45: 가락동 | D45: 596 | E45: 미륭 | F45: 64 | G45: 190000 | H45: 42001 | I45: =G45-H45 | J45: =H45/G45 | K45: 1986.11 | L45: 435 | M45: =2026-INT(K45)+1 | N45: 75 | P45: 87 | Q45: 26 | R45: 복도식 | S45: 3 | T45: 1 | U45: 13 | W45: 복도식 | X45: 3 | Y45: 1 | Z45: 75
A46: 가락동 | D46: 596 | E46: 미륭 | F46: 83 | G46: 195000 | H46: 42001 | I46: =G46-H46 | J46: =H46/G46 | K46: 1986.11 | L46: 435 | M46: =2026-INT(K46)+1 | N46: 180 | P46: 100 | Q46: 30 | R46: 계단식 | S46: 3 | T46: 1 | V46: 11.1 | W46: 계단식 | X46: 3 | Y46: 1 | Z46: 180
A47: 가락동 | D47: 597 | E47: 삼환가락 | F47: 72 | G47: 210000 | H47: 37001 | I47: =G47-H47 | J47: =H47/G47 | K47: 1984.11 | L47: 648 | M47: =2026-INT(K47)+1 | N47: 192 | P47: 93 | Q47: 28 | R47: 계단식 | S47: 3 | T47: 1 | U47: 14.9 | V47: 10.65 | W47: 계단식 | X47: 3 | Y47: 1 | Z47: 192
A48: 가락동 | D48: 597 | E48: 삼환가락 | F48: 84 | G48: 225000 | H48: 40001 | I48: =G48-H48 | J48: =H48/G48 | K48: 1984.11 | L48: 648 | M48: =2026-INT(K48)+1 | N48: 192 | P48: 107 | Q48: 32 | R48: 계단식 | S48: 3 | T48: 1 | U48: 15.68 | V48: 8.1 | W48: 계단식 | X48: 3 | Y48: 1 | Z48: 192
A49: 가락동 | D49: 597 | E49: 삼환가락 | F49: 121 | I49: =G49-H49 | J49: =H49/G49 | K49: 1984.11 | L49: 648 | M49: =2026-INT(K49)+1 | N49: 264 | P49: 143 | Q49: 43 | R49: 복합식 | S49: 4 | T49: 2 | U49: 17.72 | V49: 9.62 | W49: 복합식 | X49: 4 | Y49: 2 | Z49: 264
A50: 가락동 | D50: 11733 | E50: 송파동부센트레빌 | F50: 84 | G50: 195001 | H50: 86001 | I50: =G50-H50 | J50: =H50/G50 | K50: 2004.12 | L50: 206 | M50: =2026-INT(K50)+1 | N50: 206 | P50: 106 | Q50: 32 | R50: 계단식 | S50: 3 | T50: 2 | U50: 16.4 | V50: 12.65 | W50: 계단식 | X50: 3 | Y50: 2 | Z50: 206
A51: 가락동 | D51: 12948 | E51: 송파성원상떼빌(주상복합) | F51: 90 | I51: =G51-H51 | J51: =H51/G51 | K51: 2006.06 | L51: 324 | M51: =2026-INT(K51)+1 | N51: 30 | P51: 113 | Q51: 34 | R51: 계단식 | S51: 3 | T51: 2 | U51: 9.9 | V51: 9.3 | W51: 계단식 | X51: 3 | Y51: 2 | Z51: 30
A52: 가락동 | D52: 12948 | E52: 송파성원상떼빌(주상복합) | F52: 99 | I52: =G52-H52 | J52: =H52/G52 | K52: 2006.06 | L52: 324 | M52: =2026-INT(K52)+1 | N52: 39 | P52: 124 | Q52: 38 | R52: 계단식 | S52: 3 | T52: 2 | V52: 10.5 | W52: 계단식 | X52: 3 | Y52: 2 | Z52: 39
A53: 가락동 | D53: 12948 | E53: 송파성원상떼빌(주상복합) | F53: 101 | I53: =G53-H53 | J53: =H53/G53 | K53: 2006.06 | L53: 324 | M53: =2026-INT(K53)+1 | N53: 28 | P53: 126 | Q53: 38 | R53: 계단식 | S53: 3 | T53: 2 | U53: 12.5 | V53: 10.5 | W53: 계단식 | X53: 3 | Y53: 2 | Z53: 28
A54: 가락동 | D54: 12948 | E54: 송파성원상떼빌(주상복합) | F54: 103 | I54: =G54-H54 | J54: =H54/G54 | K54: 2006.06 | L54: 324 | M54: =2026-INT(K54)+1 | N54: 30 | P54: 129 | Q54: 39 | R54: 계단식 | S54: 3 | T54: 2 | U54: 12.5 | V54: 9.9 | W54: 계단식 | X54: 3 | Y54: 2 | Z54: 30
A55: 가락동 | D55: 12948 | E55: 송파성원상떼빌(주상복합) | F55: 104 | I55: =G55-H55 | J55: =H55/G55 | K55: 2006.06 | L55: 324 | M55: =2026-INT(K55)+1 | N55: 8 | P55: 131 | Q55: 40 | R55: 계단식 | S55: 3 | T55: 2 | U55: 12.25 | V55: 9.9 | W55: 계단식 | X55: 3 | Y55: 2 | Z55: 8
A56: 가락동 | D56: 12948 | E56: 송파성원상떼빌(주상복합) | F56: 108 | I56: =G56-H56 | J56: =H56/G56 | K56: 2006.06 | L56: 324 | M56: =2026-INT(K56)+1 | N56: 28 | P56: 135 | Q56: 41 | R56: 계단식 | S56: 4 | T56: 2 | U56: 11.8 | V56: 10.12 | W56: 계단식 | X56: 4 | Y56: 2 | Z56: 28
A57: 가락동 | D57: 12948 | E57: 송파성원상떼빌(주상복합) | F57: 108 | I57: =G57-H57 | J57: =H57/G57 | K57: 2006.06 | L57: 324 | M57: =2026-INT(K57)+1 | N57: 5 | P57: 135 | Q57: 41 | R57: 계단식 | S57: 3 | T57: 2 | U57: 11.8 | V57: 10.12 | W57: 계단식 | X57: 3 | Y57: 2 | Z57: 5
A58: 가락동 | D58: 12948 | E58: 송파성원상떼빌(주상복합) | F58: 112 | I58: =G58-H58 | J58: =H58/G58 | K58: 2006.06 | L58: 324 | M58: =2026-INT(K58)+1 | N58: 3 | P58: 140 | Q58: 42 | R58: 계단식 | S58: 4 | T58: 2 | V58: 10.3 | W58: 계단식 | X58: 4 | Y58: 2 | Z58: 3
A59: 가락동 | D59: 12948 | E59: 송파성원상떼빌(주상복합) | F59: 117 | I59: =G59-H59 | J59: =H59/G59 | K59: 2006.06 | L59: 324 | M59: =2026-INT(K59)+1 | N59: 36 | P59: 146 | Q59: 44 | R59: 계단식 | S59: 3 | T59: 2 | W59: 계단식 | X59: 3 | Y59: 2 | Z59: 36
A60: 가락동 | D60: 12948 | E60: 송파성원상떼빌(주상복합) | F60: 118 | I60: =G60-H60 | J60: =H60/G60 | K60: 2006.06 | L60: 324 | M60: =2026-INT(K60)+1 | N60: 8 | P60: 148 | Q60: 45 | R60: 계단식 | S60: 4 | T60: 2 | W60: 계단식 | X60: 4 | Y60: 2 | Z60: 8
A61: 가락동 | D61: 12948 | E61: 송파성원상떼빌(주상복합) | F61: 121 | I61: =G61-H61 | J61: =H61/G61 | K61: 2006.06 | L61: 324 | M61: =2026-INT(K61)+1 | N61: 5 | P61: 151 | Q61: 46 | R61: 계단식 | S61: 4 | T61: 2 | W61: 계단식 | X61: 4 | Y61: 2 | Z61: 5
A62: 가락동 | D62: 12948 | E62: 송파성원상떼빌(주상복합) | F62: 128 | I62: =G62-H62 | J62: =H62/G62 | K62: 2006.06 | L62: 324 | M62: =2026-INT(K62)+1 | N62: 8 | P62: 160 | Q62: 48 | R62: 계단식 | S62: 4 | T62: 2 | U62: 12.8 | W62: 계단식 | X62: 4 | Y62: 2 | Z62: 8
A63: 가락동 | D63: 12948 | E63: 송파성원상떼빌(주상복합) | F63: 136 | I63: =G63-H63 | J63: =H63/G63 | K63: 2006.06 | L63: 324 | M63: =2026-INT(K63)+1 | N63: 30 | P63: 170 | Q63: 51 | R63: 계단식 | S63: 3 | T63: 2 | U63: 14.95 | W63: 계단식 | X63: 3 | Y63: 2 | Z63: 30
A64: 가락동 | D64: 12948 | E64: 송파성원상떼빌(주상복합) | F64: 141 | I64: =G64-H64 | J64: =H64/G64 | K64: 2006.06 | L64: 324 | M64: =2026-INT(K64)+1 | N64: 16 | P64: 176 | Q64: 53 | R64: 계단식 | S64: 4 | T64: 2 | W64: 계단식 | X64: 4 | Y64: 2 | Z64: 16
A65: 가락동 | D65: 12948 | E65: 송파성원상떼빌(주상복합) | F65: 145 | I65: =G65-H65 | J65: =H65/G65 | K65: 2006.06 | L65: 324 | M65: =2026-INT(K65)+1 | N65: 6 | P65: 181 | Q65: 55 | R65: 계단식 | S65: 3 | T65: 2 | V65: 14.25 | W65: 계단식 | X65: 3 | Y65: 2 | Z65: 6
A66: 가락동 | D66: 12948 | E66: 송파성원상떼빌(주상복합) | F66: 145 | I66: =G66-H66 | J66: =H66/G66 | K66: 2006.06 | L66: 324 | M66: =2026-INT(K66)+1 | N66: 44 | P66: 182 | Q66: 55 | R66: 계단식 | S66: 4 | T66: 2 | V66: 14.25 | W66: 계단식 | X66: 4 | Y66: 2 | Z66: 44
A67: 가락동 | D67: 600 | E67: 프라자 | F67: 84 | G67: 165001 | H67: 35001 | I67: =G67-H67 | J67: =H67/G67 | K67: 1985.07 | L67: 672 | M67: =2026-INT(K67)+1 | N67: 288 | P67: 101 | Q67: 31 | R67: 계단식 | S67: 3 | T67: 1 | U67: 15.7 | V67: 11 | W67: 계단식 | X67: 3 | Y67: 1 | Z67: 288
A68: 가락동 | D68: 600 | E68: 프라자 | F68: 133 | I68: =G68-H68 | J68: =H68/G68 | K68: 1985.07 | L68: 672 | M68: =2026-INT(K68)+1 | N68: 288 | P68: 156 | Q68: 47 | R68: 계단식 | S68: 4 | T68: 2 | U68: 17 | V68: 13.98 | W68: 계단식 | X68: 4 | Y68: 2 | Z68: 288
A69: 가락동 | D69: 600 | E69: 프라자 | F69: 134 | I69: =G69-H69 | J69: =H69/G69 | K69: 1985.07 | L69: 672 | M69: =2026-INT(K69)+1 | N69: 48 | P69: 155 | Q69: 47 | R69: 계단식 | S69: 4 | T69: 2 | U69: 17 | V69: 13.98 | W69: 계단식 | X69: 4 | Y69: 2 | Z69: 48
A70: 가락동 | D70: 600 | E70: 프라자 | F70: 156 | I70: =G70-H70 | J70: =H70/G70 | K70: 1985.07 | L70: 672 | M70: =2026-INT(K70)+1 | N70: 48 | P70: 180 | Q70: 54 | R70: 계단식 | S70: 5 | T70: 2 | U70: 19.4 | W70: 계단식 | X70: 5 | Y70: 2 | Z70: 48
A71: 가락동 | D71: 111515 | E71: 헬리오시티 | F71: 39 | G71: 190000 | H71: 100000 | I71: =G71-H71 | J71: =H71/G71 | K71: 2018.12 | L71: 9510 | M71: =2026-INT(K71)+1 | N71: 487 | P71: 61 | Q71: 18 | R71: 계단식 | S71: 2 | T71: 1 | U71: 13.5 | V71: 8.8 | W71: 계단식 | X71: 2 | Y71: 1 | Z71: 487
A72: 가락동 | D72: 111515 | E72: 헬리오시티 | F72: 49 | G72: 230000 | H72: 97000 | I72: =G72-H72 | J72: =H72/G72 | K72: 2018.12 | L72: 9510 | M72: =2026-INT(K72)+1 | N72: 220 | P72: 72 | Q72: 22 | R72: 계단식 | S72: 2 | T72: 1 | U72: 16.3 | V72: 12.5 | W72: 계단식 | X72: 2 | Y72: 1 | Z72: 220
A73: 가락동 | D73: 111515 | E73: 헬리오시티 | F73: 59 | G73: 254500 | H73: 110000 | I73: =G73-H73 | J73: =H73/G73 | K73: 2018.12 | L73: 9510 | M73: =2026-INT(K73)+1 | N73: 746 | P73: 84 | Q73: 25 | R73: 계단식 | S73: 3 | T73: 2 | U73: 20.9 | V73: 12.65 | W73: 계단식 | X73: 3 | Y73: 2 | Z73: 746
A74: 가락동 | D74: 111515 | E74: 헬리오시티 | F74: 84 | G74: 275000 | H74: 118000 | I74: =G74-H74 | J74: =H74/G74 | K74: 2018.12 | L74: 9510 | M74: =2026-INT(K74)+1 | N74: 5132 | P74: 107 | Q74: 32 | R74: 계단식 | S74: 3 | T74: 2 | U74: 24.5 | V74: 13.8 | W74: 계단식 | X74: 3 | Y74: 2 | Z74: 5132
A75: 가락동 | D75: 111515 | E75: 헬리오시티 | F75: 99 | I75: =G75-H75 | J75: =H75/G75 | K75: 2018.12 | L75: 9510 | M75: =2026-INT(K75)+1 | N75: 596 | P75: 126 | Q75: 38 | R75: 계단식 | S75: 4 | T75: 2 | U75: 25.25 | V75: 18.2 | W75: 계단식 | X75: 4 | Y75: 2 | Z75: 596
A76: 가락동 | D76: 111515 | E76: 헬리오시티 | F76: 110 | I76: =G76-H76 | J76: =H76/G76 | K76: 2018.12 | L76: 9510 | M76: =2026-INT(K76)+1 | N76: 768 | P76: 140 | Q76: 42 | R76: 계단식 | S76: 4 | T76: 2 | U76: 29.1 | V76: 20.88 | W76: 계단식 | X76: 4 | Y76: 2 | Z76: 768
A77: 가락동 | D77: 111515 | E77: 헬리오시티 | F77: 130 | I77: =G77-H77 | J77: =H77/G77 | K77: 2018.12 | L77: 9510 | M77: =2026-INT(K77)+1 | N77: 136 | P77: 163 | Q77: 49 | R77: 계단식 | S77: 4 | T77: 2 | U77: 34.8 | V77: 27 | W77: 계단식 | X77: 4 | Y77: 2 | Z77: 136
A78: 가락동 | D78: 111515 | E78: 헬리오시티 | F78: 150 | I78: =G78-H78 | J78: =H78/G78 | K78: 2018.12 | L78: 9510 | M78: =2026-INT(K78)+1 | N78: 24 | P78: 193 | Q78: 58 | R78: 계단식 | S78: 4 | T78: 2 | W78: 계단식 | X78: 4 | Y78: 2 | Z78: 24
A79: 거여동 | D79: 119875 | E79: e편한세상송파파크센트럴 | F79: 59 | G79: 170000 | H79: 80000 | I79: =G79-H79 | J79: =H79/G79 | K79: 2021.05 | L79: 1199 | M79: =2026-INT(K79)+1 | N79: 305 | P79: 81 | Q79: 25 | R79: 계단식 | S79: 3 | T79: 2 | U79: 13.67 | V79: 9.8 | W79: 계단식 | X79: 3 | Y79: 2 | Z79: 305
A80: 거여동 | D80: 119875 | E80: e편한세상송파파크센트럴 | F80: 84 | G80: 203000 | H80: 97000 | I80: =G80-H80 | J80: =H80/G80 | K80: 2021.05 | L80: 1199 | M80: =2026-INT(K80)+1 | N80: 494 | P80: 111 | Q80: 34 | R80: 계단식 | S80: 3 | T80: 2 | U80: 16.95 | V80: 10 | W80: 계단식 | X80: 3 | Y80: 2 | Z80: 494
A81: 거여동 | D81: 119875 | E81: e편한세상송파파크센트럴 | F81: 84 | I81: =G81-H81 | J81: =H81/G81 | K81: 2021.05 | L81: 1199 | M81: =2026-INT(K81)+1 | N81: 50 | P81: 111 | Q81: 34 | R81: 계단식 | S81: 3 | T81: 3 | U81: 16.95 | V81: 10 | W81: 계단식 | X81: 3 | Y81: 3 | Z81: 50
A82: 거여동 | D82: 119875 | E82: e편한세상송파파크센트럴 | F82: 113 | I82: =G82-H82 | J82: =H82/G82 | K82: 2021.05 | L82: 1199 | M82: =2026-INT(K82)+1 | N82: 119 | P82: 137 | Q82: 41 | R82: 계단식 | S82: 4 | T82: 2 | U82: 14.8 | V82: 14.5 | W82: 계단식 | X82: 4 | Y82: 2 | Z82: 119
A83: 거여동 | D83: 119875 | E83: e편한세상송파파크센트럴 | F83: 140 | I83: =G83-H83 | J83: =H83/G83 | K83: 2021.05 | L83: 1199 | M83: =2026-INT(K83)+1 | N83: 3 | P83: 182 | Q83: 55 | R83: 계단식 | S83: 4 | T83: 2 | W83: 계단식 | X83: 4 | Y83: 2 | Z83: 3
A84: 거여동 | D84: 119875 | E84: e편한세상송파파크센트럴 | F84: 151 | I84: =G84-H84 | J84: =H84/G84 | K84: 2021.05 | L84: 1199 | M84: =2026-INT(K84)+1 | N84: 1 | P84: 198 | Q84: 60 | R84: 계단식 | S84: 5 | T84: 2 | W84: 계단식 | X84: 5 | Y84: 2 | Z84: 1
A85: 거여동 | D85: 352 | E85: 거여1단지 | F85: 38 | G85: 95000 | H85: 40000 | I85: =G85-H85 | J85: =H85/G85 | K85: 1997.11 | L85: 1004 | M85: =2026-INT(K85)+1 | N85: 8 | P85: 54 | Q85: 16 | R85: 복도식 | S85: 2 | T85: 1 | W85: 복도식 | X85: 2 | Y85: 1 | Z85: 8
A86: 거여동 | D86: 352 | E86: 거여1단지 | F86: 39 | I86: =G86-H86 | J86: =H86/G86 | K86: 1997.11 | L86: 1004 | M86: =2026-INT(K86)+1 | N86: 322 | P86: 55 | Q86: 17 | R86: 복도식 | S86: 2 | T86: 1 | U86: 8.09 | V86: 5.45 | W86: 복도식 | X86: 2 | Y86: 1 | Z86: 322
A87: 거여동 | D87: 352 | E87: 거여1단지 | F87: 49 | G87: 123000 | H87: 50001 | I87: =G87-H87 | J87: =H87/G87 | K87: 1997.11 | L87: 1004 | M87: =2026-INT(K87)+1 | N87: 494 | P87: 70 | Q87: 21 | R87: 복도식 | S87: 2 | T87: 1 | U87: 10 | V87: 6.5 | W87: 복도식 | X87: 2 | Y87: 1 | Z87: 494
A88: 거여동 | D88: 352 | E88: 거여1단지 | F88: 58 | I88: =G88-H88 | J88: =H88/G88 | K88: 1997.11 | L88: 1004 | M88: =2026-INT(K88)+1 | N88: 8 | P88: 83 | Q88: 25 | R88: 복도식 | S88: 3 | T88: 1 | V88: 8.3 | W88: 복도식 | X88: 3 | Y88: 1 | Z88: 8
A89: 거여동 | D89: 352 | E89: 거여1단지 | F89: 59 | G89: 127001 | H89: 56001 | I89: =G89-H89 | J89: =H89/G89 | K89: 1997.11 | L89: 1004 | M89: =2026-INT(K89)+1 | N89: 172 | P89: 84 | Q89: 25 | R89: 복도식 | S89: 3 | T89: 1 | U89: 10.6 | V89: 8.1 | W89: 복도식 | X89: 3 | Y89: 1 | Z89: 172
A90: 거여동 | D90: 353 | E90: 거여2단지효성,동아 | F90: 101 | I90: =G90-H90 | J90: =H90/G90 | K90: 1997.12 | L90: 478 | M90: =2026-INT(K90)+1 | N90: 180 | P90: 122 | Q90: 37 | R90: 계단식 | S90: 4 | T90: 2 | W90: 계단식 | X90: 4 | Y90: 2 | Z90: 180
A91: 거여동 | D91: 353 | E91: 거여2단지효성,동아 | F91: 134 | I91: =G91-H91 | J91: =H91/G91 | K91: 1997.12 | L91: 478 | M91: =2026-INT(K91)+1 | N91: 298 | P91: 158 | Q91: 48 | R91: 계단식 | S91: 4 | T91: 2 | W91: 계단식 | X91: 4 | Y91: 2 | Z91: 298
A92: 거여동 | D92: 951 | E92: 거여4단지 | F92: 38 | G92: 63501 | H92: 32000 | I92: =G92-H92 | J92: =H92/G92 | K92: 1997.07 | L92: 546 | M92: =2026-INT(K92)+1 | N92: 8 | P92: 56 | Q92: 17 | R92: 복도식 | S92: 2 | T92: 1 | U92: 7.1 | V92: 6 | W92: 복도식 | X92: 2 | Y92: 1 | Z92: 8
A93: 거여동 | D93: 951 | E93: 거여4단지 | F93: 39 | G93: 92001 | H93: 40000 | I93: =G93-H93 | J93: =H93/G93 | K93: 1997.07 | L93: 546 | M93: =2026-INT(K93)+1 | N93: 166 | P93: 57 | Q93: 17 | R93: 복도식 | S93: 2 | T93: 1 | U93: 8.29 | V93: 5.98 | W93: 복도식 | X93: 2 | Y93: 1 | Z93: 166
A94: 거여동 | D94: 951 | E94: 거여4단지 | F94: 49 | G94: 135000 | H94: 42001 | I94: =G94-H94 | J94: =H94/G94 | K94: 1997.07 | L94: 546 | M94: =2026-INT(K94)+1 | N94: 177 | P94: 72 | Q94: 22 | R94: 복도식 | S94: 2 | T94: 1 | U94: 9.8 | V94: 6.93 | W94: 복도식 | X94: 2 | Y94: 1 | Z94: 177
A95: 거여동 | D95: 951 | E95: 거여4단지 | F95: 59 | G95: 16000 | H95: 54001 | I95: =G95-H95 | J95: =H95/G95 | K95: 1997.07 | L95: 546 | M95: =2026-INT(K95)+1 | N95: 195 | P95: 86 | Q95: 26 | R95: 복도식 | S95: 3 | T95: 1 | U95: 11.38 | V95: 8.7 | W95: 복도식 | X95: 3 | Y95: 1 | Z95: 195
A96: 거여동 | D96: 952 | E96: 거여5단지 | F96: 59 | G96: 130000 | H96: 50000 | I96: =G96-H96 | J96: =H96/G96 | K96: 1997.07 | L96: 605 | M96: =2026-INT(K96)+1 | N96: 29 | P96: 80 | Q96: 24 | R96: 계단식 | S96: 2 | T96: 1 | U96: 9.8 | V96: 6.36 | W96: 계단식 | X96: 2 | Y96: 1 | Z96: 29
A97: 거여동 | D97: 952 | E97: 거여5단지 | F97: 59 | I97: =G97-H97 | J97: =H97/G97 | K97: 1997.07 | L97: 605 | M97: =2026-INT(K97)+1 | N97: 487 | P97: 81 | Q97: 25 | R97: 복도식 | S97: 2 | T97: 1 | U97: 9.8 | V97: 6.36 | W97: 복도식 | X97: 2 | Y97: 1 | Z97: 487
A98: 거여동 | D98: 952 | E98: 거여5단지 | F98: 84 | G98: 150000 | H98: 55001 | I98: =G98-H98 | J98: =H98/G98 | K98: 1997.07 | L98: 605 | M98: =2026-INT(K98)+1 | N98: 89 | P98: 114 | Q98: 34 | R98: 계단식 | S98: 3 | T98: 2 | V98: 9 | W98: 계단식 | X98: 3 | Y98: 2 | Z98: 89
A99: 거여동 | D99: 128379 | E99: 송파레이크파크호반써밋1차 | F99: 108 | I99: =G99-H99 | J99: =H99/G99 | K99: 2022.01 | L99: 689 | M99: =2026-INT(K99)+1 | N99: 689 | P99: 135 | Q99: 41 | R99: 계단식 | S99: 4 | T99: 2 | V99: 15 | W99: 계단식 | X99: 4 | Y99: 2 | Z99: 689
A100: 거여동 | D100: 128378 | E100: 송파레이크파크호반써밋2차 | F100: 108 | I100: =G100-H100 | J100: =H100/G100 | K100: 2022.01 | L100: 700 | M100: =2026-INT(K100)+1 | N100: 611 | P100: 136 | Q100: 41 | R100: 계단식 | S100: 4 | T100: 2 | V100: 15 | W100: 계단식 | X100: 4 | Y100: 2 | Z100: 611
A101: 거여동 | D101: 128378 | E101: 송파레이크파크호반써밋2차 | F101: 110 | I101: =G101-H101 | J101: =H101/G101 | K101: 2022.01 | L101: 700 | M101: =2026-INT(K101)+1 | N101: 82 | P101: 138 | Q101: 42 | R101: 계단식 | S101: 4 | T101: 2 | V101: 15 | W101: 계단식 | X101: 4 | Y101: 2 | Z101: 82
...

Sheet 서울강서구
B1: 상 | C1: 중
B2: 하
A3: 84 | B3: 선호도 | E3: 단지정보 (30평) | AH3: 투자결과
B4: 생활권 | C4: 생활권 내 | D4: 단지코드 | E4: 단지명 | F4: 사용승인일 | G4: 총세대수 | H4: 나이 | I4: 타입 | J4: 공급면적 | K4: 전용면적 | L4: 평형 | M4: 구조 | N4: 방수 | O4: 욕실수 | P4: 평형별 세대수 | Q4: 매 | R4: 전 | S4: 차 | T4: 전세가율 | U4: 전고 | V4: 전저 | W4: 계/복 | X4: 방 | Y4: 화 | Z4: 면적세대수 | AA4: 시기(년) | AB4: (전세가율80%이상인)기간 | AC4: 평형 | AD4: 매매가 | AE4: 전세가 | AF4: 전세가율 | AG4: 투자금 | AH4: 시기(년) | AI4: 매매가 | AJ4: 수익금 | AK4: 상승율 | AL4: 수익율
A5: 가양동 | D5: 1305 | E5: 가양2단지성지 | F5: 1992.11 | G5: 1624 | H5: =2026-INT(F5)+1 | J5: 49 | K5: 34 | L5: 15 | M5: 복도식 | N5: 2 | O5: 1 | P5: 497 | U5: 6.3 | V5: 4.6
A6: 가양동 | D6: 1305 | E6: 가양2단지성지 | F6: 1992.11 | G6: 1624 | H6: =2026-INT(F6)+1 | J6: 56 | K6: 39 | L6: 17 | M6: 복도식 | N6: 2 | O6: 1 | P6: 623 | U6: 8.4 | V6: 4
A7: 가양동 | D7: 1305 | E7: 가양2단지성지 | F7: 1992.11 | G7: 1624 | H7: =2026-INT(F7)+1 | J7: 70 | K7: 49 | L7: 21 | M7: 복도식 | N7: 3 | O7: 1 | P7: 504 | U7: 9.95 | V7: 4.8
A8: 가양동 | D8: 1347 | E8: 가양6단지 | F8: 1992.11 | G8: 1476 | H8: =2026-INT(F8)+1 | J8: 51 | K8: 39 | L8: 15 | M8: 복도식 | N8: 2 | O8: 1 | P8: 432 | U8: 7.4 | V8: 5.05
A9: 가양동 | D9: 1347 | E9: 가양6단지 | F9: 1992.11 | G9: 1476 | H9: =2026-INT(F9)+1 | J9: 64 | K9: 49 | L9: 19 | M9: 복도식 | N9: 3 | O9: 1 | P9: 594 | U9: 9.95 | V9: 5.8
A10: 가양동 | D10: 1347 | E10: 가양6단지 | F10: 1992.11 | G10: 1476 | H10: =2026-INT(F10)+1 | J10: 74 | K10: 58 | L10: 22 | M10: 복도식 | N10: 3 | O10: 1 | P10: 450 | U10: 9.95 | V10: 5.3
A11: 가양동 | D11: 1348 | E11: 가양9단지 | F11: 1993.02 | G11: 1005 | H11: =2026-INT(F11)+1 | J11: 46 | K11: 34 | L11: 14 | M11: 복도식 | N11: 2 | O11: 1 | P11: 300 | U11: 6.6 | V11: 4.6
A12: 가양동 | D12: 1348 | E12: 가양9단지 | F12: 1993.02 | G12: 1005 | H12: =2026-INT(F12)+1 | J12: 57 | K12: 39 | L12: 17 | M12: 복도식 | N12: 2 | O12: 1 | P12: 405 | U12: 7.1 | V12: 5.1
A13: 가양동 | D13: 1348 | E13: 가양9단지 | F13: 1993.02 | G13: 1005 | H13: =2026-INT(F13)+1 | J13: 71 | K13: 49 | L13: 21 | M13: 복도식 | N13: 3 | O13: 1 | P13: 300 | U13: 9.77 | V13: 5.9
A14: 가양동 | D14: 1350 | E14: 가양우성 | F14: 1990.1 | G14: 414 | H14: =2026-INT(F14)+1 | J14: 91 | K14: 75 | L14: 28 | M14: 계단식 | N14: 3 | O14: 1 | P14: 54 | U14: 9.3
A15: 가양동 | D15: 1350 | E15: 가양우성 | F15: 1990.1 | G15: 414 | H15: =2026-INT(F15)+1 | J15: 101 | K15: 84 | L15: 31 | M15: 계단식 | N15: 3 | O15: 2 | P15: 360 | U15: 11.4 | V15: 7.8
A16: 가양동 | D16: 1012 | E16: 강나루현대 | F16: 1999.03 | G16: 642 | H16: =2026-INT(F16)+1 | J16: 80 | K16: 59 | L16: 24 | M16: 계단식 | N16: 3 | O16: 1 | P16: 342 | U16: 9.29 | V16: 6.6
A17: 가양동 | D17: 1012 | E17: 강나루현대 | F17: 1999.03 | G17: 642 | H17: =2026-INT(F17)+1 | J17: 108 | K17: 84 | L17: 33 | M17: 계단식 | N17: 3 | O17: 2 | P17: 300 | U17: 12 | V17: 8.5
A18: 가양동 | D18: 1346 | E18: 강변3단지 | F18: 1992.12 | G18: 1556 | H18: =2026-INT(F18)+1 | J18: 45 | K18: 34 | L18: 14 | M18: 복도식 | N18: 2 | O18: 1 | P18: 476 | U18: 6.85 | V18: 4.47
A19: 가양동 | D19: 1346 | E19: 강변3단지 | F19: 1992.12 | G19: 1556 | H19: =2026-INT(F19)+1 | J19: 51 | K19: 39 | L19: 15 | M19: 복도식 | N19: 2 | O19: 1 | P19: 630 | U19: 8 | V19: 4.8
A20: 가양동 | D20: 1346 | E20: 강변3단지 | F20: 1992.12 | G20: 1556 | H20: =2026-INT(F20)+1 | J20: 66 | K20: 49 | L20: 20 | M20: 복도식 | N20: 2 | O20: 1 | P20: 450 | U20: 9.6 | V20: 6.1
A21: 가양동 | D21: 103293 | E21: 강서한강자이 | F21: 2013.09 | G21: 790 | H21: =2026-INT(F21)+1 | J21: 87 | K21: 59 | L21: 26 | M21: 계단식 | N21: 3 | O21: 2 | P21: 136 | U21: 11.9 | V21: 10.1
A22: 가양동 | D22: 103293 | E22: 강서한강자이 | F22: 2013.09 | G22: 790 | H22: =2026-INT(F22)+1 | J22: 112 | K22: 84 | L22: 34 | M22: 계단식 | N22: 3 | O22: 2 | P22: 257 | U22: 13.6 | V22: 11.05
A23: 가양동 | D23: 103293 | E23: 강서한강자이 | F23: 2013.09 | G23: 790 | H23: =2026-INT(F23)+1 | J23: 130 | K23: 98 | L23: 39 | M23: 계단식 | N23: 3 | O23: 2 | P23: 76 | U23: 16.1 | V23: 14.8
A24: 가양동 | D24: 103293 | E24: 강서한강자이 | F24: 2013.09 | G24: 790 | H24: =2026-INT(F24)+1 | J24: 131 | K24: 102 | L24: 40 | M24: 계단식 | N24: 3 | O24: 2 | P24: 38 | U24: 14.5 | V24: 13.25
A25: 가양동 | D25: 103293 | E25: 강서한강자이 | F25: 2013.09 | G25: 790 | H25: =2026-INT(F25)+1 | J25: 156 | K25: 124 | L25: 47 | M25: 계단식 | N25: 4 | O25: 2 | P25: 122 | U25: 15.8
A26: 가양동 | D26: 103293 | E26: 강서한강자이 | F26: 2013.09 | G26: 790 | H26: =2026-INT(F26)+1 | J26: 161 | K26: 127 | L26: 49 | M26: 계단식 | N26: 4 | O26: 2 | P26: 60
A27: 가양동 | D27: 103293 | E27: 강서한강자이 | F27: 2013.09 | G27: 790 | H27: =2026-INT(F27)+1 | J27: 195 | K27: 154 | L27: 59 | M27: 계단식 | N27: 4 | O27: 2 | P27: 20 | U27: 18.1
A28: 가양동 | D28: 1345 | E28: 대림,경동 | F28: 1993.09 | G28: 540 | H28: =2026-INT(F28)+1 | J28: 154 | K28: 131 | L28: 47 | M28: 계단식 | N28: 4 | O28: 2 | P28: 540 | U28: 16.3 | V28: 10.7
A29: 가양동 | D29: 1349 | E29: 동신,대아 | F29: 1993.06 | G29: 660 | H29: =2026-INT(F29)+1 | J29: 122 | K29: 101 | L29: 37 | M29: 계단식 | N29: 4 | O29: 2 | P29: 180 | U29: 13.35
A30: 가양동 | D30: 1349 | E30: 동신,대아 | F30: 1993.06 | G30: 660 | H30: =2026-INT(F30)+1 | J30: 158 | K30: 134 | L30: 48 | M30: 계단식 | N30: 4 | O30: 2 | P30: 360 | U30: 16.5 | V30: 13
A31: 가양동 | D31: 1349 | E31: 동신,대아 | F31: 1993.06 | G31: 660 | H31: =2026-INT(F31)+1 | J31: 192 | K31: 164 | L31: 58 | M31: 계단식 | N31: 5 | O31: 2 | P31: 120 | U31: 15.7 | V31: 11
A32: 가양동 | D32: 1351 | E32: 한강타운 | F32: 1993.06 | G32: 990 | H32: =2026-INT(F32)+1 | J32: 103 | K32: 84 | L32: 31 | M32: 계단식 | N32: 3 | O32: 2 | P32: 990 | U32: 13.72 | V32: 9
A33: 가양동 | D33: 1309 | E33: 한보구암마을 | F33: 1999.02 | G33: 359 | H33: =2026-INT(F33)+1 | J33: 74 | K33: 59 | L33: 22 | M33: 계단식 | N33: 3 | O33: 1 | P33: 181 | U33: 8.2 | V33: 6
A34: 가양동 | D34: 1309 | E34: 한보구암마을 | F34: 1999.02 | G34: 359 | H34: =2026-INT(F34)+1 | J34: 106 | K34: 84 | L34: 32 | M34: 계단식 | N34: 3 | O34: 2 | P34: 178 | U34: 8.5 | V34: 5.98
A35: 공항동 | D35: 27329 | E35: 강서센트레빌4차 | F35: 2009.11 | G35: 215 | H35: =2026-INT(F35)+1 | J35: 75 | K35: 59 | L35: 23 | M35: 계단식 | N35: 3 | O35: 2 | P35: 39 | U35: 8.5
A36: 공항동 | D36: 27329 | E36: 강서센트레빌4차 | F36: 2009.11 | G36: 215 | H36: =2026-INT(F36)+1 | J36: 97 | K36: 77 | L36: 29 | M36: 계단식 | N36: 3 | O36: 2 | P36: 2
A37: 공항동 | D37: 27329 | E37: 강서센트레빌4차 | F37: 2009.11 | G37: 215 | H37: =2026-INT(F37)+1 | J37: 106 | K37: 84 | L37: 32 | M37: 계단식 | N37: 3 | O37: 2 | P37: 123 | U37: 9.53 | V37: 8.7
A38: 공항동 | D38: 27329 | E38: 강서센트레빌4차 | F38: 2009.11 | G38: 215 | H38: =2026-INT(F38)+1 | J38: 146 | K38: 118 | L38: 44 | M38: 계단식 | N38: 4 | O38: 2 | P38: 30 | U38: 8.7 | V38: 8.75
A39: 내발산동 | D39: 25967 | E39: 마곡수명산파크1단지 | F39: 2007.11 | G39: 1421 | H39: =2026-INT(F39)+1 | J39: 107 | K39: 84 | L39: 32 | M39: 계단식 | N39: 3 | O39: 2 | P39: 580 | U39: 13 | V39: 6.15
A40: 내발산동 | D40: 25922 | E40: 마곡수명산파크2단지 | F40: 2007.07 | G40: 629 | H40: =2026-INT(F40)+1 | J40: 108 | K40: 84 | L40: 33 | M40: 계단식 | N40: 3 | O40: 2 | P40: 357 | U40: 12.8 | V40: 8.4
A41: 내발산동 | D41: 25968 | E41: 마곡수명산파크3단지 | F41: 2007.09 | G41: 518 | H41: =2026-INT(F41)+1 | J41: 108 | K41: 84 | L41: 33 | M41: 계단식 | N41: 3 | O41: 2 | P41: 237 | U41: 12.9 | V41: 6.5
A42: 내발산동 | D42: 26123 | E42: 마곡수명산파크4단지 | F42: 2008.02 | G42: 919 | H42: =2026-INT(F42)+1 | J42: 79 | K42: 59 | L42: 24 | M42: 계단식 | N42: 3 | O42: 2 | P42: 383 | U42: 9.4 | V42: 6.8
A43: 내발산동 | D43: 26123 | E43: 마곡수명산파크4단지 | F43: 2008.02 | G43: 919 | H43: =2026-INT(F43)+1 | J43: 111 | K43: 84 | L43: 34 | M43: 계단식 | N43: 3 | O43: 2 | P43: 247 | U43: 12 | V43: 7.4
A44: 내발산동 | D44: 26124 | E44: 마곡수명산파크5단지 | F44: 2008.06 | G44: 948 | H44: =2026-INT(F44)+1 | J44: 80 | K44: 59 | L44: 24 | M44: 계단식 | N44: 3 | O44: 2 | P44: 458 | U44: 10.99 | V44: 6.9
A45: 내발산동 | D45: 25969 | E45: 마곡수명산파크6단지 | F45: 2007.1 | G45: 399 | H45: =2026-INT(F45)+1 | J45: 107 | K45: 84 | L45: 32 | M45: 계단식 | N45: 3 | O45: 2 | P45: 38 | U45: 11.8 | V45: 7.6
A46: 내발산동 | D46: 25969 | E46: 마곡수명산파크6단지 | F46: 2007.1 | G46: 399 | H46: =2026-INT(F46)+1 | J46: 108 | K46: 84 | L46: 33 | M46: 복도식 | N46: 3 | O46: 2 | P46: 124 | U46: 11.8 | V46: 7.6
A47: 내발산동 | D47: 26128 | E47: 마곡수명산파크7단지 | F47: 2008.1 | G47: 643 | H47: =2026-INT(F47)+1 | J47: 109 | K47: 84 | L47: 33 | M47: 계단식 | N47: 3 | O47: 2 | P47: 248 | U47: 9.9 | V47: 7
A48: 내발산동 | D48: 182637 | E48: 센터스퀘어발산 | F48: 2025.03 | G48: 716 | H48: =2026-INT(F48)+1 | J48: 29 | K48: 19 | L48: 9 | M48: 계단식 | N48: 1 | O48: 1 | P48: 192
A49: 내발산동 | D49: 182637 | E49: 센터스퀘어발산 | F49: 2025.03 | G49: 716 | H49: =2026-INT(F49)+1 | J49: 33 | K49: 22 | L49: 10 | M49: 계단식 | N49: 1 | O49: 1 | P49: 45
A50: 내발산동 | D50: 182637 | E50: 센터스퀘어발산 | F50: 2025.03 | G50: 716 | H50: =2026-INT(F50)+1 | J50: 49 | K50: 32 | L50: 15 | M50: 계단식 | N50: 1 | O50: 1 | P50: 2
A51: 내발산동 | D51: 182637 | E51: 센터스퀘어발산 | F51: 2025.03 | G51: 716 | H51: =2026-INT(F51)+1 | J51: 55 | K51: 36 | L51: 17 | M51: 계단식 | N51: 2 | O51: 1 | P51: 85
A52: 내발산동 | D52: 182637 | E52: 센터스퀘어발산 | F52: 2025.03 | G52: 716 | H52: =2026-INT(F52)+1 | J52: 61 | K52: 41 | L52: 18 | M52: 계단식 | N52: 2 | O52: 1 | P52: 70
A53: 내발산동 | D53: 182637 | E53: 센터스퀘어발산 | F53: 2025.03 | G53: 716 | H53: =2026-INT(F53)+1 | J53: 65 | K53: 43 | L53: 20 | M53: 계단식 | N53: 2 | O53: 1 | P53: 35
A54: 내발산동 | D54: 182637 | E54: 센터스퀘어발산 | F54: 2025.03 | G54: 716 | H54: =2026-INT(F54)+1 | J54: 71 | K54: 48 | L54: 21 | M54: 계단식 | N54: 2 | O54: 1 | P54: 29
A55: 내발산동 | D55: 11337 | E55: 우장산힐스테이트 | F55: 2005.05 | G55: 2198 | H55: =2026-INT(F55)+1 | J55: 79 | K55: 59 | L55: 24 | M55: 계단식 | N55: 3 | O55: 2 | P55: 515 | U55: 12 | V55: 8.6
A56: 내발산동 | D56: 11337 | E56: 우장산힐스테이트 | F56: 2005.05 | G56: 2198 | H56: =2026-INT(F56)+1 | J56: 109 | K56: 84 | L56: 33 | M56: 계단식 | N56: 3 | O56: 2 | P56: 1077 | U56: 14.9 | V56: 10.05
A57: 내발산동 | D57: 11337 | E57: 우장산힐스테이트 | F57: 2005.05 | G57: 2198 | H57: =2026-INT(F57)+1 | J57: 132 | K57: 101 | L57: 40 | M57: 계단식 | N57: 3 | O57: 2 | P57: 334 | U57: 16 | V57: 13
A58: 내발산동 | D58: 11337 | E58: 우장산힐스테이트 | F58: 2005.05 | G58: 2198 | H58: =2026-INT(F58)+1 | J58: 158 | K58: 126 | L58: 48 | M58: 계단식 | N58: 4 | O58: 2 | P58: 272 | U58: 16.8 | V58: 11.5
A59: 등촌동 | D59: 3329 | E59: e-편한대림 | F59: 2002.05 | G59: 222 | H59: =2026-INT(F59)+1 | J59: 108 | K59: 75 | L59: 33 | M59: 계단식 | N59: 3 | O59: 2 | P59: 32 | U59: 10.35
A60: 등촌동 | D60: 3329 | E60: e-편한대림 | F60: 2002.05 | G60: 222 | H60: =2026-INT(F60)+1 | J60: 111 | K60: 84 | L60: 34 | M60: 계단식 | N60: 3 | O60: 2 | P60: 94 | U60: 9.3
A61: 등촌동 | D61: 3329 | E61: e-편한대림 | F61: 2002.05 | G61: 222 | H61: =2026-INT(F61)+1 | J61: 132 | K61: 96 | L61: 40 | M61: 계단식 | N61: 4 | O61: 2 | P61: 32 | U61: 10 | V61: 9.8
A62: 등촌동 | D62: 3329 | E62: e-편한대림 | F62: 2002.05 | G62: 222 | H62: =2026-INT(F62)+1 | J62: 146 | K62: 116 | L62: 44 | M62: 계단식 | N62: 4 | O62: 2 | P62: 64
A63: 등촌동 | D63: 127100 | E63: 가양역두산위브 | F63: 2022.03 | G63: 220 | H63: =2026-INT(F63)+1 | J63: 42 | K63: 31 | L63: 13 | M63: 계단식 | N63: 2 | O63: 1 | P63: 19
A64: 등촌동 | D64: 127100 | E64: 가양역두산위브 | F64: 2022.03 | G64: 220 | H64: =2026-INT(F64)+1 | J64: 65 | K64: 50 | L64: 20 | M64: 계단식 | N64: 3 | O64: 2 | P64: 38
A65: 등촌동 | D65: 127100 | E65: 가양역두산위브 | F65: 2022.03 | G65: 220 | H65: =2026-INT(F65)+1 | J65: 78 | K65: 59 | L65: 24 | M65: 계단식 | N65: 3 | O65: 2 | P65: 106 | U65: 8.97 | V65: 8.3
A66: 등촌동 | D66: 127100 | E66: 가양역두산위브 | F66: 2022.03 | G66: 220 | H66: =2026-INT(F66)+1 | J66: 82 | K66: 64 | L66: 25 | M66: 계단식 | N66: 3 | O66: 2 | P66: 18
A67: 등촌동 | D67: 127100 | E67: 가양역두산위브 | F67: 2022.03 | G67: 220 | H67: =2026-INT(F67)+1 | J67: 105 | K67: 84 | L67: 32 | M67: 계단식 | N67: 3 | O67: 2 | P67: 38
A68: 등촌동 | D68: 127100 | E68: 가양역두산위브 | F68: 2022.03 | G68: 220 | H68: =2026-INT(F68)+1 | J68: 154 | K68: 116 | L68: 47 | M68: 계단식 | N68: 3 | O68: 2 | P68: 1
A69: 등촌동 | D69: 8076 | E69: 대동황토방1차 | F69: 2000.07 | G69: 241 | H69: =2026-INT(F69)+1 | J69: 79 | K69: 59 | L69: 24 | M69: 계단식 | N69: 3 | O69: 1 | P69: 57 | U69: 6.45 | V69: 6.9
A70: 등촌동 | D70: 8076 | E70: 대동황토방1차 | F70: 2000.07 | G70: 241 | H70: =2026-INT(F70)+1 | J70: 79 | K70: 59 | L70: 24 | M70: 복도식 | N70: 3 | O70: 1 | P70: 18 | U70: 6.45 | V70: 6.9
A71: 등촌동 | D71: 8076 | E71: 대동황토방1차 | F71: 2000.07 | G71: 241 | H71: =2026-INT(F71)+1 | J71: 110 | K71: 84 | L71: 33 | M71: 계단식 | N71: 3 | O71: 2 | P71: 111 | U71: 10.4
A72: 등촌동 | D72: 8076 | E72: 대동황토방1차 | F72: 2000.07 | G72: 241 | H72: =2026-INT(F72)+1 | J72: 148 | K72: 114 | L72: 45 | M72: 계단식 | N72: 4 | O72: 2 | P72: 55
A73: 등촌동 | D73: 15578 | E73: 두보하이츠 | F73: 1988.11 | G73: 213 | H73: =2026-INT(F73)+1 | J73: 66 | K73: 44 | L73: 20 | M73: 계단식 | N73: 3 | O73: 1 | P73: 24
A74: 등촌동 | D74: 15578 | E74: 두보하이츠 | F74: 1988.11 | G74: 213 | H74: =2026-INT(F74)+1 | J74: 69 | K74: 46 | L74: 21 | M74: 계단식 | N74: 3 | O74: 1 | P74: 24
A75: 등촌동 | D75: 15578 | E75: 두보하이츠 | F75: 1988.11 | G75: 213 | H75: =2026-INT(F75)+1 | J75: 73 | K75: 50 | L75: 22 | M75: 계단식 | N75: 3 | O75: 1 | P75: 24
A76: 등촌동 | D76: 15578 | E76: 두보하이츠 | F76: 1988.11 | G76: 213 | H76: =2026-INT(F76)+1 | J76: 76 | K76: 52 | L76: 23 | M76: 계단식 | N76: 3 | O76: 1 | P76: 18
A77: 등촌동 | D77: 15578 | E77: 두보하이츠 | F77: 1988.11 | G77: 213 | H77: =2026-INT(F77)+1 | J77: 77 | K77: 53 | L77: 23 | M77: 계단식 | N77: 3 | O77: 1 | P77: 54
A78: 등촌동 | D78: 15578 | E78: 두보하이츠 | F78: 1988.11 | G78: 213 | H78: =2026-INT(F78)+1 | J78: 78 | K78: 48 | L78: 24 | M78: 계단식 | N78: 3 | O78: 1 | P78: 3
A79: 등촌동 | D79: 15578 | E79: 두보하이츠 | F79: 1988.11 | G79: 213 | H79: =2026-INT(F79)+1 | J79: 84 | K79: 58 | L79: 25 | M79: 계단식 | N79: 3 | O79: 1 | P79: 21
A80: 등촌동 | D80: 15578 | E80: 두보하이츠 | F80: 1988.11 | G80: 213 | H80: =2026-INT(F80)+1 | J80: 86 | K80: 59 | L80: 26 | M80: 계단식 | N80: 3 | O80: 1 | P80: 36
A81: 등촌동 | D81: 15578 | E81: 두보하이츠 | F81: 1988.11 | G81: 213 | H81: =2026-INT(F81)+1 | J81: 88 | K81: 55 | L81: 27 | M81: 계단식 | N81: 3 | O81: 1 | P81: 3
A82: 등촌동 | D82: 15578 | E82: 두보하이츠 | F82: 1988.11 | G82: 213 | H82: =2026-INT(F82)+1 | J82: 91 | K82: 57 | L82: 28 | M82: 계단식 | N82: 3 | O82: 1 | P82: 6
A83: 등촌동 | D83: 4 | E83: 등촌대림 | F83: 1995.07 | G83: 680 | H83: =2026-INT(F83)+1 | J83: 113 | K83: 89 | L83: 34 | M83: 계단식 | N83: 3 | O83: 2 | P83: 296 | U83: 13.4 | V83: 9.1
A84: 등촌동 | D84: 4 | E84: 등촌대림 | F84: 1995.07 | G84: 680 | H84: =2026-INT(F84)+1 | J84: 151 | K84: 123 | L84: 46 | M84: 계단식 | N84: 4 | O84: 2 | P84: 384 | U84: 12.5
A85: 등촌동 | D85: 5 | E85: 등촌동성 | F85: 1995.11 | G85: 457 | H85: =2026-INT(F85)+1 | J85: 120 | K85: 101 | L85: 36 | M85: 계단식 | N85: 3 | O85: 2 | P85: 228 | U85: 11 | V85: 9
A86: 등촌동 | D86: 5 | E86: 등촌동성 | F86: 1995.11 | G86: 457 | H86: =2026-INT(F86)+1 | J86: 159 | K86: 134 | L86: 48 | M86: 계단식 | N86: 4 | O86: 2 | P86: 129 | U86: 13.8 | V86: 10.8
A87: 등촌동 | D87: 5 | E87: 등촌동성 | F87: 1995.11 | G87: 457 | H87: =2026-INT(F87)+1 | J87: 177 | K87: 150 | L87: 54 | M87: 계단식 | N87: 5 | O87: 2 | P87: 100 | U87: 13.2 | V87: 11
A88: 등촌동 | D88: 1017 | E88: 등촌마을서광 | F88: 1999.04 | G88: 430 | H88: =2026-INT(F88)+1 | J88: 79 | K88: 59 | L88: 24 | M88: 계단식 | N88: 3 | O88: 1 | P88: 227 | U88: 8.5 | V88: 6.1
A89: 등촌동 | D89: 1017 | E89: 등촌마을서광 | F89: 1999.04 | G89: 430 | H89: =2026-INT(F89)+1 | J89: 107 | K89: 84 | L89: 32 | M89: 계단식 | N89: 3 | O89: 2 | P89: 203 | U89: 10.5 | V89: 7.45
A90: 등촌동 | D90: 13859 | E90: 등촌아이파크 | F90: 2004.01 | G90: 1653 | H90: =2026-INT(F90)+1 | J90: 105 | K90: 84 | L90: 32 | M90: 계단식 | N90: 3 | O90: 2 | P90: 905 | U90: 12.95 | V90: 6.5
A91: 등촌동 | D91: 13859 | E91: 등촌아이파크 | F91: 2004.01 | G91: 1653 | H91: =2026-INT(F91)+1 | J91: 150 | K91: 119 | L91: 45 | M91: 계단식 | N91: 4 | O91: 2 | P91: 137 | U91: 14 | V91: 9.4
A92: 등촌동 | D92: 13859 | E92: 등촌아이파크 | F92: 2004.01 | G92: 1653 | H92: =2026-INT(F92)+1 | J92: 170 | K92: 134 | L92: 51 | M92: 계단식 | N92: 4 | O92: 2 | P92: 378 | U92: 15.5 | V92: 9.75
A93: 등촌동 | D93: 13859 | E93: 등촌아이파크 | F93: 2004.01 | G93: 1653 | H93: =2026-INT(F93)+1 | J93: 204 | K93: 165 | L93: 62 | M93: 계단식 | N93: 4 | O93: 3 | P93: 227 | U93: 15 | V93: 12.5
A94: 등촌동 | D94: 13859 | E94: 등촌아이파크 | F94: 2004.01 | G94: 1653 | H94: =2026-INT(F94)+1 | J94: 296 | K94: 233 | L94: 90 | M94: 계단식 | N94: 5 | O94: 4 | P94: 6
A95: 등촌동 | D95: 10 | E95: 등촌주공10단지 | F95: 1995.1 | G95: 566 | H95: =2026-INT(F95)+1 | J95: 55 | K95: 37 | L95: 17 | M95: 복도식 | N95: 2 | O95: 1 | P95: 149 | U95: 7.27 | V95: 3.7
A96: 등촌동 | D96: 10 | E96: 등촌주공10단지 | F96: 1995.1 | G96: 566 | H96: =2026-INT(F96)+1 | J96: 80 | K96: 58 | L96: 24 | M96: 복도식 | N96: 3 | O96: 1 | P96: 417 | U96: 9.6 | V96: 5.7
A97: 등촌동 | D97: 11 | E97: 등촌주공2단지 | F97: 1995.06 | G97: 505 | H97: =2026-INT(F97)+1 | J97: 56 | K97: 41 | L97: 17 | M97: 복도식 | N97: 1 | O97: 1 | P97: 445
A98: 등촌동 | D98: 11 | E98: 등촌주공2단지 | F98: 1995.06 | G98: 505 | H98: =2026-INT(F98)+1 | J98: 57 | K98: 41 | L98: 17 | M98: 복도식 | N98: 2 | O98: 1 | P98: 31
A99: 등촌동 | D99: 11 | E99: 등촌주공2단지 | F99: 1995.06 | G99: 505 | H99: =2026-INT(F99)+1 | J99: 70 | K99: 49 | L99: 21 | M99: 복도식 | N99: 2 | O99: 1 | P99: 29
A100: 등촌동 | D100: 12 | E100: 등촌주공3단지 | F100: 1995.1 | G100: 1016 | H100: =2026-INT(F100)+1 | J100: 53 | K100: 37 | L100: 16 | M100: 복도식 | N100: 2 | O100: 1 | P100: 178 | U100: 6.5 | V100: 5.24
...

Sheet 성동구
B1: 상 | C1: 중
B2: 하
A3: 84 | B3: 선호도 | E3: 단지정보 (30평) | Q3: 2026.5.2주 | AI3: 투자결과
B4: 생활권 | C4: 생활권 내 | D4: 단지코드 | E4: 단지명 | F4: 사용승인일 | G4: 총세대수 | H4: 나이 | I4: 타입 | J4: 공급면적 | K4: 전용면적 | L4: 평형 | M4: 구조 | N4: 방수 | O4: 욕실수 | P4: 평형별 세대수 | Q4: 매/전(개수) | R4: 매매가 | S4: 전세가 | T4: 차 | U4: 전세가율 | V4: 전고 | W4: 전저 | X4: 계/복 | Y4: 방 | Z4: 화 | AA4: 면적세대수 | AB4: 시기(년) | AC4: (전세가율80%이상인)기간 | AD4: 평형 | AE4: 매매가 | AF4: 전세가 | AG4: 전세가율 | AH4: 투자금 | AI4: 시기(년) | AJ4: 매매가 | AK4: 수익금 | AL4: 상승율 | AM4: 수익율
A5: 금호동2가 | B5: 2금호옥수 | C5: 상 | D5: 27575 | E5: 래미안하이리버 | F5: 2012.05 | G5: 847 | H5: =2026-INT(F5)+1 | J5: 84 | K5: 59 | L5: 25 | M5: 계단식 | N5: 3 | O5: 2 | P5: 358 | V5: 15.2 | W5: 9.5
A6: 금호동2가 | B6: 2금호옥수 | C6: 상 | D6: 27575 | E6: 래미안하이리버 | F6: 2012.05 | G6: 847 | H6: =2026-INT(F6)+1 | J6: 108 | K6: 84 | L6: 33 | M6: 계단식 | N6: 3 | O6: 2 | P6: 377 | V6: 16.5 | W6: 9.9
A7: 금호동2가 | B7: 2금호옥수 | C7: 상 | D7: 27575 | E7: 래미안하이리버 | F7: 2012.05 | G7: 847 | H7: =2026-INT(F7)+1 | J7: 149 | K7: 114 | L7: 45 | M7: 계단식 | N7: 4 | O7: 2 | P7: 112 | V7: 18.75 | W7: 16.85
A8: 옥수동 | B8: 2금호옥수 | C8: 상 | D8: 100692 | E8: 래미안옥수리버젠 | F8: 2012.12 | G8: 1511 | H8: =2026-INT(F8)+1 | J8: 79 | K8: 59 | L8: 24 | M8: 계단식 | N8: 3 | O8: 2 | P8: 700 | V8: 17.5 | W8: 11.25
A9: 옥수동 | B9: 2금호옥수 | C9: 상 | D9: 100692 | E9: 래미안옥수리버젠 | F9: 2012.12 | G9: 1511 | H9: =2026-INT(F9)+1 | J9: 110 | K9: 84 | L9: 33 | M9: 계단식 | N9: 3 | O9: 2 | P9: 600 | V9: 21 | W9: 13
A10: 옥수동 | B10: 2금호옥수 | C10: 상 | D10: 100692 | E10: 래미안옥수리버젠 | F10: 2012.12 | G10: 1511 | H10: =2026-INT(F10)+1 | J10: 148 | K10: 113 | L10: 45 | M10: 계단식 | N10: 4 | O10: 2 | P10: 139 | V10: 25 | W10: 17.2
A11: 옥수동 | B11: 2금호옥수 | C11: 상 | D11: 100692 | E11: 래미안옥수리버젠 | F11: 2012.12 | G11: 1511 | H11: =2026-INT(F11)+1 | J11: 174 | K11: 134 | L11: 53 | M11: 계단식 | N11: 4 | O11: 2 | P11: 72 | V11: 25 | W11: 25.8
A12: 금호동1가 | B12: 2금호옥수 | C12: 중 | D12: 110936 | E12: e편한세상금호파크힐스 | F12: 2019.05 | G12: 1193 | H12: =2026-INT(F12)+1 | J12: 85 | K12: 59 | L12: 26 | M12: 계단식 | N12: 3 | O12: 2 | P12: 517 | V12: 15.8 | W12: 11
A13: 금호동1가 | B13: 2금호옥수 | C13: 중 | D13: 110936 | E13: e편한세상금호파크힐스 | F13: 2019.05 | G13: 1193 | H13: =2026-INT(F13)+1 | J13: 110 | K13: 84 | L13: 33 | M13: 계단식 | N13: 3 | O13: 2 | P13: 616 | V13: 18 | W13: 14
A14: 금호동1가 | B14: 2금호옥수 | C14: 중 | D14: 110936 | E14: e편한세상금호파크힐스 | F14: 2019.05 | G14: 1193 | H14: =2026-INT(F14)+1 | J14: 151 | K14: 116 | L14: 46 | M14: 계단식 | N14: 4 | O14: 2 | P14: 40 | V14: 20.9 | W14: 18
A15: 금호동1가 | B15: 2금호옥수 | C15: 중 | D15: 110936 | E15: e편한세상금호파크힐스 | F15: 2019.05 | G15: 1193 | H15: =2026-INT(F15)+1 | J15: 164 | K15: 124 | L15: 50 | M15: 계단식 | N15: 4 | O15: 3 | P15: 20 | V15: 20.3 | W15: 20.3
A16: 금호동1가 | B16: 2금호옥수 | C16: 중 | D16: 1286 | E16: 벽산 | F16: 2001.12 | G16: 1707 | H16: =2026-INT(F16)+1 | J16: 78 | K16: 59 | L16: 24 | M16: 복도식 | N16: 3 | O16: 1 | P16: 507 | V16: 11.85 | W16: 7.2
... A26: 금호동3가 | B26: 2금호옥수 | C26: 중 | D26: 100595 | E26: 금호자이2차 | F26: 2012.07 | G26: 403 | H26: =2026-INT(F26)+1 | J26: 107 | K26: 84 | L26: 32 | M26: 계단식 | N26: 3 | O26: 2 | P26: 164 | V26: 16.2 | W26: 11.5
A27: 금호동3가 | B27: 2금호옥수 | C27: 중 | D27: 100595 | E27: 금호자이2차 | F27: 2012.07 | G27: 403 | H27: =2026-INT(F27)+1 | J27: 147 | K27: 114 | L27: 44 | M27: 계단식 | N27: 4 | O27: 2 | P27: 11 | V27: 15.9
A28: 금호동3가 | B28: 2금호옥수 | C28: 중 | D28: 100595 | E28: 금호자이2차 | F28: 2012.07 | G28: 403 | H28: =2026-INT(F28)+1 | J28: 148 | K28: 115 | L28: 45 | M28: 계단식 | N28: 4 | O28: 2 | P28: 29 | V28: 15.9
A29: 금호동3가 | B29: 2금호옥수 | C29: 중 | D29: 10647 | E29: 금호한신휴플러스 | F29: 2005.07 | G29: 323 | H29: =2026-INT(F29)+1 | J29: 80 | K29: 59 | L29: 24 | M29: 계단식 | N29: 3 | O29: 2 | P29: 153 | V29: 10.89 | W29: 8.7
A30: 금호동3가 | B30: 2금호옥수 | C30: 중 | D30: 10647 | E30: 금호한신휴플러스 | F30: 2005.07 | G30: 323 | H30: =2026-INT(F30)+1 | J30: 107 | K30: 84 | L30: 32 | M30: 계단식 | N30: 3 | O30: 2 | P30: 112 | V30: 14
A31: 금호동3가 | B31: 2금호옥수 | C31: 중 | D31: 10647 | E31: 금호한신휴플러스 | F31: 2005.07 | G31: 323 | H31: =2026-INT(F31)+1 | J31: 134 | K31: 114 | L31: 41 | M31: 계단식 | N31: 4 | O31: 2 | P31: 29
A32: 금호동3가 | B32: 2금호옥수 | C32: 중 | D32: 10647 | E32: 금호한신휴플러스 | F32: 2005.07 | G32: 323 | H32: =2026-INT(F32)+1 | J32: 154 | K32: 130 | L32: 47 | M32: 계단식 | N32: 4 | O32: 2 | P32: 29 | V32: 15 | W32: 14
A33: 금호동3가 | B33: 2금호옥수 | C33: 중 | D33: 547 | E33: 두산 | F33: 1994.09 | G33: 1267 | H33: =2026-INT(F33)+1 | J33: 82 | K33: 59 | L33: 25 | M33: 복도식 | N33: 2 | O33: 1 | P33: 335 | V33: 12 | W33: 8.55
A34: 금호동3가 | B34: 2금호옥수 | C34: 중 | D34: 547 | E34: 두산 | F34: 1994.09 | G34: 1267 | H34: =2026-INT(F34)+1 | J34: 96 | K34: 79 | L34: 29 | M34: 복도식 | N34: 3 | O34: 1 | P34: 270 | V34: 13.3 | W34: 9
A35: 금호동3가 | B35: 2금호옥수 | C35: 중 | D35: 547 | E35: 두산 | F35: 1994.09 | G35: 1267 | H35: =2026-INT(F35)+1 | J35: 104 | K35: 84 | L35: 31 | M35: 복도식 | N35: 3 | O35: 2 | P35: 265 | Q35: 15/5 | R35: 180000 | S35: 70000 | V35: 14 | W35: 8.6
A36: 금호동3가 | B36: 2금호옥수 | C36: 중 | D36: 547 | E36: 두산 | F36: 1994.09 | G36: 1267 | H36: =2026-INT(F36)+1 | J36: 136 | K36: 116 | L36: 41 | M36: 계단식 | N36: 4 | O36: 2 | P36: 267 | V36: 15.4 | W36: 11
A37: 금호동3가 | B37: 2금호옥수 | C37: 중 | D37: 547 | E37: 두산 | F37: 1994.09 | G37: 1267 | H37: =2026-INT(F37)+1 | J37: 144 | K37: 124 | L37: 44 | M37: 계단식 | N37: 4 | O37: 2 | P37: 130 | V37: 13.5 | W37: 11.9
A38: 금호동4가 | B38: 2금호옥수 | C38: 중 | D38: 2975 | E38: 금호대우 | F38: 2001.05 | G38: 1181 | H38: =2026-INT(F38)+1 | J38: 79 | K38: 59 | L38: 24 | M38: 계단식 | N38: 3 | O38: 1 | P38: 384 | V38: 13.35 | W38: 8.6
A39: 금호동4가 | B39: 2금호옥수 | C39: 중 | D39: 2975 | E39: 금호대우 | F39: 2001.05 | G39: 1181 | H39: =2026-INT(F39)+1 | J39: 109 | K39: 84 | L39: 33 | M39: 계단식 | N39: 3 | O39: 2 | P39: 500 | V39: 16.2 | W39: 9
A40: 금호동4가 | B40: 2금호옥수 | C40: 중 | D40: 2975 | E40: 금호대우 | F40: 2001.05 | G40: 1181 | H40: =2026-INT(F40)+1 | J40: 145 | K40: 114 | L40: 44 | M40: 계단식 | N40: 4 | O40: 2 | P40: 297 | V40: 18.5 | W40: 12
A41: 금호동4가 | B41: 2금호옥수 | C41: 중 | D41: 14019 | E41: 금호브라운스톤1차 | F41: 2007.03 | G41: 217 | H41: =2026-INT(F41)+1 | J41: 106 | K41: 84 | L41: 32 | M41: 계단식 | N41: 3 | O41: 2 | P41: 217 | V41: 19 | W41: 13.83
A42: 금호동4가 | B42: 2금호옥수 | C42: 중 | D42: 9213 | E42: 롯데 | F42: 2003.01 | G42: 249 | H42: =2026-INT(F42)+1 | J42: 114 | K42: 84 | L42: 34 | M42: 계단식 | N42: 3 | O42: 2 | P42: 249 | V42: 13.95 | W42: 10.6
A43: 금호동4가 | B43: 2금호옥수 | C43: 중 | D43: 18541 | E43: 서울숲푸르지오1차 | F43: 2007.07 | G43: 888 | H43: =2026-INT(F43)+1 | J43: 73 | K43: 59 | L43: 22 | M43: 계단식 | N43: 3 | O43: 1 | P43: 267 | V43: 15.9 | W43: 10.5
A44: 금호동4가 | B44: 2금호옥수 | C44: 중 | D44: 18541 | E44: 서울숲푸르지오1차 | F44: 2007.07 | G44: 888 | H44: =2026-INT(F44)+1 | J44: 76 | K44: 59 | L44: 23 | M44: 계단식 | N44: 3 | O44: 2 | P44: 102 | V44: 15.9 | W44: 10.5
A45: 금호동4가 | B45: 2금호옥수 | C45: 중 | D45: 18541 | E45: 서울숲푸르지오1차 | F45: 2007.07 | G45: 888 | H45: =2026-INT(F45)+1 | J45: 102 | K45: 84 | L45: 31 | M45: 계단식 | N45: 3 | O45: 2 | P45: 342 | Q45: 12/1 | R45: 240000 | S45: 95000 | V45: 19 | W45: 13.83
A46: 금호동4가 | B46: 2금호옥수 | C46: 중 | D46: 18541 | E46: 서울숲푸르지오1차 | F46: 2007.07 | G46: 888 | H46: =2026-INT(F46)+1 | J46: 125 | K46: 106 | L46: 38 | M46: 계단식 | N46: 3 | O46: 2 | P46: 2
A47: 금호동4가 | B47: 2금호옥수 | C47: 중 | D47: 18541 | E47: 서울숲푸르지오1차 | F47: 2007.07 | G47: 888 | H47: =2026-INT(F47)+1 | J47: 135 | K47: 114 | L47: 41 | M47: 계단식 | N47: 4 | O47: 2 | P47: 175 | V47: 21 | W47: 20.5
A48: 금호동4가 | B48: 2금호옥수 | C48: 중 | D48: 101322 | E48: 서울숲푸르지오2차 | F48: 2012.08 | G48: 586 | H48: =2026-INT(F48)+1 | J48: 77 | K48: 59 | L48: 23 | M48: 계단식 | N48: 3 | O48: 2 | P48: 271 | V48: 16 | W48: 12.2
A49: 금호동4가 | B49: 2금호옥수 | C49: 중 | D49: 101322 | E49: 서울숲푸르지오2차 | F49: 2012.08 | G49: 586 | H49: =2026-INT(F49)+1 | J49: 108 | K49: 84 | L49: 33 | M49: 계단식 | N49: 3 | O49: 2 | P49: 257 | V49: 18.5 | W49: 14.8
A50: 금호동4가 | B50: 2금호옥수 | C50: 중 | D50: 101322 | E50: 서울숲푸르지오2차 | F50: 2012.08 | G50: 586 | H50: =2026-INT(F50)+1 | J50: 146 | K50: 114 | L50: 44 | M50: 계단식 | N50: 4 | O50: 2 | P50: 58 | V50: 19.5 | W50: 18.8
A51: 금호동4가 | B51: 2금호옥수 | C51: 중 | D51: 110939 | E51: 힐스테이트서울숲리버 | F51: 2018.02 | G51: 606 | H51: =2026-INT(F51)+1 | J51: 80 | K51: 59 | L51: 24 | M51: 계단식 | N51: 3 | O51: 2 | P51: 133 | V51: 14.9 | W51: 13
A52: 금호동4가 | B52: 2금호옥수 | C52: 중 | D52: 110939 | E52: 힐스테이트서울숲리버 | F52: 2018.02 | G52: 606 | H52: =2026-INT(F52)+1 | J52: 88 | K52: 64 | L52: 27 | M52: 계단식 | N52: 3 | O52: 2 | P52: 21 | V52: 15.5 | W52: 13.3
A53: 금호동4가 | B53: 2금호옥수 | C53: 중 | D53: 110939 | E53: 힐스테이트서울숲리버 | F53: 2018.02 | G53: 606 | H53: =2026-INT(F53)+1 | J53: 110 | K53: 84 | L53: 33 | M53: 계단식 | N53: 3 | O53: 2 | P53: 234 | V53: 20.2 | W53: 16
A54: 금호동4가 | B54: 2금호옥수 | C54: 중 | D54: 110939 | E54: 힐스테이트서울숲리버 | F54: 2018.02 | G54: 606 | H54: =2026-INT(F54)+1 | J54: 142 | K54: 114 | L54: 43 | M54: 계단식 | N54: 4 | O54: 2 | P54: 86 | V54: 28 | W54: 25.5
A55: 금호동4가 | B55: 2금호옥수 | C55: 중 | D55: 110939 | E55: 힐스테이트서울숲리버 | F55: 2018.02 | G55: 606 | H55: =2026-INT(F55)+1 | J55: 168 | K55: 141 | L55: 51 | M55: 계단식 | N55: 4 | O55: 2 | P55: 28
A56: 옥수동 | B56: 2금호옥수 | C56: 중 | D56: 8593 | E56: 옥수강변풍림아이원 | F56: 2004.1 | G56: 269 | H56: =2026-INT(F56)+1 | J56: 105 | K56: 84 | L56: 32 | M56: 계단식 | N56: 3 | O56: 2 | P56: 269 | V56: 18.6 | W56: 12.7
A57: 옥수동 | B57: 2금호옥수 | C57: 중 | D57: 1179 | E57: 옥수삼성 | F57: 1999.04 | G57: 1114 | H57: =2026-INT(F57)+1 | J57: 85 | K57: 59 | L57: 26 | M57: 복도식 | N57: 3 | O57: 1 | P57: 412 | V57: 14.2 | W57: 10.35
A58: 도선동 | B58: 3왕십리 | C58: 중 | D58: 22725 | E58: 성동삼성쉐르빌(주상복합) | F58: 2006.09 | G58: 342 | H58: =2026-INT(F58)+1 | J58: 89 | K58: 71 | L58: 27 | M58: 계단식 | N58: 2 | O58: 2 | P58: 40 | V58: 10 | W58: 7.8
A59: 도선동 | B59: 3왕십리 | C59: 중 | D59: 22725 | E59: 성동삼성쉐르빌(주상복합) | F59: 2006.09 | G59: 342 | H59: =2026-INT(F59)+1 | J59: 106 | K59: 84 | L59: 32 | M59: 계단식 | N59: 3 | O59: 2 | P59: 302 | V59: 11.4 | W59: 9
A60: 마장동 | B60: 5마장 | C60: 하 | D60: 549 | E60: 세림 | F60: 1986.12 | G60: 811 | H60: =2026-INT(F60)+1 | J60: 61 | K60: 40 | L60: 18 | M60: 복도식 | N60: 2 | O60: 1 | P60: 211 | V60: 8.85 | W60: 6.7
A61: 마장동 | B61: 5마장 | C61: 하 | D61: 549 | E61: 세림 | F61: 1986.12 | G61: 811 | H61: =2026-INT(F61)+1 | J61: 90 | K61: 72 | L61: 27 | M61: 계단식 | N61: 3 | O61: 1 | P61: 360 | V61: 10.9 | W61: 9
A62: 마장동 | B62: 5마장 | C62: 하 | D62: 549 | E62: 세림 | F62: 1986.12 | G62: 811 | H62: =2026-INT(F62)+1 | J62: 103 | K62: 84 | L62: 31 | M62: 계단식 | N62: 3 | O62: 1 | P62: 240 | V62: 13 | W62: 8.8
A63: 마장동 | B63: 5마장 | C63: 중 | D63: 9124 | E63: 왕십리금호어울림 | F63: 2006.09 | G63: 367 | H63: =2026-INT(F63)+1 | J63: 80 | K63: 59 | L63: 24 | M63: 계단식 | N63: 3 | O63: 1 | P63: 37 | W63: 8.5
A64: 마장동 | B64: 5마장 | C64: 중 | D64: 9124 | E64: 왕십리금호어울림 | F64: 2006.09 | G64: 367 | H64: =2026-INT(F64)+1 | J64: 96 | K64: 74 | L64: 29 | M64: 계단식 | N64: 3 | O64: 2 | P64: 24 | V64: 12.45
A65: 마장동 | B65: 5마장 | C65: 중 | D65: 9124 | E65: 왕십리금호어울림 | F65: 2006.09 | G65: 367 | H65: =2026-INT(F65)+1 | J65: 106 | K65: 83 | L65: 32 | M65: 계단식 | N65: 3 | O65: 2 | P65: 1
A66: 마장동 | B66: 5마장 | C66: 중 | D66: 9124 | E66: 왕십리금호어울림 | F66: 2006.09 | G66: 367 | H66: =2026-INT(F66)+1 | J66: 107 | K66: 84 | L66: 32 | M66: 계단식 | N66: 3 | O66: 2 | P66: 221 | V66: 13.7 | W66: 10
A67: 마장동 | B67: 5마장 | C67: 중 | D67: 9124 | E67: 왕십리금호어울림 | F67: 2006.09 | G67: 367 | H67: =2026-INT(F67)+1 | J67: 123 | K67: 101 | L67: 37 | M67: 계단식 | N67: 3 | O67: 2 | P67: 1
A68: 마장동 | B68: 5마장 | C68: 중 | D68: 9124 | E68: 왕십리금호어울림 | F68: 2006.09 | G68: 367 | H68: =2026-INT(F68)+1 | J68: 136 | K68: 114 | L68: 41 | M68: 계단식 | N68: 4 | O68: 2 | P68: 83 | W68: 13.5
A69: 마장동 | B69: 5마장 | C69: 중 | D69: 10898 | E69: 왕십리대성유니드 | F69: 2004.11 | G69: 248 | H69: =2026-INT(F69)+1 | J69: 77 | K69: 59 | L69: 23 | M69: 계단식 | N69: 3 | O69: 2 | P69: 100 | V69: 10.6 | W69: 6
A70: 마장동 | B70: 5마장 | C70: 중 | D70: 10898 | E70: 왕십리대성유니드 | F70: 2004.11 | G70: 248 | H70: =2026-INT(F70)+1 | J70: 104 | K70: 84 | L70: 31 | M70: 계단식 | N70: 3 | O70: 2 | P70: 104 | V70: 12.65 | W70: 9.75
A71: 마장동 | B71: 5마장 | C71: 중 | D71: 10898 | E71: 왕십리대성유니드 | F71: 2004.11 | G71: 248 | H71: =2026-INT(F71)+1 | J71: 134 | K71: 114 | L71: 41 | M71: 계단식 | N71: 4 | O71: 2 | P71: 44
A72: 마장동 | B72: 5마장 | C72: 중 | D72: 548 | E72: 왕십리삼성 | F72: 1996.12 | G72: 430 | H72: =2026-INT(F72)+1 | J72: 85 | K72: 59 | L72: 26 | M72: 복도식 | N72: 3 | O72: 1 | P72: 198 | V72: 10.5 | W72: 7.8
A73: 마장동 | B73: 5마장 | C73: 중 | D73: 548 | E73: 왕십리삼성 | F73: 1996.12 | G73: 430 | H73: =2026-INT(F73)+1 | J73: 110 | K73: 84 | L73: 33 | M73: 계단식 | N73: 3 | O73: 2 | P73: 162 | V73: 13 | W73: 10
A74: 마장동 | B74: 5마장 | C74: 중 | D74: 548 | E74: 왕십리삼성 | F74: 1996.12 | G74: 430 | H74: =2026-INT(F74)+1 | J74: 167 | K74: 134 | L74: 51 | M74: 계단식 | N74: 4 | O74: 2 | P74: 70 | V74: 13.3 | W74: 11.8
A75: 마장동 | B75: 5마장 | C75: 중 | D75: 8828 | E75: 청계미소지움 | F75: 2004.06 | G75: 286 | H75: =2026-INT(F75)+1 | J75: 76 | K75: 59 | L75: 23 | M75: 계단식 | N75: 3 | O75: 2 | P75: 74 | V75: 10.6 | W75: 6
A76: 마장동 | B76: 5마장 | C76: 중 | D76: 8828 | E76: 청계미소지움 | F76: 2004.06 | G76: 286 | H76: =2026-INT(F76)+1 | J76: 106 | K76: 84 | L76: 32 | M76: 계단식 | N76: 3 | O76: 2 | P76: 212 | V76: 12.55 | W76: 8.5
A77: 마장동 | B77: 5마장 | C77: 중 | D77: 877 | E77: 청계현대 | F77: 1998.04 | G77: 1017 | H77: =2026-INT(F77)+1 | J77: 81 | K77: 59 | L77: 25 | M77: 복도식 | N77: 3 | O77: 1 | P77: 474 | V77: 9.8 | W77: 6.7
A78: 마장동 | B78: 5마장 | C78: 중 | D78: 877 | E78: 청계현대 | F78: 1998.04 | G78: 1017 | H78: =2026-INT(F78)+1 | J78: 108 | K78: 84 | L78: 33 | M78: 계단식 | N78: 3 | O78: 2 | P78: 334 | V78: 12.95 | W78: 9.5
A79: 마장동 | B79: 5마장 | C79: 중 | D79: 877 | E79: 청계현대 | F79: 1998.04 | G79: 1017 | H79: =2026-INT(F79)+1 | J79: 162 | K79: 134 | L79: 49 | M79: 계단식 | N79: 4 | O79: 2 | P79: 165 | V79: 15.99 | W79: 11.97
A80: 마장동 | B80: 5마장 | C80: 중 | D80: 877 | E80: 청계현대 | F80: 1998.04 | G80: 1017 | H80: =2026-INT(F80)+1 | J80: 203 | K80: 164 | L80: 61 | M80: 계단식 | N80: 5 | O80: 2 | P80: 44 | V80: 14.99 | W80: 14.99
A81: 사근동 | B81: 5마장 | C81: 하 | D81: 1173 | E81: 하이츠 | F81: 1989.09 | G81: 270 | H81: =2026-INT(F81)+1 | J81: 90 | K81: 71 | L81: 27 | M81: 복도식 | N81: 3 | O81: 2 | P81: 270 | V81: 8.65 | W81: 6.65
A82: 상왕십리동 | B82: 3왕십리 | C82: 상 | D82: 104190 | E82: 텐즈힐2 | F82: 2014.06 | G82: 1148 | H82: =2026-INT(F82)+1 | J82: 80 | K82: 55 | L82: 24 | M82: 계단식 | N82: 2 | O82: 1 | P82: 27 | V82: 12 | W82: 9
A83: 상왕십리동 | B83: 3왕십리 | C83: 상 | D83: 104190 | E83: 텐즈힐2 | F83: 2014.06 | G83: 1148 | H83: =2026-INT(F83)+1 | J83: 86 | K83: 59 | L83: 26 | M83: 계단식 | N83: 3 | O83: 2 | P83: 121 | V83: 14 | W83: 10.5
... A86: 상왕십리동 | B86: 3왕십리 | C86: 상 | D86: 104190 | E86: 텐즈힐2 | F86: 2014.06 | G86: 1148 | H86: =2026-INT(F86)+1 | J86: 159 | K86: 127 | L86: 48 | M86: 계단식 | N86: 4 | O86: 2 | P86: 168 | V86: 21.5 | W86: 16
A87: 상왕십리동 | B87: 3왕십리 | C87: 상 | D87: 104190 | E87: 텐즈힐2 | F87: 2014.06 | G87: 1148 | H87: =2026-INT(F87)+1 | J87: 195 | K87: 157 | L87: 59 | M87: 계단식 | N87: 4 | O87: 3 | P87: 44 | W87: 19
A88: 성수동1가 | B88: 1성수 | C88: 중 | D88: 3418 | E88: 강변건영 | F88: 2002.02 | G88: 580 | H88: =2026-INT(F88)+1 | J88: 95 | K88: 73 | L88: 29 | M88: 계단식 | N88: 3 | O88: 2 | P88: 44 | V88: 19.95 | W88: 13.4
A89: 성수동1가 | B89: 1성수 | C89: 중 | D89: 3418 | E89: 강변건영 | F89: 2002.02 | G89: 580 | H89: =2026-INT(F89)+1 | J89: 109 | K89: 84 | L89: 33 | M89: 계단식 | N89: 3 | O89: 2 | P89: 536 | V89: 21.9 | W89: 16
A90: 성수동1가 | B90: 1성수 | C90: 최상 | D90: 27620 | E90: 갤러리아포레(주상복합) | F90: 2011.07 | G90: 230 | H90: =2026-INT(F90)+1 | J90: 231 | K90: 167 | L90: 70 | M90: 계단식 | N90: 3 | O90: 3 | P90: 4 | V90: 50
A91: 성수동1가 | B91: 1성수 | C91: 최상 | D91: 27620 | E91: 갤러리아포레(주상복합) | F91: 2011.07 | G91: 230 | H91: =2026-INT(F91)+1 | J91: 232 | K91: 170 | L91: 70 | M91: 계단식 | N91: 4 | O91: 3 | P91: 33 | V91: 41
A92: 성수동1가 | B92: 1성수 | C92: 최상 | D92: 27620 | E92: 갤러리아포레(주상복합) | F92: 2011.07 | G92: 230 | H92: =2026-INT(F92)+1 | J92: 232 | K92: 170 | L92: 70 | M92: 계단식 | N92: 3 | O92: 3 | P92: 4 | V92: 41
A93: 성수동1가 | B93: 1성수 | C93: 최상 | D93: 27620 | E93: 갤러리아포레(주상복합) | F93: 2011.07 | G93: 230 | H93: =2026-INT(F93)+1 | J93: 232 | K93: 171 | L93: 70 | M93: 계단식 | N93: 3 | O93: 3 | P93: 2 | V93: 41
A94: 성수동1가 | B94: 1성수 | C94: 최상 | D94: 27620 | E94: 갤러리아포레(주상복합) | F94: 2011.07 | G94: 230 | H94: =2026-INT(F94)+1 | J94: 233 | K94: 168 | L94: 70 | M94: 계단식 | N94: 3 | O94: 3 | P94: 32 | V94: 50
A95: 성수동1가 | B95: 1성수 | C95: 최상 | D95: 27620 | E95: 갤러리아포레(주상복합) | F95: 2011.07 | G95: 230 | H95: =2026-INT(F95)+1 | J95: 233 | K95: 169 | L95: 70 | M95: 계단식 | N95: 3 | O95: 3 | P95: 2 | V95: 50
A96: 성수동1가 | B96: 1성수 | C96: 최상 | D96: 27620 | E96: 갤러리아포레(주상복합) | F96: 2011.07 | G96: 230 | H96: =2026-INT(F96)+1 | J96: 266 | K96: 195 | L96: 80 | M96: 계단식 | N96: 3 | O96: 3 | P96: 32 | V96: 55
A97: 성수동1가 | B97: 1성수 | C97: 최상 | D97: 27620 | E97: 갤러리아포레(주상복합) | F97: 2011.07 | G97: 230 | H97: =2026-INT(F97)+1 | J97: 266 | K97: 194 | L97: 80 | M97: 계단식 | N97: 5 | O97: 3 | P97: 6 | V97: 55
A98: 성수동1가 | B98: 1성수 | C98: 최상 | D98: 27620 | E98: 갤러리아포레(주상복합) | F98: 2011.07 | G98: 230 | H98: =2026-INT(F98)+1 | J98: 297 | K98: 217 | L98: 90 | M98: 계단식 | N98: 4 | O98: 3 | P98: 35 | V98: 88 | W98: 88
A99: 성수동1가 | B99: 1성수 | C99: 최상 | D99: 27620 | E99: 갤러리아포레(주상복합) | F99: 2011.07 | G99: 230 | H99: =2026-INT(F99)+1 | J99: 297 | K99: 217 | L99: 90 | M99: 계단식 | N99: 5 | O99: 3 | P99: 6 | V99: 88 | W99: 88
A100: 성수동1가 | B100: 1성수 | C100: 최상 | D100: 27620 | E100: 갤러리아포레(주상복합) | F100: 2011.07 | G100: 230 | H100: =2026-INT(F100)+1 | J100: 297 | K100: 218 | L100: 90 | M100: 계단식 | N100: 5 | O100: 3 | P100: 4 | V100: 88 | W100: 88
A101: 성수동1가 | B101: 1성수 | C101: 최상 | D101: 27620 | E101: 갤러리아포레(주상복합) | F101: 2011.07 | G101: 230 | H101: =2026-INT(F101)+1 | J101: 298 | K101: 218 | L101: 90 | M101: 계단식 | N101: 3 | O101: 3 | P101: 30 | V101: 88 | W101: 88
A102: 성수동1가 | B102: 1성수 | C102: 최상 | D102: 27620 | E102: 갤러리아포레(주상복합) | F102: 2011.07 | G102: 230 | H102: =2026-INT(F102)+1 | J102: 329 | K102: 241 | L102: 100 | M102: 계단식 | N102: 4 | O102: 4 | P102: 34 | V102: 84.5 | W102: 78.5
